,1,2,3,4,5,6,7,8,9,10,11,12,13,14,15,16,17,18,19,20,21,22,23,24,25,26,27,28,29,30,31,32,33,34,35,36,37,38,39,40,41,42,43,44,45,46,47,48,49,50,51,52,53,54,55,56,57,58,59,60,61,62,63,64,65,66,67,68,69,70,71,72,73,74,75,76,77,78,79,80,81,82,83,84,85,86,87,88,89,90,91,92,93,94,95,96,97,98,99,100
22,5,5,5,5,6,6,6,6,6,7,7,7,7,8,8,8,8,8,9,9,9,9,11,11,11,11,11,12,12,12,12,13,13,13,13,13,14,14,14,14,15,15,15,15,15,16,16,16,16,17,17,17,17,17,18,18,18,18,18,19,19,19,19,20,20,20,20,20,22,22,22,22,23,23,23,23,23,24,24,24,24,25,25,25,25,25,26,26,26,26,27,27,27,27,27,28,28,28,28,29
23,5,5,5,5,6,6,6,6,7,7,7,7,7,8,8,8,8,9,9,9,9,11,11,11,11,11,12,12,12,12,13,13,13,13,14,14,14,14,14,15,15,15,15,16,16,16,16,17,17,17,17,17,18,18,18,18,19,19,19,19,20,20,20,20,20,22,22,22,22,23,23,23,23,24,24,24,24,24,25,25,25,25,26,26,26,26,27,27,27,27,27,28,28,28,28,29,29,29,29,30
24,5,5,5,5,6,6,6,6,7,7,7,7,8,8,8,8,9,9,9,9,11,11,11,11,12,12,12,12,12,13,13,13,13,14,14,14,14,15,15,15,15,16,16,16,16,17,17,17,17,18,18,18,18,18,19,19,19,19,20,20,20,20,22,22,22,22,23,23,23,23,24,24,24,24,25,25,25,25,25,26,26,26,26,27,27,27,27,28,28,28,28,29,29,29,29,30,30,30,30,31
25,5,5,5,6,6,6,6,7,7,7,7,8,8,8,8,9,9,9,9,11,11,11,11,12,12,12,12,13,13,13,13,14,14,14,14,15,15,15,15,16,16,16,16,17,17,17,17,18,18,18,18,19,19,19,19,20,20,20,20,22,22,22,22,23,23,23,23,24,24,24,24,25,25,25,25,26,26,26,26,27,27,27,27,28,28,28,28,29,29,29,29,30,30,30,30,31,31,31,31,33
26,5,5,5,6,6,6,6,7,7,7,7,8,8,8,8,9,9,9,9,11,11,11,11,12,12,12,13,13,13,13,14,14,14,14,15,15,15,15,16,16,16,16,17,17,17,17,18,18,18,19,19,19,19,20,20,20,20,22,22,22,22,23,23,23,23,24,24,24,24,25,25,25,25,26,26,26,27,27,27,27,28,28,28,28,29,29,29,29,30,30,30,30,31,31,31,31,33,33,33,34
27,5,5,5,6,6,6,6,7,7,7,7,8,8,8,9,9,9,9,11,11,11,11,12,12,12,13,13,13,13,14,14,14,14,15,15,15,15,16,16,16,17,17,17,17,18,18,18,18,19,19,19,20,20,20,20,22,22,22,22,23,23,23,24,24,24,24,25,25,25,25,26,26,26,26,27,27,27,28,28,28,28,29,29,29,29,30,30,30,31,31,31,31,33,33,33,33,34,34,34,35
28,5,5,5,6,6,6,6,7,7,7,8,8,8,8,9,9,9,11,11,11,11,12,12,12,13,13,13,13,14,14,14,14,15,15,15,16,16,16,16,17,17,17,18,18,18,18,19,19,19,20,20,20,20,22,22,22,22,23,23,23,24,24,24,24,25,25,25,26,26,26,26,27,27,27,28,28,28,28,29,29,29,29,30,30,30,31,31,31,31,33,33,33,34,34,34,34,35,35,35,36
29,5,5,5,6,6,6,7,7,7,7,8,8,8,9,9,9,9,11,11,11,12,12,12,12,13,13,13,14,14,14,14,15,15,15,16,16,16,17,17,17,17,18,18,18,19,19,19,19,20,20,20,22,22,22,22,23,23,23,24,24,24,24,25,25,25,26,26,26,27,27,27,27,28,28,28,29,29,29,29,30,30,30,31,31,31,31,33,33,33,34,34,34,34,35,35,35,36,36,36,37
30,5,5,5,6,6,6,7,7,7,8,8,8,8,9,9,9,11,11,11,12,12,12,12,13,13,13,14,14,14,15,15,15,15,16,16,16,17,17,17,18,18,18,18,19,19,19,20,20,20,22,22,22,22,23,23,23,24,24,24,25,25,25,25,26,26,26,27,27,27,28,28,28,28,29,29,29,30,30,30,31,31,31,31,33,33,33,34,34,34,35,35,35,35,36,36,36,37,37,37,38
31,5,5,5,6,6,6,7,7,7,8,8,8,9,9,9,9,11,11,11,12,12,12,13,13,13,14,14,14,14,15,15,15,16,16,16,17,17,17,18,18,18,19,19,19,19,20,20,20,22,22,22,23,23,23,24,24,24,24,25,25,25,26,26,26,27,27,27,28,28,28,29,29,29,29,30,30,30,31,31,31,33,33,33,34,34,34,34,35,35,35,36,36,36,37,37,37,38,38,38,39
32,5,5,5,6,6,6,7,7,7,8,8,8,9,9,9,11,11,11,12,12,12,13,13,13,14,14,14,14,15,15,15,16,16,16,17,17,17,18,18,18,19,19,19,20,20,20,22,22,22,23,23,23,23,24,24,24,25,25,25,26,26,26,27,27,27,28,28,28,29,29,29,30,30,30,31,31,31,31,33,33,33,34,34,34,35,35,35,36,36,36,37,37,37,38,38,38,39,39,39,40
33,5,5,5,6,6,6,7,7,7,8,8,8,9,9,9,11,11,11,12,12,12,13,13,13,14,14,14,15,15,15,16,16,16,17,17,17,18,18,18,19,19,19,20,20,20,22,22,22,23,23,23,24,24,24,25,25,25,26,26,26,27,27,27,28,28,28,29,29,29,30,30,30,31,31,31,33,33,33,34,34,34,35,35,35,36,36,36,37,37,37,38,38,38,39,39,39,40,40,40,41
34,5,5,6,6,6,7,7,7,8,8,8,9,9,9,11,11,11,12,12,12,13,13,13,14,14,14,15,15,15,16,16,16,17,17,17,18,18,18,19,19,19,20,20,20,22,22,22,23,23,24,24,24,25,25,25,26,26,26,27,27,27,28,28,28,29,29,29,30,30,30,31,31,31,33,33,33,34,34,34,35,35,35,36,36,36,37,37,37,38,38,38,39,39,39,40,40,40,41,41,42
35,5,5,6,6,6,7,7,7,8,8,8,9,9,9,11,11,11,12,12,13,13,13,14,14,14,15,15,15,16,16,16,17,17,17,18,18,18,19,19,20,20,20,22,22,22,23,23,23,24,24,24,25,25,25,26,26,26,27,27,28,28,28,29,29,29,30,30,30,31,31,31,33,33,33,34,34,34,35,35,36,36,36,37,37,37,38,38,38,39,39,39,40,40,40,41,41,41,42,42,44
36,5,5,6,6,6,7,7,7,8,8,8,9,9,11,11,11,12,12,12,13,13,13,14,14,15,15,15,16,16,16,17,17,17,18,18,18,19,19,20,20,20,22,22,22,23,23,23,24,24,25,25,25,26,26,26,27,27,27,28,28,28,29,29,30,30,30,31,31,31,33,33,33,34,34,35,35,35,36,36,36,37,37,37,38,38,38,39,39,40,40,40,41,41,41,42,42,42,44,44,45
37,5,5,6,6,6,7,7,7,8,8,9,9,9,11,11,11,12,12,13,13,13,14,14,14,15,15,15,16,16,17,17,17,18,18,18,19,19,20,20,20,22,22,22,23,23,24,24,24,25,25,25,26,26,26,27,27,28,28,28,29,29,29,30,30,31,31,31,33,33,33,34,34,35,35,35,36,36,36,37,37,37,38,38,39,39,39,40,40,40,41,41,42,42,42,44,44,44,45,45,46
38,5,5,6,6,6,7,7,8,8,8,9,9,9,11,11,12,12,12,13,13,13,14,14,15,15,15,16,16,17,17,17,18,18,18,19,19,20,20,20,22,22,22,23,23,24,24,24,25,25,26,26,26,27,27,27,28,28,29,29,29,30,30,30,31,31,33,33,33,34,34,34,35,35,36,36,36,37,37,38,38,38,39,39,39,40,40,41,41,41,42,42,42,44,44,45,45,45,46,46,47
39,5,5,6,6,6,7,7,8,8,8,9,9,11,11,11,12,12,13,13,13,14,14,14,15,15,16,16,16,17,17,18,18,18,19,19,20,20,20,22,22,22,23,23,24,24,24,25,25,26,26,26,27,27,28,28,28,29,29,30,30,30,31,31,31,33,33,34,34,34,35,35,36,36,36,37,37,38,38,38,39,39,39,40,40,41,41,41,42,42,44,44,44,45,45,46,46,46,47,47,48
40,5,5,6,6,7,7,7,8,8,9,9,9,11,11,12,12,12,13,13,14,14,14,15,15,16,16,16,17,17,18,18,18,19,19,20,20,20,22,22,23,23,23,24,24,25,25,25,26,26,27,27,27,28,28,29,29,29,30,30,31,31,31,33,33,34,34,34,35,35,36,36,36,37,37,38,38,38,39,39,40,40,40,41,41,42,42,42,44,44,45,45,45,46,46,47,47,47,48,48,49
41,5,5,6,6,7,7,7,8,8,9,9,9,11,11,12,12,12,13,13,14,14,15,15,15,16,16,17,17,17,18,18,19,19,19,20,20,22,22,22,23,23,24,24,25,25,25,26,26,27,27,27,28,28,29,29,29,30,30,31,31,33,33,33,34,34,35,35,35,36,36,37,37,37,38,38,39,39,39,40,40,41,41,42,42,42,44,44,45,45,45,46,46,47,47,47,48,48,49,49,50
42,5,5,6,6,7,7,7,8,8,9,9,11,11,11,12,12,13,13,13,14,14,15,15,16,16,16,17,17,18,18,19,19,19,20,20,22,22,22,23,23,24,24,25,25,25,26,26,27,27,28,28,28,29,29,30,30,30,31,31,33,33,34,34,34,35,35,36,36,36,37,37,38,38,39,39,39,40,40,41,41,42,42,42,44,44,45,45,45,46,46,47,47,48,48,48,49,49,50,50,51
43,5,5,6,6,7,7,8,8,8,9,9,11,11,12,12,12,13,13,14,14,15,15,15,16,16,17,17,18,18,18,19,19,20,20,22,22,22,23,23,24,24,25,25,25,26,26,27,27,28,28,28,29,29,30,30,31,31,31,33,33,34,34,35,35,35,36,36,37,37,38,38,38,39,39,40,40,41,41,41,42,42,44,44,45,45,45,46,46,47,47,48,48,48,49,49,50,50,51,51,52
44,5,5,6,6,7,7,8,8,8,9,9,11,11,12,12,13,13,13,14,14,15,15,16,16,17,17,17,18,18,19,19,20,20,20,22,22,23,23,24,24,25,25,25,26,26,27,27,28,28,29,29,29,30,30,31,31,33,33,33,34,34,35,35,36,36,37,37,37,38,38,39,39,40,40,41,41,41,42,42,44,44,45,45,45,46,46,47,47,48,48,49,49,49,50,50,51,51,52,52,53
45,5,5,6,6,7,7,8,8,9,9,9,11,11,12,12,13,13,14,14,15,15,15,16,16,17,17,18,18,19,19,19,20,20,22,22,23,23,24,24,25,25,25,26,26,27,27,28,28,29,29,29,30,30,31,31,33,33,34,34,35,35,35,36,36,37,37,38,38,39,39,39,40,40,41,41,42,42,44,44,45,45,45,46,46,47,47,48,48,49,49,49,50,50,51,51,52,52,53,53,55
46,5,5,6,6,7,7,8,8,9,9,11,11,11,12,12,13,13,14,14,15,15,16,16,17,17,17,18,18,19,19,20,20,22,22,23,23,24,24,24,25,25,26,26,27,27,28,28,29,29,30,30,30,31,31,33,33,34,34,35,35,36,36,36,37,37,38,38,39,39,40,40,41,41,42,42,42,44,44,45,45,46,46,47,47,48,48,49,49,49,50,50,51,51,52,52,53,53,55,55,56
47,5,5,6,6,7,7,8,8,9,9,11,11,12,12,13,13,13,14,14,15,15,16,16,17,17,18,18,19,19,20,20,22,22,22,23,23,24,24,25,25,26,26,27,27,28,28,29,29,30,30,30,31,31,33,33,34,34,35,35,36,36,37,37,38,38,39,39,39,40,40,41,41,42,42,44,44,45,45,46,46,47,47,48,48,48,49,49,50,50,51,51,52,52,53,53,55,55,56,56,57
48,5,5,6,6,7,7,8,8,9,9,11,11,12,12,13,13,14,14,15,15,16,16,17,17,18,18,18,19,19,20,20,22,22,23,23,24,24,25,25,26,26,27,27,28,28,29,29,30,30,31,31,31,33,33,34,34,35,35,36,36,37,37,38,38,39,39,40,40,41,41,42,42,44,44,45,45,45,46,46,47,47,48,48,49,49,50,50,51,51,52,52,53,53,55,55,56,56,57,57,58
49,5,5,6,6,7,7,8,8,9,9,11,11,12,12,13,13,14,14,15,15,16,16,17,17,18,18,19,19,20,20,22,22,23,23,24,24,25,25,26,26,27,27,28,28,29,29,30,30,31,31,31,33,33,34,34,35,35,36,36,37,37,38,38,39,39,40,40,41,41,42,42,44,44,45,45,46,46,47,47,48,48,49,49,50,50,51,51,52,52,53,53,55,55,56,56,57,57,58,58,59
50,5,6,6,7,7,8,8,9,9,11,11,12,12,13,13,14,14,15,15,16,16,17,17,18,18,19,19,20,20,22,22,23,23,24,24,25,25,26,26,27,27,28,28,29,29,30,30,31,31,33,33,34,34,35,35,36,36,37,37,38,38,39,39,40,40,41,41,42,42,44,44,45,45,46,46,47,47,48,48,49,49,50,50,51,51,52,52,53,53,55,55,56,56,57,57,58,58,59,59,60
51,5,6,6,7,7,8,8,9,9,11,11,12,12,13,13,14,14,15,15,16,16,17,17,18,18,19,19,20,20,22,22,23,23,24,24,25,25,26,26,27,27,28,28,29,29,30,30,31,31,33,34,34,35,35,36,36,37,37,38,38,39,39,40,40,41,41,42,42,44,44,45,45,46,46,47,47,48,48,49,49,50,50,51,51,52,52,53,53,55,55,56,56,57,57,58,58,59,59,60,61
52,5,6,6,7,7,8,8,9,9,11,11,12,12,13,13,14,14,15,15,16,16,17,17,18,19,19,20,20,22,22,23,23,24,24,25,25,26,26,27,27,28,28,29,29,30,30,31,31,33,34,34,35,35,36,36,37,37,38,38,39,39,40,40,41,41,42,42,44,44,45,45,46,46,47,48,48,49,49,50,50,51,51,52,52,53,53,55,55,56,56,57,57,58,58,59,59,60,60,61,62
53,5,6,6,7,7,8,8,9,9,11,11,12,12,13,13,14,15,15,16,16,17,17,18,18,19,19,20,20,22,22,23,23,24,25,25,26,26,27,27,28,28,29,29,30,30,31,31,33,33,34,35,35,36,36,37,37,38,38,39,39,40,40,41,41,42,42,44,45,45,46,46,47,47,48,48,49,49,50,50,51,51,52,52,53,55,55,56,56,57,57,58,58,59,59,60,60,61,61,62,63
54,5,6,6,7,7,8,8,9,9,11,11,12,13,13,14,14,15,15,16,16,17,17,18,18,19,20,20,22,22,23,23,24,24,25,25,26,26,27,28,28,29,29,30,30,31,31,33,33,34,35,35,36,36,37,37,38,38,39,39,40,40,41,42,42,44,44,45,45,46,46,47,47,48,48,49,50,50,51,51,52,52,53,53,55,55,56,56,57,58,58,59,59,60,60,61,61,62,62,63,64
55,5,6,6,7,7,8,8,9,9,11,12,12,13,13,14,14,15,15,16,17,17,18,18,19,19,20,20,22,22,23,24,24,25,25,26,26,27,27,28,29,29,30,30,31,31,33,33,34,34,35,36,36,37,37,38,38,39,39,40,41,41,42,42,44,44,45,45,46,46,47,48,48,49,49,50,50,51,51,52,53,53,55,55,56,56,57,57,58,58,59,60,60,61,61,62,62,63,63,64,66
56,5,6,6,7,7,8,8,9,11,11,12,12,13,13,14,14,15,16,16,17,17,18,18,19,20,20,22,22,23,23,24,24,25,26,26,27,27,28,28,29,29,30,31,31,33,33,34,34,35,36,36,37,37,38,38,39,39,40,41,41,42,42,44,44,45,45,46,47,47,48,48,49,49,50,51,51,52,52,53,53,55,55,56,57,57,58,58,59,59,60,60,61,62,62,63,63,64,64,66,67
57,5,6,6,7,7,8,8,9,11,11,12,12,13,13,14,15,15,16,16,17,17,18,19,19,20,20,22,22,23,24,24,25,25,26,26,27,28,28,29,29,30,30,31,33,33,34,34,35,35,36,37,37,38,38,39,39,40,41,41,42,42,44,44,45,46,46,47,47,48,48,49,50,50,51,51,52,52,53,55,55,56,56,57,57,58,59,59,60,60,61,61,62,63,63,64,64,66,66,67,68
58,5,6,6,7,7,8,9,9,11,11,12,12,13,14,14,15,15,16,17,17,18,18,19,19,20,22,22,23,23,24,24,25,26,26,27,27,28,29,29,30,30,31,31,33,34,34,35,35,36,37,37,38,38,39,39,40,41,41,42,42,44,44,45,46,46,47,47,48,49,49,50,50,51,51,52,53,53,55,55,56,56,57,58,58,59,59,60,61,61,62,62,63,63,64,66,66,67,67,68,69
59,5,6,6,7,7,8,9,9,11,11,12,13,13,14,14,15,16,16,17,17,18,18,19,20,20,22,22,23,24,24,25,25,26,27,27,28,28,29,30,30,31,31,33,33,34,35,35,36,36,37,38,38,39,39,40,41,41,42,42,44,44,45,46,46,47,47,48,49,49,50,50,51,52,52,53,53,55,56,56,57,57,58,58,59,60,60,61,61,62,63,63,64,64,66,67,67,68,68,69,70
60,5,6,6,7,8,8,9,9,11,12,12,13,13,14,15,15,16,16,17,18,18,19,19,20,22,22,23,23,24,25,25,26,26,27,28,28,29,29,30,31,31,33,33,34,35,35,36,36,37,38,38,39,39,40,41,41,42,42,44,45,45,46,46,47,48,48,49,49,50,51,51,52,52,53,55,55,56,56,57,58,58,59,59,60,61,61,62,62,63,64,64,66,66,67,68,68,69,69,70,71
61,5,6,6,7,8,8,9,9,11,12,12,13,13,14,15,15,16,16,17,18,18,19,20,20,22,22,23,24,24,25,25,26,27,27,28,28,29,30,30,31,33,33,34,34,35,36,36,37,37,38,39,39,40,40,41,42,42,44,44,45,46,46,47,48,48,49,49,50,51,51,52,52,53,55,55,56,56,57,58,58,59,60,60,61,61,62,63,63,64,64,66,67,67,68,68,69,70,70,71,72
62,5,6,6,7,8,8,9,9,11,12,12,13,14,14,15,15,16,17,17,18,19,19,20,20,22,23,23,24,24,25,26,26,27,28,28,29,29,30,31,31,33,34,34,35,35,36,37,37,38,39,39,40,40,41,42,42,44,44,45,46,46,47,48,48,49,49,50,51,51,52,53,53,55,55,56,57,57,58,58,59,60,60,61,62,62,63,63,64,66,66,67,68,68,69,69,70,71,71,72,73
63,5,6,6,7,8,8,9,11,11,12,12,13,14,14,15,16,16,17,17,18,19,19,20,22,22,23,24,24,25,25,26,27,27,28,29,29,30,30,31,33,33,34,35,35,36,36,37,38,38,39,40,40,41,42,42,44,44,45,46,46,47,48,48,49,49,50,51,51,52,53,53,55,55,56,57,57,58,59,59,60,61,61,62,62,63,64,64,66,67,67,68,68,69,70,70,71,72,72,73,74
64,5,6,6,7,8,8,9,11,11,12,13,13,14,14,15,16,16,17,18,18,19,20,20,22,23,23,24,24,25,26,26,27,28,28,29,30,30,31,31,33,34,34,35,36,36,37,38,38,39,40,40,41,41,42,44,44,45,46,46,47,48,48,49,49,50,51,51,52,53,53,55,56,56,57,58,58,59,59,60,61,61,62,63,63,64,66,66,67,67,68,69,69,70,71,71,72,73,73,74,75
65,5,6,6,7,8,8,9,11,11,12,13,13,14,15,15,16,17,17,18,19,19,20,20,22,23,23,24,25,25,26,27,27,28,29,29,30,31,31,33,34,34,35,35,36,37,37,38,39,39,40,41,41,42,44,44,45,46,46,47,48,48,49,49,50,51,51,52,53,53,55,56,56,57,58,58,59,60,60,61,62,62,63,63,64,66,66,67,68,68,69,70,70,71,72,72,73,74,74,75,77
66,5,6,6,7,8,8,9,11,11,12,13,13,14,15,15,16,17,17,18,19,19,20,22,22,23,24,24,25,26,26,27,28,28,29,30,30,31,33,33,34,35,35,36,37,37,38,39,39,40,41,41,42,42,44,45,45,46,47,47,48,49,49,50,51,51,52,53,53,55,56,56,57,58,58,59,60,60,61,62,62,63,64,64,66,67,67,68,69,69,70,71,71,72,73,73,74,75,75,77,78
67,5,6,7,7,8,9,9,11,12,12,13,14,14,15,16,16,17,18,18,19,20,20,22,23,23,24,25,25,26,27,27,28,29,29,30,31,31,33,34,34,35,36,36,37,38,38,39,40,40,41,42,42,44,45,45,46,47,47,48,49,49,50,51,51,52,53,53,55,56,56,57,58,58,59,60,60,61,62,62,63,64,64,66,67,67,68,69,69,70,71,71,72,73,73,74,75,75,77,78,79
68,5,6,7,7,8,9,9,11,12,12,13,14,14,15,16,16,17,18,18,19,20,20,22,23,24,24,25,26,26,27,28,28,29,30,30,31,33,33,34,35,35,36,37,37,38,39,39,40,41,42,42,44,45,45,46,47,47,48,49,49,50,51,51,52,53,53,55,56,56,57,58,58,59,60,61,61,62,63,63,64,66,66,67,68,68,69,70,70,71,72,72,73,74,74,75,77,77,78,79,80
69,5,6,7,7,8,9,9,11,12,12,13,14,14,15,16,17,17,18,19,19,20,22,22,23,24,24,25,26,27,27,28,29,29,30,31,31,33,34,34,35,36,36,37,38,39,39,40,41,41,42,44,44,45,46,46,47,48,49,49,50,51,51,52,53,53,55,56,56,57,58,58,59,60,61,61,62,63,63,64,66,66,67,68,68,69,70,71,71,72,73,73,74,75,75,77,78,78,79,80,81
70,5,6,7,7,8,9,9,11,12,13,13,14,15,15,16,17,17,18,19,20,20,22,23,23,24,25,25,26,27,28,28,29,30,30,31,33,33,34,35,36,36,37,38,38,39,40,40,41,42,44,44,45,46,46,47,48,48,49,50,51,51,52,53,53,55,56,56,57,58,59,59,60,61,61,62,63,63,64,66,67,67,68,69,69,70,71,71,72,73,74,74,75,77,77,78,79,79,80,81,82
71,5,6,7,7,8,9,9,11,12,13,13,14,15,15,16,17,18,18,19,20,20,22,23,24,24,25,26,26,27,28,29,29,30,31,31,33,34,34,35,36,37,37,38,39,39,40,41,42,42,44,45,45,46,47,48,48,49,50,50,51,52,53,53,55,56,56,57,58,58,59,60,61,61,62,63,63,64,66,67,67,68,69,69,70,71,72,72,73,74,74,75,77,78,78,79,80,80,81,82,83
72,5,6,7,7,8,9,11,11,12,13,13,14,15,16,16,17,18,18,19,20,22,22,23,24,25,25,26,27,27,28,29,30,30,31,33,33,34,35,36,36,37,38,38,39,40,41,41,42,44,45,45,46,47,47,48,49,50,50,51,52,52,53,55,56,56,57,58,58,59,60,61,61,62,63,64,64,66,67,67,68,69,70,70,71,72,72,73,74,75,75,77,78,78,79,80,81,81,82,83,84
73,5,6,7,7,8,9,11,11,12,13,14,14,15,16,16,17,18,19,19,20,22,23,23,24,25,25,26,27,28,28,29,30,31,31,33,34,35,35,36,37,37,38,39,40,40,41,42,44,44,45,46,46,47,48,49,49,50,51,52,52,53,55,55,56,57,58,58,59,60,61,61,62,63,64,64,66,67,67,68,69,70,70,71,72,73,73,74,75,75,77,78,79,79,80,81,82,82,83,84,85
74,5,6,7,7,8,9,11,11,12,13,14,14,15,16,17,17,18,19,20,20,22,23,24,24,25,26,26,27,28,29,29,30,31,33,33,34,35,36,36,37,38,39,39,40,41,42,42,44,45,46,46,47,48,48,49,50,51,51,52,53,55,55,56,57,58,58,59,60,61,61,62,63,64,64,66,67,67,68,69,70,70,71,72,73,73,74,75,77,77,78,79,80,80,81,82,83,83,84,85,86
75,5,6,7,8,8,9,11,12,12,13,14,15,15,16,17,18,18,19,20,22,22,23,24,25,25,26,27,28,28,29,30,31,31,33,34,35,35,36,37,38,38,39,40,41,41,42,44,45,45,46,47,48,48,49,50,51,51,52,53,55,55,56,57,58,58,59,60,61,61,62,63,64,64,66,67,68,68,69,70,71,71,72,73,74,74,75,77,78,78,79,80,81,81,82,83,84,84,85,86,88
76,5,6,7,8,8,9,11,12,12,13,14,15,15,16,17,18,18,19,20,22,22,23,24,25,26,26,27,28,29,29,30,31,33,33,34,35,36,36,37,38,39,39,40,41,42,42,44,45,46,47,47,48,49,50,50,51,52,53,53,55,56,57,57,58,59,60,60,61,62,63,63,64,66,67,68,68,69,70,71,71,72,73,74,74,75,77,78,78,79,80,81,81,82,83,84,84,85,86,88,89
77,5,6,7,8,8,9,11,12,12,13,14,15,16,16,17,18,19,19,20,22,23,23,24,25,26,27,27,28,29,30,30,31,33,34,34,35,36,37,38,38,39,40,41,41,42,44,45,45,46,47,48,49,49,50,51,52,52,53,55,56,56,57,58,59,60,60,61,62,63,63,64,66,67,67,68,69,70,71,71,72,73,74,74,75,77,78,78,79,80,81,82,82,83,84,85,85,86,88,89,90
78,5,6,7,8,8,9,11,12,13,13,14,15,16,16,17,18,19,20,20,22,23,24,24,25,26,27,28,28,29,30,31,31,33,34,35,36,36,37,38,39,39,40,41,42,44,44,45,46,47,48,48,49,50,51,51,52,53,55,56,56,57,58,59,59,60,61,62,63,63,64,66,67,67,68,69,70,71,71,72,73,74,74,75,77,78,79,79,80,81,82,82,83,84,85,86,86,88,89,90,91
79,5,6,7,8,8,9,11,12,13,13,14,15,16,17,17,18,19,20,22,22,23,24,25,25,26,27,28,29,29,30,31,33,34,34,35,36,37,38,38,39,40,41,41,42,44,45,46,46,47,48,49,50,50,51,52,53,55,55,56,57,58,58,59,60,61,62,62,63,64,66,67,67,68,69,70,71,71,72,73,74,74,75,77,78,79,79,80,81,82,83,83,84,85,86,88,88,89,90,91,92
80,5,6,7,8,9,9,11,12,13,14,14,15,16,17,18,18,19,20,22,23,23,24,25,26,27,27,28,29,30,31,31,33,34,35,36,36,37,38,39,40,40,41,42,44,45,45,46,47,48,49,49,50,51,52,53,53,55,56,57,58,58,59,60,61,62,62,63,64,66,67,67,68,69,70,71,71,72,73,74,75,75,77,78,79,80,80,81,82,83,84,84,85,86,88,89,89,90,91,92,93
81,5,6,7,8,9,9,11,12,13,14,14,15,16,17,18,18,19,20,22,23,24,24,25,26,27,28,28,29,30,31,33,33,34,35,36,37,37,38,39,40,41,42,42,44,45,46,47,47,48,49,50,51,51,52,53,55,56,56,57,58,59,60,61,61,62,63,64,66,66,67,68,69,70,70,71,72,73,74,74,75,77,78,79,80,80,81,82,83,84,84,85,86,88,89,89,90,91,92,93,94
82,5,6,7,8,9,9,11,12,13,14,15,15,16,17,18,19,19,20,22,23,24,25,25,26,27,28,29,29,30,31,33,34,35,35,36,37,38,39,39,40,41,42,44,45,45,46,47,48,49,50,50,51,52,53,55,55,56,57,58,59,60,60,61,62,63,64,64,66,67,68,69,70,70,71,72,73,74,74,75,77,78,79,80,80,81,82,83,84,84,85,86,88,89,90,90,91,92,93,94,95
83,5,6,7,8,9,9,11,12,13,14,15,15,16,17,18,19,20,20,22,23,24,25,26,26,27,28,29,30,31,31,33,34,35,36,37,37,38,39,40,41,42,42,44,45,46,47,48,48,49,50,51,52,52,53,55,56,57,58,58,59,60,61,62,63,63,64,66,67,68,69,69,70,71,72,73,74,74,75,77,78,79,80,80,81,82,83,84,85,85,86,88,89,90,91,91,92,93,94,95,96
84,5,6,7,8,9,11,11,12,13,14,15,16,16,17,18,19,20,22,22,23,24,25,26,27,28,28,29,30,31,33,34,34,35,36,37,38,39,39,40,41,42,44,45,45,46,47,48,49,50,51,51,52,53,55,56,57,57,58,59,60,61,62,62,63,64,66,67,68,68,69,70,71,72,73,74,74,75,77,78,79,80,80,81,82,83,84,85,85,86,88,89,90,91,91,92,93,94,95,96,97
85,5,6,7,8,9,11,11,12,13,14,15,16,17,17,18,19,20,22,23,24,24,25,26,27,28,29,29,30,31,33,34,35,36,36,37,38,39,40,41,42,42,44,45,46,47,48,48,49,50,51,52,53,55,55,56,57,58,59,60,61,61,62,63,64,66,67,67,68,69,70,71,72,73,73,74,75,77,78,79,80,80,81,82,83,84,85,85,86,88,89,90,91,92,92,93,94,95,96,97,99
86,5,6,7,8,9,11,12,12,13,14,15,16,17,18,18,19,20,22,23,24,25,25,26,27,28,29,30,31,31,33,34,35,36,37,38,38,39,40,41,42,44,45,45,46,47,48,49,50,51,52,52,53,55,56,57,58,59,59,60,61,62,63,64,66,66,67,68,69,70,71,72,72,73,74,75,77,78,79,79,80,81,82,83,84,85,85,86,88,89,90,91,92,92,93,94,95,96,97,99,100
87,5,6,7,8,9,11,12,12,13,14,15,16,17,18,19,19,20,22,23,24,25,26,27,27,28,29,30,31,33,34,34,35,36,37,38,39,40,41,41,42,44,45,46,47,48,49,49,50,51,52,53,55,56,56,57,58,59,60,61,62,63,63,64,66,67,68,69,70,71,71,72,73,74,75,77,78,78,79,80,81,82,83,84,85,85,86,88,89,90,91,92,93,93,94,95,96,97,99,100,101
88,5,6,7,8,9,11,12,13,13,14,15,16,17,18,19,20,20,22,23,24,25,26,27,28,29,29,30,31,33,34,35,36,37,37,38,39,40,41,42,44,45,45,46,47,48,49,50,51,52,53,53,55,56,57,58,59,60,61,61,62,63,64,66,67,68,69,69,70,71,72,73,74,75,77,78,78,79,80,81,82,83,84,85,85,86,88,89,90,91,92,93,93,94,95,96,97,99,100,101,102
89,5,6,7,8,9,11,12,13,14,14,15,16,17,18,19,20,22,23,23,24,25,26,27,28,29,30,31,31,33,34,35,36,37,38,39,40,40,41,42,44,45,46,47,48,49,49,50,51,52,53,55,56,57,58,58,59,60,61,62,63,64,66,67,67,68,69,70,71,72,73,74,75,75,77,78,79,80,81,82,83,84,84,85,86,88,89,90,91,92,93,93,94,95,96,97,99,100,101,102,103
90,5,6,7,8,9,11,12,13,14,15,15,16,17,18,19,20,22,23,24,25,25,26,27,28,29,30,31,33,34,35,35,36,37,38,39,40,41,42,44,45,45,46,47,48,49,50,51,52,53,55,55,56,57,58,59,60,61,62,63,64,64,66,67,68,69,70,71,72,73,74,74,75,77,78,79,80,81,82,83,84,84,85,86,88,89,90,91,92,93,94,94,95,96,97,99,100,101,102,103,104
91,5,6,7,8,9,11,12,13,14,15,16,16,17,18,19,20,22,23,24,25,26,27,27,28,29,30,31,33,34,35,36,37,38,38,39,40,41,42,44,45,46,47,48,49,49,50,51,52,53,55,56,57,58,59,60,60,61,62,63,64,66,67,68,69,70,71,71,72,73,74,75,77,78,79,80,81,82,82,83,84,85,86,88,89,90,91,92,93,93,94,95,96,97,99,100,101,102,103,104,105
92,5,6,7,8,9,11,12,13,14,15,16,17,17,18,19,20,22,23,24,25,26,27,28,29,30,30,31,33,34,35,36,37,38,39,40,41,42,42,44,45,46,47,48,49,50,51,52,53,55,56,56,57,58,59,60,61,62,63,64,66,67,68,68,69,70,71,72,73,74,75,77,78,79,80,81,81,82,83,84,85,86,88,89,90,91,92,93,93,94,95,96,97,99,100,101,102,103,104,105,106
93,5,6,7,8,9,11,12,13,14,15,16,17,18,19,19,20,22,23,24,25,26,27,28,29,30,31,33,34,34,35,36,37,38,39,40,41,42,44,45,46,47,48,48,49,50,51,52,53,55,56,57,58,59,60,61,62,63,63,64,66,67,68,69,70,71,72,73,74,75,77,78,78,79,80,81,82,83,84,85,86,88,89,90,91,92,92,93,94,95,96,97,99,100,101,102,103,104,105,106,107
94,5,6,7,8,9,11,12,13,14,15,16,17,18,19,20,22,22,23,24,25,26,27,28,29,30,31,33,34,35,36,37,38,39,39,40,41,42,44,45,46,47,48,49,50,51,52,53,55,56,57,57,58,59,60,61,62,63,64,66,67,68,69,70,71,72,73,73,74,75,77,78,79,80,81,82,83,84,85,86,88,89,90,91,91,92,93,94,95,96,97,99,100,101,102,103,104,105,106,107,108
95,5,6,7,8,9,11,12,13,14,15,16,17,18,19,20,22,23,24,25,26,26,27,28,29,30,31,33,34,35,36,37,38,39,40,41,42,44,45,46,47,47,48,49,50,51,52,53,55,56,57,58,59,60,61,62,63,64,66,67,68,68,69,70,71,72,73,74,75,77,78,79,80,81,82,83,84,85,86,88,89,89,90,91,92,93,94,95,96,97,99,100,101,102,103,104,105,106,107,108,110
96,5,6,7,8,9,11,12,13,14,15,16,17,18,19,20,22,23,24,25,26,27,28,29,30,31,31,33,34,35,36,37,38,39,40,41,42,44,45,46,47,48,49,50,51,52,53,55,56,57,58,58,59,60,61,62,63,64,66,67,68,69,70,71,72,73,74,75,77,78,79,80,81,82,83,84,84,85,86,88,89,90,91,92,93,94,95,96,97,99,100,101,102,103,104,105,106,107,108,110,111
97,5,6,7,8,9,11,12,13,14,15,16,17,18,19,20,22,23,24,25,26,27,28,29,30,31,33,34,35,36,37,38,39,40,40,41,42,44,45,46,47,48,49,50,51,52,53,55,56,57,58,59,60,61,62,63,64,66,67,68,69,70,71,72,73,74,75,75,77,78,79,80,81,82,83,84,85,86,88,89,90,91,92,93,94,95,96,97,99,100,101,102,103,104,105,106,107,108,110,111,112
98,5,6,7,8,9,11,12,13,14,15,16,17,18,19,20,22,23,24,25,26,27,28,29,30,31,33,34,35,36,37,38,39,40,41,42,44,45,46,47,48,49,50,51,52,53,55,56,57,58,59,59,60,61,62,63,64,66,67,68,69,70,71,72,73,74,75,77,78,79,80,81,82,83,84,85,86,88,89,90,91,92,93,94,95,96,97,99,100,101,102,103,104,105,106,107,108,110,111,112,113
99,5,6,7,8,9,11,12,13,14,15,16,17,18,19,20,22,23,24,25,26,27,28,29,30,31,33,34,35,36,37,38,39,40,41,42,44,45,46,47,48,49,50,51,52,53,55,56,57,58,59,60,61,62,63,64,66,67,68,69,70,71,72,73,74,75,77,78,79,80,81,82,83,84,85,86,88,89,90,91,92,93,94,95,96,97,99,100,101,102,103,104,105,106,107,108,110,111,112,113,114
100,6,7,8,9,11,12,13,14,15,16,17,18,19,20,22,23,24,25,26,27,28,29,30,31,33,34,35,36,37,38,39,40,41,42,44,45,46,47,48,49,50,51,52,53,55,56,57,58,59,60,61,62,63,64,66,67,68,69,70,71,72,73,74,75,77,78,79,80,81,82,83,84,85,86,88,89,90,91,92,93,94,95,96,97,99,100,101,102,103,104,105,106,107,108,110,111,112,113,114,115
101,6,7,8,9,11,12,13,14,15,16,17,18,19,20,22,23,24,25,26,27,28,29,30,31,33,34,35,36,37,38,39,40,41,42,44,45,46,47,48,49,50,51,52,53,55,56,57,58,59,60,61,62,63,64,66,67,68,69,70,71,72,73,74,75,77,78,79,80,81,82,83,84,85,86,88,89,90,91,92,93,94,95,96,97,99,100,101,102,103,104,105,106,107,108,110,111,112,113,114,116
102,6,7,8,9,11,12,13,14,15,16,17,18,19,20,22,23,24,25,26,27,28,29,30,31,33,34,35,36,37,38,39,40,41,42,44,45,46,47,48,49,50,51,52,53,55,56,57,58,59,61,62,63,64,66,67,68,69,70,71,72,73,74,75,77,78,79,80,81,82,83,84,85,86,88,89,90,91,92,93,94,95,96,97,99,100,101,102,103,104,105,106,107,108,110,111,112,113,114,115,117
103,6,7,8,9,11,12,13,14,15,16,17,18,19,20,22,23,24,25,26,27,28,29,30,31,33,34,35,36,37,38,39,40,41,44,45,46,47,48,49,50,51,52,53,55,56,57,58,59,60,61,62,63,64,66,67,68,69,70,71,72,73,74,75,77,78,79,81,82,83,84,85,86,88,89,90,91,92,93,94,95,96,97,99,100,101,102,103,104,105,106,107,108,110,111,112,113,114,115,116,118
104,6,7,8,9,11,12,13,14,15,16,17,18,19,20,22,23,24,25,26,27,28,29,30,31,34,35,36,37,38,39,40,41,42,44,45,46,47,48,49,50,51,52,53,55,56,57,58,59,60,62,63,64,66,67,68,69,70,71,72,73,74,75,77,78,79,80,81,82,83,84,85,86,88,89,91,92,93,94,95,96,97,99,100,101,102,103,104,105,106,107,108,110,111,112,113,114,115,116,117,119
105,6,7,8,9,11,12,13,14,15,16,17,18,19,20,22,23,24,25,26,28,29,30,31,33,34,35,36,37,38,39,40,41,42,44,45,46,47,48,49,51,52,53,55,56,57,58,59,60,61,62,63,64,66,67,68,69,70,71,72,74,75,77,78,79,80,81,82,83,84,85,86,88,89,90,91,92,93,94,95,97,99,100,101,102,103,104,105,106,107,108,110,111,112,113,114,115,116,117,118,121
106,6,7,8,9,11,12,13,14,15,16,17,18,19,20,22,23,25,26,27,28,29,30,31,33,34,35,36,37,38,39,40,41,42,45,46,47,48,49,50,51,52,53,55,56,57,58,59,60,61,63,64,66,67,68,69,70,71,72,73,74,75,77,78,79,80,81,83,84,85,86,88,89,90,91,92,93,94,95,96,97,99,100,101,103,104,105,106,107,108,110,111,112,113,114,115,116,117,118,119,122
107,6,7,8,9,11,12,13,14,15,16,17,18,19,20,23,24,25,26,27,28,29,30,31,33,34,35,36,37,39,40,41,42,44,45,46,47,48,49,50,51,52,53,56,57,58,59,60,61,62,63,64,66,67,68,69,70,71,73,74,75,77,78,79,80,81,82,83,84,85,86,88,90,91,92,93,94,95,96,97,99,100,101,102,103,104,106,107,108,110,111,112,113,114,115,116,117,118,119,121,123
108,6,7,8,9,11,12,13,14,15,16,17,18,20,22,23,24,25,26,27,28,29,30,31,33,35,36,37,38,39,40,41,42,44,45,46,47,48,50,51,52,53,55,56,57,58,59,60,61,62,64,66,67,68,69,70,71,72,73,74,75,77,78,80,81,82,83,84,85,86,88,89,90,91,92,94,95,96,97,99,100,101,102,103,104,105,106,107,110,111,112,113,114,115,116,117,118,119,121,122,124
109,6,7,8,9,11,12,13,14,15,16,17,19,20,22,23,24,25,26,27,28,29,30,33,34,35,36,37,38,39,40,41,42,44,46,47,48,49,50,51,52,53,55,56,57,59,60,61,62,63,64,66,67,68,69,70,72,73,74,75,77,78,79,80,81,82,83,85,86,88,89,90,91,92,93,94,95,96,99,100,101,102,103,104,105,106,107,108,110,112,113,114,115,116,117,118,119,121,122,123,125
110,6,7,8,9,11,12,13,14,15,17,18,19,20,22,23,24,25,26,27,29,30,31,33,34,35,36,37,38,39,41,42,44,45,46,47,48,49,50,51,53,55,56,57,58,59,60,61,62,63,66,67,68,69,70,71,72,73,74,75,78,79,80,81,82,83,84,85,86,88,90,91,92,93,94,95,96,97,99,100,102,103,104,105,106,107,108,110,111,112,114,115,116,117,118,119,121,122,123,124,126
111,6,7,8,9,11,12,13,14,15,17,18,19,20,22,23,24,25,26,28,29,30,31,33,34,35,36,37,39,40,41,42,44,45,46,47,48,50,51,52,53,55,56,57,58,59,61,62,63,64,66,67,68,69,70,72,73,74,75,77,78,79,80,81,83,84,85,86,88,89,90,91,92,94,95,96,97,99,100,101,102,103,105,106,107,108,110,111,112,113,114,116,117,118,119,121,122,123,124,125,127
112,6,7,8,9,11,12,13,14,16,17,18,19,20,22,23,24,26,27,28,29,30,31,33,34,36,37,38,39,40,41,42,44,45,47,48,49,50,51,52,53,55,57,58,59,60,61,62,63,64,67,68,69,70,71,72,73,74,75,78,79,80,81,82,83,84,85,88,89,90,91,92,93,94,95,97,99,100,101,102,103,104,105,106,108,110,111,112,113,114,115,116,118,119,121,122,123,124,125,126,128
113,6,7,8,9,11,12,13,15,16,17,18,19,20,22,23,25,26,27,28,29,30,31,33,35,36,37,38,39,40,41,44,45,46,47,48,49,50,51,53,55,56,57,58,59,60,61,63,64,66,67,68,69,70,72,73,74,75,77,78,79,80,82,83,84,85,86,88,89,90,92,93,94,95,96,97,99,101,102,103,104,105,106,107,108,111,112,113,114,115,116,117,118,121,122,123,124,125,126,127,129
114,6,7,8,9,11,12,13,15,16,17,18,19,20,22,24,25,26,27,28,29,30,33,34,35,36,37,38,39,41,42,44,45,46,47,48,50,51,52,53,55,56,57,59,60,61,62,63,64,66,68,69,70,71,72,73,74,75,78,79,80,81,82,83,84,86,88,89,90,91,92,93,95,96,97,99,100,101,102,104,105,106,107,108,110,111,113,114,115,116,117,118,119,122,123,124,125,126,127,128,130
115,6,7,8,9,11,12,14,15,16,17,18,19,20,23,24,25,26,27,28,30,31,33,34,35,36,37,39,40,41,42,44,45,46,48,49,50,51,52,53,56,57,58,59,60,61,62,64,66,67,68,69,70,71,73,74,75,77,78,79,81,82,83,84,85,86,88,90,91,92,93,94,95,96,99,100,101,102,103,104,106,107,108,110,111,112,113,115,116,117,118,119,121,122,124,125,126,127,128,129,132
116,6,7,8,9,11,12,14,15,16,17,18,19,22,23,24,25,26,27,29,30,31,33,34,35,37,38,39,40,41,42,44,46,47,48,49,50,51,53,55,56,57,58,59,61,62,63,64,66,67,69,70,71,72,73,74,75,78,79,80,81,82,83,85,86,88,89,90,91,93,94,95,96,97,99,101,102,103,104,105,106,107,110,111,112,113,114,115,117,118,119,121,122,123,125,126,127,128,129,130,133
117,6,7,8,9,11,13,14,15,16,17,18,20,22,23,24,25,26,28,29,30,31,33,34,36,37,38,39,40,41,44,45,46,47,48,49,51,52,53,55,56,57,59,60,61,62,63,64,67,68,69,70,71,73,74,75,77,78,79,81,82,83,84,85,86,89,90,91,92,93,94,96,97,99,100,101,102,104,105,106,107,108,110,112,113,114,115,116,117,119,121,122,123,124,125,127,128,129,130,132,134
118,6,7,8,9,11,13,14,15,16,17,18,20,22,23,24,25,27,28,29,30,31,33,35,36,37,38,39,41,42,44,45,46,47,49,50,51,52,53,56,57,58,59,60,61,63,64,66,67,68,70,71,72,73,74,75,78,79,80,81,82,83,85,86,88,89,90,92,93,94,95,96,97,100,101,102,103,104,106,107,108,110,111,112,114,115,116,117,118,121,122,123,124,125,126,128,129,130,132,133,135
119,6,7,8,9,11,13,14,15,16,17,19,20,22,23,24,26,27,28,29,30,31,34,35,36,37,38,40,41,42,44,45,47,48,49,50,51,53,55,56,57,58,59,61,62,63,64,66,68,69,70,71,72,74,75,77,78,79,81,82,83,84,85,86,89,90,91,92,93,95,96,97,99,100,102,103,104,105,106,108,110,111,112,113,114,116,117,118,119,121,123,124,125,126,127,129,130,132,133,134,136
120,6,7,8,9,12,13,14,15,16,18,19,20,22,23,25,26,27,28,29,31,33,34,35,36,38,39,40,41,42,45,46,47,48,49,51,52,53,55,56,58,59,60,61,62,64,66,67,68,69,71,72,73,74,75,78,79,80,81,82,84,85,86,88,89,91,92,93,94,95,97,99,100,101,102,104,105,106,107,108,111,112,113,114,115,117,118,119,121,122,124,125,126,127,128,130,132,133,134,135,137
121,6,7,8,9,12,13,14,15,16,18,19,20,22,23,25,26,27,28,29,31,33,34,35,37,38,39,40,41,44,45,46,47,48,50,51,52,53,55,57,58,59,60,62,63,64,66,67,69,70,71,72,73,75,77,78,79,80,82,83,84,85,88,89,90,91,92,94,95,96,97,99,101,102,103,104,105,107,108,110,111,113,114,115,116,117,119,121,122,123,124,126,127,128,129,130,133,134,135,136,138
122,6,7,8,9,12,13,14,15,16,18,19,20,22,24,25,26,27,28,30,31,33,34,36,37,38,39,40,42,44,45,46,48,49,50,51,52,55,56,57,58,60,61,62,63,64,67,68,69,70,72,73,74,75,77,79,80,81,82,83,85,86,88,89,91,92,93,94,95,97,99,100,101,103,104,105,106,107,110,111,112,113,115,116,117,118,119,122,123,124,125,127,128,129,130,132,134,135,136,137,139
123,6,7,8,9,12,13,14,15,17,18,19,20,22,24,25,26,27,29,30,31,33,35,36,37,38,39,41,42,44,45,47,48,49,50,52,53,55,56,57,59,60,61,62,64,66,67,68,70,71,72,73,74,77,78,79,80,82,83,84,85,88,89,90,91,92,94,95,96,97,100,101,102,103,105,106,107,108,110,112,113,114,115,117,118,119,121,123,124,125,126,127,129,130,132,133,135,136,137,138,140
124,6,7,8,9,12,13,14,15,17,18,19,20,23,24,25,26,28,29,30,31,34,35,36,37,39,40,41,42,44,46,47,48,49,51,52,53,55,57,58,59,60,62,63,64,66,68,69,70,71,73,74,75,77,78,80,81,82,83,85,86,88,89,91,92,93,94,96,97,99,100,102,103,104,105,107,108,110,111,112,114,115,116,117,119,121,122,123,125,126,127,128,130,132,133,134,136,137,138,139,141
125,6,7,8,11,12,13,14,16,17,18,19,22,23,24,25,27,28,29,30,33,34,35,36,38,39,40,41,44,45,46,47,49,50,51,52,55,56,57,58,60,61,62,63,66,67,68,69,71,72,73,74,77,78,79,80,82,83,84,85,88,89,90,91,93,94,95,96,99,100,101,102,104,105,106,107,110,111,112,113,115,116,117,118,121,122,123,124,126,127,128,129,132,133,134,135,137,138,139,140,143
126,6,7,8,11,12,13,14,16,17,18,19,22,23,24,25,27,28,29,30,33,34,35,36,38,39,40,42,44,45,46,48,49,50,51,53,55,56,57,59,60,61,62,64,66,67,68,70,71,72,74,75,77,78,80,81,82,83,85,86,88,89,91,92,93,94,96,97,99,100,102,103,104,105,107,108,110,112,113,114,115,117,118,119,121,123,124,125,126,128,129,130,132,134,135,136,137,139,140,141,144
127,6,7,8,11,12,13,14,16,17,18,19,22,23,24,26,27,28,29,31,33,34,35,37,38,39,41,42,44,45,47,48,49,50,52,53,55,56,58,59,60,62,63,64,66,68,69,70,71,73,74,75,78,79,80,81,83,84,85,86,89,90,91,93,94,95,96,99,100,101,102,104,105,106,107,110,111,112,114,115,116,117,119,121,122,123,125,126,127,129,130,132,133,135,136,137,138,140,141,143,145
128,6,7,8,11,12,13,14,16,17,18,20,22,23,24,26,27,28,30,31,33,34,36,37,38,40,41,42,44,46,47,48,49,51,52,53,56,57,58,59,61,62,63,66,67,68,69,71,72,73,75,77,78,79,81,82,83,84,86,88,89,91,92,93,94,96,97,99,101,102,103,104,106,107,108,111,112,113,114,116,117,118,119,122,123,124,126,127,128,129,132,133,134,136,137,138,139,141,143,144,146
129,6,7,8,11,12,13,15,16,17,18,20,22,23,25,26,27,28,30,31,33,35,36,37,38,40,41,42,45,46,47,48,50,51,52,55,56,57,59,60,61,62,64,66,67,69,70,71,72,74,75,77,79,80,81,82,84,85,86,89,90,91,92,94,95,96,99,100,101,103,104,105,106,108,110,111,113,114,115,116,118,119,121,123,124,125,126,128,129,130,133,134,135,136,138,139,140,143,144,145,147
130,6,7,8,11,12,13,15,16,17,19,20,22,23,25,26,27,29,30,31,34,35,36,37,39,40,41,44,45,46,48,49,50,51,53,55,56,58,59,60,62,63,64,66,68,69,70,72,73,74,77,78,79,80,82,83,84,86,88,89,91,92,93,94,96,97,99,101,102,103,105,106,107,108,111,112,113,115,116,117,119,121,122,123,125,126,127,129,130,132,134,135,136,137,139,140,141,144,145,146,148
131,6,7,8,11,12,13,15,16,17,19,20,22,24,25,26,27,29,30,31,34,35,36,38,39,40,42,44,45,46,48,49,50,52,53,55,57,58,59,61,62,63,66,67,68,69,71,72,73,75,77,78,80,81,82,84,85,86,88,90,91,92,94,95,96,99,100,101,103,104,105,107,108,110,111,113,114,115,117,118,119,122,123,124,126,127,128,129,132,133,134,136,137,138,140,141,143,145,146,147,149
132,6,7,8,11,12,13,15,16,17,19,20,22,24,25,26,28,29,30,33,34,35,37,38,39,41,42,44,45,47,48,49,51,52,53,56,57,58,60,61,62,64,66,67,69,70,71,73,74,75,78,79,80,81,83,84,85,88,89,90,92,93,94,96,97,99,101,102,103,105,106,107,110,111,112,114,115,116,117,119,121,122,124,125,126,128,129,130,133,134,135,137,138,139,141,143,144,146,147,148,150
133,6,7,8,11,12,13,15,16,17,19,20,22,24,25,26,28,29,30,33,34,35,37,38,39,41,42,44,46,47,48,50,51,52,55,56,57,59,60,61,63,64,66,68,69,70,72,73,74,77,78,79,81,82,83,85,86,88,90,91,92,94,95,96,99,100,101,103,104,105,107,108,110,112,113,114,116,117,118,121,122,123,125,126,127,129,130,132,134,135,136,138,139,140,143,144,145,147,148,149,151
134,6,7,9,11,12,14,15,16,18,19,20,23,24,25,27,28,29,31,33,34,36,37,38,40,41,42,45,46,47,49,50,51,53,55,56,58,59,60,62,63,64,67,68,69,71,72,73,75,77,79,80,81,83,84,85,88,89,90,92,93,94,96,97,99,101,102,103,105,106,107,110,111,112,114,115,116,118,119,121,123,124,125,127,128,129,132,133,134,136,137,138,140,141,143,145,146,147,149,150,152
135,6,7,9,11,12,14,15,16,18,19,20,23,24,25,27,28,29,31,33,35,36,37,39,40,41,44,45,46,48,49,50,52,53,55,57,58,59,61,62,64,66,67,69,70,71,73,74,75,78,79,80,82,83,84,86,88,89,91,92,94,95,96,99,100,101,103,104,105,107,108,110,112,113,114,116,117,118,121,122,124,125,126,128,129,130,133,134,135,137,138,139,141,143,144,146,147,148,150,151,154
136,6,7,9,11,12,14,15,16,18,19,20,23,24,26,27,28,30,31,33,35,36,37,39,40,42,44,45,47,48,49,51,52,53,56,57,58,60,61,63,64,66,68,69,70,72,73,74,77,78,80,81,82,84,85,86,89,90,91,93,94,95,97,99,101,102,103,105,106,107,110,111,112,114,115,117,118,119,122,123,124,126,127,128,130,132,133,135,136,138,139,140,143,144,145,147,148,149,151,152,155
137,6,7,9,11,12,14,15,16,18,19,22,23,24,26,27,28,30,31,34,35,36,38,39,40,42,44,45,47,48,50,51,52,55,56,57,59,60,62,63,64,67,68,69,71,72,74,75,77,79,80,81,83,84,85,88,89,91,92,93,95,96,97,100,101,103,104,105,107,108,110,112,113,115,116,117,119,121,122,124,125,126,128,129,132,133,134,136,137,138,140,141,144,145,146,148,149,150,152,154,156
138,6,7,9,11,12,14,15,17,18,19,22,23,24,26,27,29,30,31,34,35,36,38,39,41,42,44,46,47,49,50,51,53,55,56,58,59,61,62,63,66,67,68,70,71,73,74,75,78,79,81,82,83,85,86,88,90,91,93,94,95,97,99,100,102,103,105,106,107,110,111,112,114,115,117,118,119,122,123,125,126,127,129,130,132,134,135,137,138,139,141,143,144,146,147,149,150,151,154,155,157
139,6,7,9,11,12,14,15,17,18,19,22,23,25,26,27,29,30,33,34,35,37,38,39,41,42,45,46,47,49,50,52,53,55,57,58,60,61,62,64,66,67,69,70,72,73,74,77,78,80,81,82,84,85,88,89,90,92,93,95,96,97,100,101,102,104,105,107,108,110,112,113,115,116,117,119,121,123,124,125,127,128,129,132,133,135,136,137,139,140,143,144,145,147,148,150,151,152,155,156,158
140,6,7,9,11,13,14,15,17,18,20,22,23,25,26,28,29,30,33,34,36,37,38,40,41,44,45,46,48,49,51,52,53,56,57,59,60,61,63,64,67,68,69,71,72,74,75,77,79,80,82,83,84,86,88,90,91,92,94,95,97,99,100,102,103,105,106,107,110,111,113,114,115,117,118,121,122,123,125,126,128,129,130,133,134,136,137,138,140,141,144,145,146,148,149,151,152,154,156,157,159
141,6,7,9,11,13,14,15,17,18,20,22,23,25,26,28,29,30,33,34,36,37,39,40,41,44,45,47,48,49,51,52,55,56,57,59,60,62,63,64,67,68,70,71,73,74,75,78,79,81,82,83,85,86,89,90,91,93,94,96,97,100,101,102,104,105,107,108,110,112,113,115,116,117,119,121,123,124,125,127,128,130,132,134,135,136,138,139,141,143,144,146,147,149,150,151,154,155,157,158,160
142,6,7,9,11,13,14,15,17,18,20,22,24,25,26,28,29,31,33,34,36,37,39,40,42,44,45,47,48,50,51,53,55,56,58,59,61,62,63,66,67,69,70,72,73,74,77,78,80,81,83,84,85,88,89,91,92,93,95,96,99,100,102,103,104,106,107,110,111,112,114,115,117,118,121,122,123,125,126,128,129,132,133,134,136,137,139,140,141,144,145,147,148,150,151,152,155,156,158,159,161
143,6,7,9,11,13,14,16,17,18,20,22,24,25,27,28,29,31,33,35,36,38,39,40,42,44,46,47,49,50,51,53,55,57,58,60,61,62,64,66,68,69,71,72,73,75,77,79,80,82,83,84,86,88,90,91,93,94,95,97,99,101,102,104,105,106,108,110,112,113,115,116,117,119,121,123,124,126,127,128,130,132,134,135,137,138,139,141,143,145,146,148,149,150,152,154,156,157,159,160,162
144,6,7,9,11,13,14,16,17,18,20,22,24,25,27,28,30,31,33,35,36,38,39,41,42,45,46,47,49,50,52,53,56,57,58,60,61,63,64,67,68,70,71,72,74,75,78,79,81,82,84,85,86,89,90,92,93,95,96,97,100,101,103,104,106,107,110,111,112,114,115,117,118,121,122,124,125,126,128,129,132,133,135,136,137,139,140,143,144,146,147,149,150,151,154,155,157,158,160,161,163
145,6,7,9,11,13,14,16,17,19,20,22,24,25,27,28,30,31,34,35,37,38,39,41,42,45,46,48,49,51,52,53,56,57,59,60,62,63,66,67,69,70,71,73,74,77,78,80,81,83,84,85,88,89,91,92,94,95,97,99,101,102,103,105,106,108,110,112,113,115,116,117,119,121,123,124,126,127,129,130,133,134,135,137,138,140,141,144,145,147,148,149,151,152,155,156,158,159,161,162,165
146,6,7,9,11,13,14,16,17,19,20,23,24,25,27,28,30,31,34,35,37,38,40,41,44,45,46,48,49,51,52,55,56,58,59,61,62,64,66,67,69,70,72,73,75,77,79,80,82,83,85,86,88,90,91,93,94,96,97,100,101,103,104,105,107,108,111,112,114,115,117,118,121,122,124,125,126,128,129,132,133,135,136,138,139,141,143,145,146,147,149,150,152,154,156,157,159,160,162,163,166
147,6,7,9,11,13,14,16,17,19,20,23,24,26,27,29,30,31,34,35,37,38,40,41,44,45,47,48,50,51,53,55,57,58,59,61,62,64,66,68,69,71,72,74,75,78,79,81,82,84,85,86,89,90,92,93,95,96,99,100,102,103,105,106,108,110,112,113,114,116,117,119,121,123,124,126,127,129,130,133,134,136,137,139,140,141,144,145,147,148,150,151,154,155,157,158,160,161,163,165,167
148,6,7,9,11,13,14,16,17,19,20,23,24,26,27,29,30,33,34,36,37,39,40,42,44,46,47,48,50,51,53,55,57,58,60,61,63,64,67,68,70,71,73,74,77,78,80,81,83,84,86,88,89,91,92,94,95,97,99,101,102,104,105,107,108,111,112,114,115,117,118,121,122,124,125,127,128,129,132,133,135,136,138,139,141,143,145,146,148,149,151,152,155,156,158,159,161,162,165,166,168
149,6,7,9,11,13,14,16,17,19,20,23,24,26,27,29,30,33,34,36,37,39,40,42,44,46,47,49,50,52,53,56,57,59,60,62,63,66,67,69,70,72,73,75,77,79,80,82,83,85,86,88,90,91,93,94,96,97,100,101,103,104,106,107,110,111,113,114,116,117,119,121,123,124,126,127,129,130,133,134,136,137,139,140,143,144,146,147,149,150,152,154,156,157,159,160,162,163,166,167,169
150,6,8,9,12,13,15,16,18,19,22,23,25,26,28,29,31,33,35,36,38,39,41,42,45,46,48,49,51,52,55,56,58,59,61,62,64,66,68,69,71,72,74,75,78,79,81,82,84,85,88,89,91,92,94,95,97,99,101,102,104,105,107,108,111,112,114,115,117,118,121,122,124,125,127,128,130,132,134,135,137,138,140,141,144,145,147,148,150,151,154,155,157,158,160,161,163,165,167,168,170
151,6,8,9,12,13,15,16,18,19,22,23,25,26,28,29,31,33,35,36,38,39,41,42,45,46,48,49,51,52,55,56,58,59,61,62,64,66,68,69,71,72,74,75,78,79,81,82,84,85,88,90,91,93,94,96,97,100,101,103,104,106,107,110,111,113,114,116,117,119,121,123,124,126,127,129,130,133,134,136,137,139,140,143,144,146,147,149,150,152,154,156,157,159,160,162,163,166,167,169,171
152,6,8,9,12,13,15,16,18,19,22,23,25,26,28,29,31,33,35,36,38,39,41,42,45,47,48,50,51,53,55,57,58,60,61,63,64,67,68,70,71,73,74,77,78,80,81,83,84,86,89,90,92,93,95,96,99,100,102,103,105,106,108,110,112,113,115,116,118,119,122,123,125,126,128,130,132,134,135,137,138,140,141,144,145,147,148,150,151,154,155,157,158,160,161,163,165,167,168,170,172
153,6,8,9,12,13,15,16,18,19,22,23,25,26,28,29,31,34,35,37,38,40,41,44,45,47,48,50,51,53,55,57,58,60,62,63,66,67,69,70,72,73,75,77,79,80,82,83,85,86,89,91,92,94,95,97,99,101,102,104,105,107,108,111,112,114,115,117,119,121,123,124,126,127,129,130,133,134,136,137,139,140,143,144,146,148,149,151,152,155,156,158,159,161,162,165,166,168,169,171,173
154,6,8,9,12,13,15,16,18,19,22,23,25,27,28,30,31,34,35,37,38,40,41,44,45,47,49,50,52,53,56,57,59,60,62,63,66,67,69,71,72,74,75,78,79,81,82,84,85,88,90,91,93,94,96,97,100,101,103,104,106,107,110,112,113,115,116,118,119,122,123,125,126,128,129,132,134,135,137,138,140,141,144,145,147,148,150,151,154,156,157,159,160,162,163,166,167,169,170,172,174
155,6,8,9,12,13,15,16,18,19,22,24,25,27,28,30,31,34,35,37,39,40,42,44,46,47,49,50,52,53,56,58,59,61,62,64,66,68,69,71,73,74,77,78,80,81,83,84,86,88,90,92,93,95,96,99,100,102,103,105,107,108,111,112,114,115,117,118,121,122,124,126,127,129,130,133,134,136,137,139,141,143,145,146,148,149,151,152,155,156,158,160,161,163,165,167,168,170,171,173,176
156,6,8,9,12,13,15,16,18,20,22,24,25,27,28,30,31,34,36,37,39,40,42,44,46,48,49,51,52,55,56,58,59,61,63,64,67,68,70,71,73,74,77,79,80,82,83,85,86,89,91,92,94,95,97,99,101,102,104,106,107,110,111,113,114,116,117,119,122,123,125,126,128,129,132,134,135,137,138,140,141,144,145,147,149,150,152,154,156,157,159,160,162,165,166,168,169,171,172,174,177
157,6,8,9,12,13,15,16,18,20,22,24,25,27,28,30,33,34,36,37,39,40,42,45,46,48,49,51,52,55,57,58,60,61,63,64,67,69,70,72,73,75,77,79,81,82,84,85,88,89,91,93,94,96,97,100,101,103,105,106,108,110,112,113,115,117,118,121,122,124,125,127,129,130,133,134,136,137,139,141,143,145,146,148,149,151,154,155,157,158,160,161,163,166,167,169,170,172,173,176,178
158,6,8,9,12,13,15,17,18,20,22,24,25,27,29,30,33,34,36,38,39,41,42,45,46,48,50,51,53,55,57,58,60,62,63,66,67,69,71,72,74,75,78,79,81,83,84,86,88,90,92,93,95,96,99,100,102,104,105,107,108,111,112,114,116,117,119,121,123,125,126,128,129,132,133,135,137,138,140,141,144,145,147,149,150,152,154,156,158,159,161,162,165,166,168,170,171,173,174,177,179
159,6,8,9,12,13,15,17,18,20,22,24,26,27,29,30,33,35,36,38,39,41,42,45,47,48,50,51,53,56,57,59,60,62,64,66,68,69,71,73,74,77,78,80,81,83,85,86,89,90,92,94,95,97,99,101,103,104,106,107,110,111,113,115,116,118,119,122,124,125,127,128,130,133,134,136,137,139,141,143,145,146,148,149,151,154,155,157,158,160,162,163,166,167,169,171,172,174,176,178,180
160,6,8,9,12,14,15,17,18,20,23,24,26,27,29,31,33,35,36,38,40,41,44,45,47,49,50,52,53,56,58,59,61,62,64,67,68,70,71,73,75,77,79,80,82,84,85,88,89,91,93,94,96,97,100,102,103,105,106,108,111,112,114,115,117,119,121,123,124,126,128,129,132,133,135,137,138,140,141,144,146,147,149,150,152,155,156,158,159,161,163,165,167,168,170,172,173,176,177,179,181
161,6,8,9,12,14,15,17,18,20,23,24,26,27,29,31,33,35,36,38,40,41,44,46,47,49,50,52,55,56,58,59,61,63,64,67,68,70,72,73,75,78,79,81,82,84,86,88,90,91,93,95,96,99,100,102,104,105,107,108,111,113,114,116,118,119,122,123,125,127,128,130,132,134,136,137,139,140,143,145,146,148,150,151,154,155,157,159,160,162,163,166,168,169,171,172,174,177,178,180,182
162,6,8,9,12,14,15,17,18,20,23,24,26,28,29,31,33,35,37,38,40,42,44,46,47,49,51,52,55,56,58,60,61,63,66,67,69,70,72,74,75,78,80,81,83,84,86,89,90,92,94,95,97,99,101,103,104,106,107,110,112,113,115,117,118,121,122,124,126,127,129,132,133,135,136,138,140,141,144,145,147,149,150,152,155,156,158,159,161,163,165,167,169,170,172,173,176,178,179,181,183
163,6,8,9,12,14,15,17,19,20,23,24,26,28,29,31,34,35,37,38,40,42,44,46,48,49,51,53,55,57,58,60,62,63,66,68,69,71,72,74,77,78,80,82,83,85,86,89,91,92,94,96,97,100,102,103,105,106,108,111,112,114,116,117,119,121,123,125,126,128,130,132,134,135,137,139,140,143,145,146,148,150,151,154,155,157,159,160,162,165,166,168,169,171,173,174,177,179,180,182,184
164,6,8,9,12,14,15,17,19,20,23,25,26,28,29,31,34,35,37,39,40,42,45,46,48,50,51,53,55,57,59,60,62,64,66,68,70,71,73,74,77,79,80,82,84,85,88,90,91,93,95,96,99,100,102,104,105,107,110,111,113,115,116,118,119,122,124,125,127,129,130,133,135,136,138,140,141,144,145,147,149,150,152,155,156,158,160,161,163,165,167,169,170,172,174,176,178,180,181,183,185
165,6,8,9,12,14,15,17,19,20,23,25,26,28,30,31,34,36,37,39,41,42,45,46,48,50,51,53,56,57,59,61,62,64,67,68,70,72,73,75,78,79,81,82,84,86,88,90,92,93,95,97,99,101,103,104,106,108,110,112,114,115,117,118,121,123,124,126,128,129,132,134,135,137,139,140,143,145,146,148,150,151,154,155,157,159,160,162,165,166,168,170,171,173,176,177,179,181,182,184,187
166,6,8,9,12,14,15,17,19,20,23,25,26,28,30,31,34,36,37,39,41,42,45,47,48,50,52,53,56,58,59,61,63,64,67,69,70,72,74,75,78,80,81,83,85,86,89,91,92,94,96,97,100,101,103,105,106,108,111,112,114,116,117,119,122,123,125,127,128,130,133,134,136,138,139,141,144,145,147,149,150,152,155,156,158,160,161,163,166,167,169,171,172,174,177,178,180,182,183,185,188
167,6,8,11,12,14,16,17,19,22,23,25,27,28,30,33,34,36,38,39,41,44,45,47,49,50,52,55,56,58,60,61,63,66,67,69,71,72,74,77,78,80,82,83,85,88,89,91,93,94,96,99,100,102,104,105,107,110,111,113,115,116,118,121,122,124,126,127,129,132,133,135,137,138,140,143,144,146,148,149,151,154,155,157,159,160,162,165,166,168,170,171,173,176,177,179,181,182,184,187,189
168,6,8,11,12,14,16,17,19,22,23,25,27,28,30,33,34,36,38,39,41,44,45,47,49,51,52,55,57,58,60,62,63,66,68,69,71,73,74,77,79,80,82,84,85,88,90,91,93,95,97,99,101,103,104,106,108,110,112,114,115,117,119,121,123,125,126,128,130,132,134,136,137,139,141,144,145,147,149,150,152,155,156,158,160,161,163,166,167,169,171,172,174,177,178,180,182,183,185,188,190
169,6,8,11,12,14,16,17,19,22,23,25,27,28,30,33,35,36,38,40,41,44,46,47,49,51,52,55,57,59,60,62,64,66,68,70,71,73,75,77,79,81,82,84,86,89,90,92,94,95,97,100,101,103,105,106,108,111,113,114,116,118,119,122,124,125,127,129,130,133,135,136,138,140,143,144,146,148,149,151,154,155,157,159,160,162,165,167,168,170,172,173,176,178,179,181,183,184,187,189,191
170,6,8,11,12,14,16,17,19,22,24,25,27,29,30,33,35,36,38,40,42,44,46,48,49,51,53,55,57,59,61,62,64,67,68,70,72,73,75,78,80,81,83,85,86,89,91,92,94,96,99,100,102,104,105,107,110,111,113,115,117,118,121,123,124,126,128,129,132,134,136,137,139,141,143,145,147,148,150,152,155,156,158,160,161,163,166,167,169,171,173,174,177,179,180,182,184,185,188,190,192
171,6,8,11,12,14,16,17,19,22,24,25,27,29,30,33,35,37,38,40,42,44,46,48,50,51,53,56,57,59,61,63,64,67,69,70,72,74,75,78,80,82,83,85,88,89,91,93,95,96,99,101,102,104,106,108,110,112,114,115,117,119,122,123,125,127,128,130,133,134,136,138,140,141,144,146,147,149,151,154,155,157,159,160,162,165,167,168,170,172,173,176,178,180,181,183,185,187,189,191,193
172,6,8,11,12,14,16,18,19,22,24,25,27,29,31,33,35,37,38,40,42,45,46,48,50,52,53,56,58,59,61,63,66,67,69,71,72,74,77,79,80,82,84,85,88,90,92,93,95,97,100,101,103,105,106,108,111,113,114,116,118,119,122,124,126,127,129,132,133,135,137,139,140,143,145,147,148,150,152,154,156,158,160,161,163,166,167,169,171,173,174,177,179,180,182,184,187,188,190,192,194
173,6,8,11,12,14,16,18,19,22,24,26,27,29,31,33,35,37,39,40,42,45,47,48,50,52,53,56,58,60,61,63,66,68,69,71,73,75,77,79,81,82,84,86,89,90,92,94,96,97,100,102,103,105,107,110,111,113,115,117,118,121,123,124,126,128,130,132,134,136,138,139,141,144,146,147,149,151,152,155,157,159,160,162,165,167,168,170,172,173,176,178,180,181,183,185,188,189,191,193,195
174,6,8,11,12,14,16,18,19,22,24,26,27,29,31,34,35,37,39,41,42,45,47,49,50,52,55,56,58,60,62,63,66,68,70,71,73,75,78,79,81,83,85,86,89,91,93,94,96,99,101,102,104,106,107,110,112,114,115,117,119,122,123,125,127,129,130,133,135,137,138,140,143,145,146,148,150,151,154,156,158,159,161,163,166,167,169,171,173,174,177,179,181,182,184,187,189,190,192,194,196
175,6,8,11,13,14,16,18,20,22,24,26,28,29,31,34,36,37,39,41,44,45,47,49,51,52,55,57,59,60,62,64,67,68,70,72,74,75,78,80,82,83,85,88,90,91,93,95,97,99,101,103,105,106,108,111,113,114,116,118,121,122,124,126,128,129,132,134,136,137,139,141,144,145,147,149,151,152,155,157,159,160,162,165,167,168,170,172,174,176,178,180,182,183,185,188,190,191,193,195,198
176,6,8,11,13,14,16,18,20,22,24,26,28,29,31,34,36,37,39,41,44,45,47,49,51,53,55,57,59,61,62,64,67,69,70,72,74,77,78,80,82,84,85,88,90,92,93,95,97,100,102,103,105,107,110,111,113,115,117,118,121,123,125,126,128,130,133,134,136,138,140,141,144,146,148,150,151,154,156,158,159,161,163,166,167,169,171,173,174,177,179,181,182,184,187,189,190,192,194,196,199
177,6,8,11,13,14,16,18,20,22,24,26,28,30,31,34,36,38,39,41,44,46,47,49,51,53,56,57,59,61,63,64,67,69,71,72,74,77,79,81,82,84,86,89,90,92,94,96,97,100,102,104,106,107,110,112,114,115,117,119,122,123,125,127,129,132,133,135,137,139,140,143,145,147,148,150,152,155,157,158,160,162,165,166,168,170,172,173,176,178,180,182,183,185,188,190,191,193,195,198,200
178,6,8,11,13,14,16,18,20,23,24,26,28,30,31,34,36,38,40,41,44,46,48,49,51,53,56,58,59,61,63,66,67,69,71,73,75,77,79,81,83,84,86,89,91,93,94,96,99,101,103,104,106,108,111,112,114,116,118,121,122,124,126,128,129,132,134,136,138,139,141,144,146,147,149,151,154,156,157,159,161,163,165,167,169,171,173,174,177,179,181,182,184,187,189,191,192,194,196,199,201
179,6,8,11,13,14,16,18,20,23,24,26,28,30,33,34,36,38,40,42,44,46,48,50,51,53,56,58,60,61,63,66,68,70,71,73,75,78,80,81,83,85,88,89,91,93,95,97,99,101,103,105,107,108,111,113,115,117,118,121,123,125,126,128,130,133,135,136,138,140,143,145,146,148,150,152,155,156,158,160,162,163,166,168,170,172,173,176,178,180,182,183,185,188,190,192,193,195,198,200,202
180,6,8,11,13,15,16,18,20,23,25,26,28,30,33,35,36,38,40,42,45,46,48,50,52,55,56,58,60,62,64,66,68,70,72,74,75,78,80,82,84,85,88,90,92,94,95,97,100,102,104,105,107,110,112,114,115,117,119,122,124,125,127,129,132,134,135,137,139,141,144,145,147,149,151,154,155,157,159,161,163,165,167,169,171,173,174,177,179,181,183,184,187,189,191,193,194,196,199,201,203
181,6,8,11,13,15,16,18,20,23,25,26,28,30,33,35,36,38,40,42,45,47,48,50,52,55,57,58,60,62,64,67,68,70,72,74,77,78,80,82,84,86,89,90,92,94,96,99,100,102,104,106,108,110,112,114,116,118,119,122,124,126,128,130,132,134,136,138,140,141,144,146,148,150,151,154,156,158,160,161,163,166,168,170,172,173,176,178,180,182,183,185,188,190,192,193,195,198,200,202,204
182,6,8,11,13,15,16,18,20,23,25,27,28,30,33,35,37,38,40,42,45,47,49,50,52,55,57,59,60,62,64,67,69,71,72,74,77,79,81,82,84,86,89,91,93,94,96,99,101,103,105,106,108,111,113,115,116,118,121,123,125,127,128,130,133,135,137,138,140,143,145,147,149,150,152,155,157,159,160,162,165,167,169,171,172,174,177,179,181,182,184,187,189,191,193,194,196,199,201,203,205
183,6,8,11,13,15,16,18,20,23,25,27,28,30,33,35,37,39,40,42,45,47,49,51,52,55,57,59,61,63,64,67,69,71,73,75,77,79,81,83,85,88,89,91,93,95,97,100,101,103,105,107,110,111,113,115,117,119,122,123,125,127,129,132,134,135,137,139,141,144,146,147,149,151,154,156,158,159,161,163,166,168,170,171,173,176,178,180,182,183,185,188,190,192,194,195,198,200,202,204,206
184,6,8,11,13,15,17,18,20,23,25,27,29,30,33,35,37,39,41,42,45,47,49,51,53,56,57,59,61,63,66,68,69,71,73,75,78,80,81,83,85,88,90,92,93,95,97,100,102,104,106,107,110,112,114,116,118,119,122,124,126,128,130,132,134,136,138,140,143,144,146,148,150,152,155,157,158,160,162,165,167,169,170,172,174,177,179,181,182,184,187,189,191,193,194,196,199,201,203,205,207
185,6,8,11,13,15,17,18,20,23,25,27,29,31,33,35,37,39,41,44,46,47,49,51,53,56,58,59,61,63,66,68,70,72,73,75,78,80,82,84,86,88,90,92,94,96,99,100,102,104,106,108,111,113,114,116,118,121,123,125,127,128,130,133,135,137,139,140,143,145,147,149,151,154,155,157,159,161,163,166,168,169,171,173,176,178,180,181,183,185,188,190,192,194,195,198,200,202,204,206,209
186,6,8,11,13,15,17,19,20,23,25,27,29,31,34,35,37,39,41,44,46,48,49,51,53,56,58,60,62,63,66,68,70,72,74,77,78,80,82,84,86,89,91,92,94,96,99,101,103,105,107,108,111,113,115,117,119,122,123,125,127,129,132,134,136,137,139,141,144,146,148,150,151,154,156,158,160,162,165,166,168,170,172,174,177,179,180,182,184,187,189,191,193,194,196,199,201,203,205,207,210
187,6,8,11,13,15,17,19,20,23,25,27,29,31,34,36,37,39,41,44,46,48,50,52,53,56,58,60,62,64,67,68,70,72,74,77,79,81,83,84,86,89,91,93,95,97,100,101,103,105,107,110,112,114,115,117,119,122,124,126,128,130,132,134,136,138,140,143,145,147,148,150,152,155,157,159,161,162,165,167,169,171,173,176,178,179,181,183,185,188,190,192,194,195,198,200,202,204,206,209,211
188,6,8,11,13,15,17,19,22,23,25,27,29,31,34,36,38,39,41,44,46,48,50,52,55,57,58,60,62,64,67,69,71,73,74,77,79,81,83,85,88,90,91,93,95,97,100,102,104,106,108,110,112,114,116,118,121,123,125,126,128,130,133,135,137,139,141,143,145,147,149,151,154,156,158,160,161,163,166,168,170,172,174,177,178,180,182,184,187,189,191,193,194,196,199,201,203,205,207,210,212
189,6,8,11,13,15,17,19,22,24,25,27,29,31,34,36,38,40,42,44,46,48,50,52,55,57,59,61,62,64,67,69,71,73,75,78,80,81,83,85,88,90,92,94,96,99,100,102,104,106,108,111,113,115,117,118,121,123,125,127,129,132,134,136,137,139,141,144,146,148,150,152,155,156,158,160,162,165,167,169,171,173,174,177,179,181,183,185,188,190,192,193,195,198,200,202,204,206,209,211,213
190,6,8,11,13,15,17,19,22,24,26,27,29,31,34,36,38,40,42,45,47,48,50,52,55,57,59,61,63,66,68,69,71,73,75,78,80,82,84,86,89,90,92,94,96,99,101,103,105,107,110,111,113,115,117,119,122,124,126,128,130,132,134,136,138,140,143,145,147,149,151,152,155,157,159,161,163,166,168,170,172,173,176,178,180,182,184,187,189,191,193,194,196,199,201,203,205,207,210,212,214
191,6,8,11,13,15,17,19,22,24,26,28,29,31,34,36,38,40,42,45,47,49,51,52,55,57,59,61,63,66,68,70,72,74,75,78,80,82,84,86,89,91,93,95,97,99,101,103,105,107,110,112,114,116,118,121,122,124,126,128,130,133,135,137,139,141,144,145,147,149,151,154,156,158,160,162,165,167,168,170,172,174,177,179,181,183,185,188,190,191,193,195,198,200,202,204,206,209,211,213,215
192,6,8,11,13,15,17,19,22,24,26,28,30,31,34,36,38,40,42,45,47,49,51,53,56,58,59,61,63,66,68,70,72,74,77,79,81,83,84,86,89,91,93,95,97,100,102,104,106,108,111,112,114,116,118,121,123,125,127,129,132,134,136,137,139,141,144,146,148,150,152,155,157,159,161,163,165,167,169,171,173,176,178,180,182,184,187,189,190,192,194,196,199,201,203,205,207,210,212,214,216
193,6,8,11,13,15,17,19,22,24,26,28,30,33,35,36,38,40,42,45,47,49,51,53,56,58,60,62,64,66,68,70,72,74,77,79,81,83,85,88,90,92,94,95,97,100,102,104,106,108,111,113,115,117,119,122,124,126,127,129,132,134,136,138,140,143,145,147,149,151,154,156,157,159,161,163,166,168,170,172,174,177,179,181,183,185,187,189,191,193,195,198,200,202,204,206,209,211,213,215,217
194,6,8,11,13,15,17,19,22,24,26,28,30,33,35,37,39,40,42,45,47,49,51,53,56,58,60,62,64,67,69,71,73,75,77,79,81,83,85,88,90,92,94,96,99,101,103,105,107,110,112,113,115,117,119,122,124,126,128,130,133,135,137,139,141,144,146,147,149,151,154,156,158,160,162,165,167,169,171,173,176,178,180,182,183,185,188,190,192,194,196,199,201,203,205,207,210,212,214,216,218
195,6,8,11,13,15,17,19,22,24,26,28,30,33,35,37,39,41,44,46,48,49,51,53,56,58,60,62,64,67,69,71,73,75,78,80,82,84,86,89,91,92,94,96,99,101,103,105,107,110,112,114,116,118,121,123,125,127,129,132,134,135,137,139,141,144,146,148,150,152,155,157,159,161,163,166,168,170,172,174,177,178,180,182,184,187,189,191,193,195,198,200,202,204,206,209,211,213,215,217,220
196,6,8,11,13,15,17,19,22,24,26,28,30,33,35,37,39,41,44,46,48,50,52,55,57,59,60,62,64,67,69,71,73,75,78,80,82,84,86,89,91,93,95,97,100,102,104,106,108,111,113,114,116,118,121,123,125,127,129,132,134,136,138,140,143,145,147,149,151,154,156,158,160,162,165,167,168,170,172,174,177,179,181,183,185,188,190,192,194,196,199,201,203,205,207,210,212,214,216,218,221
197,6,8,11,13,15,17,19,22,24,26,28,30,33,35,37,39,41,44,46,48,50,52,55,57,59,61,63,66,68,70,72,74,77,78,80,82,84,86,89,91,93,95,97,100,102,104,106,108,111,113,115,117,119,122,124,126,128,130,133,135,137,139,141,144,146,148,149,151,154,156,158,160,162,165,167,169,171,173,176,178,180,182,184,187,189,191,193,195,198,200,202,204,206,209,211,213,215,217,220,222
198,6,8,11,13,15,17,19,22,24,26,28,30,33,35,37,39,41,44,46,48,50,52,55,57,59,61,63,66,68,70,72,74,77,79,81,83,85,88,90,92,94,96,99,101,103,105,107,110,112,114,115,117,119,122,124,126,128,130,133,135,137,139,141,144,146,148,150,152,155,157,159,161,163,166,168,170,172,174,177,179,181,183,185,188,190,192,194,196,199,201,203,205,207,210,212,214,216,218,221,223
199,6,8,11,13,15,17,19,22,24,26,28,30,33,35,37,39,41,44,46,48,50,52,55,57,59,61,63,66,68,70,72,74,77,79,81,83,85,88,90,92,94,96,99,101,103,105,107,110,112,114,116,118,121,123,125,127,129,132,134,136,138,140,143,145,147,149,151,154,156,158,160,162,165,167,169,171,173,176,178,180,182,184,187,189,191,193,195,198,200,202,204,206,209,211,213,215,217,220,222,224
200,7,9,12,14,16,18,20,23,25,27,29,31,34,36,38,40,42,45,47,49,51,53,56,58,60,62,64,67,69,71,73,75,78,80,82,84,86,89,91,93,95,97,100,102,104,106,108,111,113,115,117,119,122,124,126,128,130,133,135,137,139,141,144,146,148,150,152,155,157,159,161,163,166,168,170,172,174,177,179,181,183,185,188,190,192,194,196,199,201,203,205,207,210,212,214,216,218,221,223,225
201,7,9,12,14,16,18,20,23,25,27,29,31,34,36,38,40,42,45,47,49,51,53,56,58,60,62,64,67,69,71,73,75,78,80,82,84,86,89,91,93,95,97,100,102,104,106,108,111,113,115,117,119,122,124,126,128,130,133,135,137,139,141,144,146,148,150,152,155,157,159,161,163,166,168,170,172,174,177,179,181,183,185,188,190,192,194,196,199,201,203,205,207,210,212,214,216,218,221,223,226
202,7,9,12,14,16,18,20,23,25,27,29,31,34,36,38,40,42,45,47,49,51,53,56,58,60,62,64,67,69,71,73,75,78,80,82,84,86,89,91,93,95,97,100,102,104,106,108,111,113,116,118,121,123,125,127,129,132,134,136,138,140,143,145,147,149,151,154,156,158,160,162,165,167,169,171,173,176,178,180,182,184,187,189,191,193,195,198,200,202,204,206,209,211,213,215,217,220,222,224,227
203,7,9,12,14,16,18,20,23,25,27,29,31,34,36,38,40,42,45,47,49,51,53,56,58,60,62,64,67,69,71,73,75,78,81,83,85,88,90,92,94,96,99,101,103,105,107,110,112,114,116,118,121,123,125,127,129,132,134,136,138,140,143,145,147,149,151,155,157,159,161,163,166,168,170,172,174,177,179,181,183,185,188,190,192,194,196,199,201,203,205,207,210,212,214,216,218,221,223,225,228
204,7,9,12,14,16,18,20,23,25,27,29,31,34,36,38,40,42,45,47,49,51,53,56,58,61,63,66,68,70,72,74,77,79,81,83,85,88,90,92,94,96,99,101,103,105,107,110,112,114,117,119,122,124,126,128,130,133,135,137,139,141,144,146,148,150,152,155,157,159,161,163,166,168,170,173,176,178,180,182,184,187,189,191,193,195,198,200,202,204,206,209,211,213,215,217,220,222,224,226,229
205,7,9,12,14,16,18,20,23,25,27,29,31,34,36,38,40,42,45,47,50,52,55,57,59,61,63,66,68,70,72,74,77,79,81,83,85,88,90,92,95,97,100,102,104,106,108,111,113,115,117,119,122,124,126,128,130,133,135,137,140,143,145,147,149,151,154,156,158,160,162,165,167,169,171,173,176,178,180,182,185,188,190,192,194,196,199,201,203,205,207,210,212,214,216,218,221,223,225,227,231
206,7,9,12,14,16,18,20,23,25,27,29,31,34,36,38,40,44,46,48,50,52,55,57,59,61,63,66,68,70,72,74,77,79,82,84,86,89,91,93,95,97,100,102,104,106,108,111,113,115,118,121,123,125,127,129,132,134,136,138,140,143,145,147,149,151,154,157,159,161,163,166,168,170,172,174,177,179,181,183,185,188,190,192,195,198,200,202,204,206,209,211,213,215,217,220,222,224,226,228,232
207,7,9,12,14,16,18,20,23,25,27,29,31,34,36,39,41,44,46,48,50,52,55,57,59,61,63,66,68,71,73,75,78,80,82,84,86,89,91,93,95,97,100,103,105,107,110,112,114,116,118,121,123,125,127,129,132,134,137,139,141,144,146,148,150,152,155,157,159,161,163,166,169,171,173,176,178,180,182,184,187,189,191,193,195,198,201,203,205,207,210,212,214,216,218,221,223,225,227,229,233
208,7,9,12,14,16,18,20,23,25,27,29,31,35,37,39,41,44,46,48,50,52,55,57,59,62,64,67,69,71,73,75,78,80,82,84,86,89,92,94,96,99,101,103,105,107,110,112,114,116,119,122,124,126,128,130,133,135,137,139,141,144,146,149,151,154,156,158,160,162,165,167,169,171,173,177,179,181,183,185,188,190,192,194,196,199,201,203,206,209,211,213,215,217,220,222,224,226,228,231,234
209,7,9,12,14,16,18,20,23,25,27,29,33,35,37,39,41,44,46,48,50,52,55,58,60,62,64,67,69,71,73,75,78,80,83,85,88,90,92,94,96,99,101,103,105,108,111,113,115,117,119,122,124,126,128,130,134,136,138,140,143,145,147,149,151,154,156,159,161,163,166,168,170,172,174,177,179,181,184,187,189,191,193,195,198,200,202,204,206,210,212,214,216,218,221,223,225,227,229,232,235
210,7,9,12,14,16,18,20,23,25,28,30,33,35,37,39,41,44,46,48,51,53,56,58,60,62,64,67,69,71,74,77,79,81,83,85,88,90,92,94,97,100,102,104,106,108,111,113,115,117,121,123,125,127,129,132,134,136,138,140,144,146,148,150,152,155,157,159,161,163,167,169,171,173,176,178,180,182,184,187,190,192,194,196,199,201,203,205,207,210,213,215,217,220,222,224,226,228,231,233,236
211,7,9,12,14,16,18,20,23,25,28,30,33,35,37,39,41,44,46,49,51,53,56,58,60,62,64,67,70,72,74,77,79,81,83,85,88,91,93,95,97,100,102,104,106,108,112,114,116,118,121,123,125,127,129,133,135,137,139,141,144,146,148,150,154,156,158,160,162,165,167,169,171,174,177,179,181,183,185,188,190,192,195,198,200,202,204,206,209,211,213,216,218,221,223,225,227,229,232,234,237
212,7,9,12,14,16,18,20,23,26,28,30,33,35,37,39,41,45,47,49,51,53,56,58,60,63,66,68,70,72,74,77,79,81,84,86,89,91,93,95,97,100,103,105,107,110,112,114,116,118,122,124,126,128,130,133,135,137,139,143,145,147,149,151,154,156,158,161,163,166,168,170,172,174,177,180,182,184,187,189,191,193,195,198,201,203,205,207,210,212,214,216,220,222,224,226,228,231,233,235,238
213,7,9,12,14,16,18,20,24,26,28,30,33,35,37,39,42,45,47,49,51,53,56,58,61,63,66,68,70,72,74,78,80,82,84,86,89,91,93,96,99,101,103,105,107,110,112,115,117,119,122,124,126,128,132,134,136,138,140,143,145,147,150,152,155,157,159,161,163,166,169,171,173,176,178,180,182,185,188,190,192,194,196,199,201,204,206,209,211,213,215,217,220,223,225,227,229,232,234,236,239
214,7,9,12,14,16,18,20,24,26,28,30,33,35,37,40,42,45,47,49,51,53,57,59,61,63,66,68,70,73,75,78,80,82,84,86,90,92,94,96,99,101,103,106,108,111,113,115,117,119,123,125,127,129,132,134,136,138,141,144,146,148,150,152,155,158,160,162,165,167,169,171,174,177,179,181,183,185,188,191,193,195,198,200,202,204,207,210,212,214,216,218,221,224,226,228,231,233,235,237,240
215,7,9,12,14,16,18,22,24,26,28,30,33,35,38,40,42,45,47,49,52,55,57,59,61,63,66,69,71,73,75,78,80,82,85,88,90,92,94,96,100,102,104,106,108,111,113,116,118,121,123,125,127,129,133,135,137,139,141,144,147,149,151,154,156,158,160,163,166,168,170,172,174,177,180,182,184,187,189,191,194,196,199,201,203,205,207,211,213,215,217,220,222,224,227,229,232,234,236,238,242
216,7,9,12,14,16,18,22,24,26,28,30,33,36,38,40,42,45,47,50,52,55,57,59,61,64,67,69,71,73,75,78,81,83,85,88,90,92,95,97,100,102,104,106,110,112,114,116,118,121,124,126,128,130,133,135,137,140,143,145,147,149,151,155,157,159,161,163,166,169,171,173,176,178,180,183,185,188,190,192,194,196,200,202,204,206,209,211,214,216,218,221,223,225,228,231,233,235,237,239,243
217,7,9,12,14,16,19,22,24,26,28,30,34,36,38,40,42,45,48,50,52,55,57,59,62,64,67,69,71,73,77,79,81,83,85,88,91,93,95,97,100,102,105,107,110,112,114,116,119,122,124,126,128,132,134,136,138,140,143,146,148,150,152,155,157,160,162,165,167,169,171,174,177,179,181,183,185,189,191,193,195,198,200,203,205,207,210,212,214,217,220,222,224,226,228,232,234,236,238,240,244
218,7,9,12,14,16,19,22,24,26,28,30,34,36,38,40,42,46,48,50,52,55,57,60,62,64,67,69,72,74,77,79,81,83,86,89,91,93,95,99,101,103,105,107,110,113,115,117,119,122,125,127,129,132,134,136,139,141,144,146,148,150,154,156,158,160,162,166,168,170,172,174,177,180,182,184,187,189,192,194,196,199,201,203,206,209,211,213,215,218,221,223,225,227,229,233,235,237,239,242,245
219,7,9,12,14,16,19,22,24,26,28,31,34,36,38,40,44,46,48,50,52,55,58,60,62,64,67,70,72,74,77,79,82,84,86,89,91,94,96,99,101,103,105,108,111,113,115,117,121,123,125,127,129,133,135,137,139,141,145,147,149,151,154,156,159,161,163,166,168,171,173,176,178,180,183,185,188,190,192,195,198,200,202,204,206,210,212,214,216,218,222,224,226,228,231,234,236,238,240,243,246
220,7,9,12,14,17,19,22,24,26,29,31,34,36,38,41,44,46,48,50,53,56,58,60,62,66,68,70,72,74,78,80,82,84,86,90,92,94,96,99,102,104,106,108,111,114,116,118,121,123,126,128,130,133,135,138,140,143,145,147,150,152,155,157,159,162,165,167,169,171,174,177,179,181,183,187,189,191,193,195,199,201,203,205,207,211,213,215,217,220,223,225,227,229,232,235,237,239,242,244,247
221,7,9,12,14,17,19,22,24,26,29,31,34,36,38,41,44,46,48,50,53,56,58,60,63,66,68,70,72,75,78,80,82,84,88,90,92,94,96,100,102,104,106,110,112,114,116,118,122,124,126,128,130,134,136,138,140,143,146,148,150,152,156,158,160,162,165,168,170,172,174,177,180,182,184,187,189,192,194,196,199,202,204,206,209,211,214,216,218,221,223,226,228,231,233,235,238,240,243,245,248
222,7,9,12,14,17,19,22,24,26,29,31,34,36,39,41,44,46,48,51,53,56,58,61,63,66,68,70,73,75,78,80,83,85,88,90,92,95,97,100,102,105,107,110,112,114,117,119,122,124,127,129,132,134,136,139,141,144,146,148,151,154,156,158,161,163,166,168,170,173,176,178,180,183,185,188,190,192,195,198,200,202,205,207,210,212,214,217,220,222,224,227,229,232,234,236,239,242,244,246,249
223,7,9,12,14,17,19,22,24,27,29,31,34,36,39,41,44,46,49,51,53,56,59,61,63,66,68,71,73,75,78,81,83,85,88,91,93,95,97,100,103,105,107,110,113,115,117,119,123,125,127,129,132,135,137,139,141,145,147,149,151,155,157,159,161,163,167,169,171,173,177,179,181,183,187,189,191,193,195,199,201,203,205,209,211,213,215,218,221,223,225,227,231,233,235,237,240,243,245,247,250
224,7,9,12,14,17,19,22,24,27,29,31,34,37,39,41,44,47,49,51,53,57,59,61,63,67,69,71,73,75,79,81,83,85,89,91,93,95,99,101,103,105,108,111,113,115,118,121,123,125,128,130,133,135,137,140,143,145,147,150,152,155,157,160,162,165,167,170,172,174,177,180,182,184,187,190,192,194,196,199,202,204,206,209,212,214,216,218,222,224,226,228,232,234,236,238,242,244,246,248,251
225,7,9,12,15,17,19,22,25,27,29,31,35,37,39,41,45,47,49,51,55,57,59,61,64,67,69,71,74,77,79,81,84,86,89,91,94,96,99,101,104,106,108,111,114,116,118,121,124,126,128,130,134,136,138,140,144,146,148,150,154,156,158,160,163,166,168,170,173,176,178,180,183,185,188,190,193,195,198,200,203,205,207,210,213,215,217,220,223,225,227,229,233,235,237,239,243,245,247,249,253
226,7,9,12,15,17,19,22,25,27,29,31,35,37,39,41,45,47,49,51,55,57,59,61,64,67,69,72,74,77,79,82,84,86,89,92,94,96,99,102,104,106,108,112,114,116,118,122,124,126,129,132,134,136,139,141,144,146,149,151,154,156,159,161,163,166,169,171,173,176,179,181,183,185,189,191,193,196,199,201,203,206,209,211,213,216,218,221,223,226,228,231,233,236,238,240,243,246,248,250,254
227,7,9,12,15,17,19,22,25,27,29,31,35,37,39,42,45,47,49,52,55,57,59,62,64,67,70,72,74,77,80,82,84,86,90,92,94,96,100,102,104,107,110,112,114,117,119,122,124,127,129,132,135,137,139,141,145,147,149,151,155,157,159,162,165,167,169,172,174,177,179,182,184,187,189,192,194,196,200,202,204,206,210,212,214,216,220,222,224,227,229,232,234,237,239,242,244,247,249,251,255
228,7,9,12,15,17,19,22,25,27,29,33,35,37,39,42,45,47,50,52,55,57,60,62,64,68,70,72,74,78,80,82,84,88,90,92,95,97,100,102,105,107,110,113,115,117,119,123,125,127,130,133,135,137,140,143,145,147,150,152,155,158,160,162,165,168,170,172,176,178,180,182,185,188,190,193,195,198,200,203,205,207,210,213,215,217,221,223,225,227,231,233,235,238,240,243,245,248,250,253,256
229,7,9,12,15,17,19,23,25,27,29,33,35,37,40,42,45,47,50,52,55,58,60,62,64,68,70,72,75,78,80,82,85,88,90,93,95,97,101,103,105,107,111,113,115,118,121,123,125,128,130,133,136,138,140,143,146,148,150,154,156,158,160,163,166,168,171,173,176,179,181,183,185,189,191,193,196,199,201,203,206,209,211,214,216,218,221,224,226,228,232,234,236,238,242,244,246,249,251,254,257
230,7,9,12,15,17,19,23,25,27,30,33,35,37,40,42,45,48,50,52,56,58,60,62,66,68,70,73,75,78,81,83,85,88,91,93,95,99,101,103,106,108,111,113,116,118,121,124,126,128,132,134,136,138,141,144,146,149,151,154,157,159,161,163,167,169,171,174,177,179,182,184,187,189,192,194,196,200,202,204,207,210,212,214,217,220,222,225,227,229,233,235,237,239,243,245,247,250,253,255,258
231,7,9,12,15,17,19,23,25,27,30,33,35,38,40,42,45,48,50,52,56,58,60,63,66,68,71,73,75,78,81,83,85,89,91,93,96,99,101,104,106,108,112,114,116,118,122,124,126,129,132,134,137,139,141,145,147,149,151,155,157,159,162,165,167,170,172,174,178,180,182,185,188,190,192,195,198,200,203,205,207,211,213,215,218,221,223,225,228,231,233,236,238,240,244,246,248,251,254,256,259
232,7,9,12,15,17,19,23,25,27,30,33,35,38,40,42,46,48,50,53,56,58,61,63,66,69,71,73,75,79,81,83,86,89,91,94,96,99,102,104,106,110,112,114,117,119,122,125,127,129,133,135,137,139,143,145,147,150,152,155,158,160,162,166,168,170,173,176,178,181,183,185,189,191,193,196,199,201,203,206,209,211,214,216,218,222,224,226,229,232,234,237,239,242,245,247,249,253,255,257,260
233,7,9,12,15,17,19,23,25,27,30,33,35,38,40,42,46,48,50,53,56,58,61,63,66,69,71,73,77,79,81,84,86,89,92,94,96,100,102,104,107,110,112,115,117,119,123,125,127,130,133,135,138,140,143,146,148,150,154,156,158,161,163,166,169,171,173,177,179,181,184,187,189,192,194,196,200,202,204,207,210,212,215,217,220,223,225,227,231,233,235,238,240,243,246,248,250,254,256,258,261
234,7,9,13,15,17,20,23,25,28,30,33,36,38,40,44,46,48,51,53,56,59,61,63,67,69,71,74,77,79,82,84,86,90,92,94,97,100,102,105,107,110,113,115,117,121,123,125,128,130,134,136,138,141,144,146,149,151,154,157,159,161,165,167,169,172,174,177,180,182,184,188,190,192,195,198,200,203,205,207,211,213,215,218,221,223,226,228,231,234,236,238,242,244,246,249,251,254,257,259,262
235,7,9,13,15,17,20,23,25,28,30,33,36,38,40,44,46,48,51,53,57,59,61,64,67,69,72,74,77,80,82,84,88,90,92,95,97,100,103,105,108,111,113,116,118,121,124,126,128,132,134,136,139,141,144,147,149,151,155,157,160,162,165,168,170,172,176,178,180,183,185,188,191,193,195,199,201,203,206,209,212,214,216,220,222,224,227,229,232,235,237,239,243,245,247,250,253,255,258,260,264
236,7,9,13,15,17,20,23,25,28,30,33,36,38,41,44,46,49,51,53,57,59,61,64,67,70,72,74,78,80,82,85,88,90,93,95,97,101,103,106,108,111,114,116,118,122,124,126,129,132,135,137,139,143,145,147,150,152,155,158,160,162,166,168,171,173,176,179,181,183,187,189,191,194,196,200,202,204,207,210,212,215,217,220,223,225,227,231,233,236,238,240,244,246,248,251,254,256,259,261,265
237,7,9,13,15,17,20,23,25,28,30,34,36,38,41,44,46,49,51,55,57,59,62,64,67,70,72,74,78,80,83,85,88,91,93,95,99,101,104,106,108,112,114,116,119,122,125,127,129,133,135,137,140,143,145,148,150,154,156,158,161,163,166,169,171,174,177,179,182,184,187,190,192,195,198,200,203,205,207,211,213,215,218,221,224,226,228,232,234,236,239,242,245,247,249,253,255,257,260,262,266
238,7,9,13,15,17,20,23,26,28,30,34,36,38,41,44,47,49,51,55,57,59,62,64,68,70,72,75,78,81,83,85,89,91,93,96,99,102,104,106,110,112,114,117,119,123,125,127,130,133,136,138,140,144,146,148,151,154,157,159,161,165,167,169,172,174,178,180,182,185,188,190,193,195,199,201,203,206,209,212,214,216,220,222,224,227,229,233,235,237,240,243,245,248,250,254,256,258,261,264,267
239,7,9,13,15,17,20,23,26,28,30,34,36,39,41,44,47,49,52,55,57,60,62,64,68,70,73,75,78,81,83,86,89,91,94,96,100,102,104,107,110,112,115,117,121,123,125,128,130,134,136,138,141,144,147,149,151,155,157,160,162,165,168,170,172,176,178,181,183,185,189,191,194,196,199,202,204,207,210,212,215,217,220,223,225,228,231,233,236,238,242,244,246,249,251,255,257,259,262,265,268
240,7,9,13,15,18,20,23,26,28,31,34,36,39,41,45,47,49,52,55,58,60,62,66,68,71,73,75,79,81,84,86,89,92,94,97,100,102,105,107,111,113,115,118,121,124,126,128,132,134,137,139,141,145,147,150,152,155,158,160,163,166,168,171,173,177,179,181,184,187,190,192,194,198,200,203,205,207,211,213,216,218,221,224,226,229,232,234,237,239,243,245,247,250,253,256,258,260,264,266,269
241,7,9,13,15,18,20,23,26,28,31,34,36,39,41,45,47,49,52,55,58,60,63,66,68,71,73,77,79,81,84,86,90,92,94,97,100,103,105,107,111,113,116,118,122,124,126,129,132,135,137,139,143,145,148,150,152,156,158,161,163,167,169,171,174,177,180,182,184,188,190,193,195,198,201,203,206,209,211,214,216,220,222,225,227,229,233,235,238,240,243,246,248,251,254,256,259,261,265,267,270
242,7,9,13,15,18,20,23,26,28,31,34,37,39,41,45,47,50,52,55,58,60,63,66,69,71,73,77,79,82,84,88,90,92,95,97,101,103,105,108,111,114,116,119,122,124,127,129,133,135,138,140,143,146,148,151,154,156,159,161,165,167,170,172,174,178,180,183,185,188,191,193,196,199,202,204,206,210,212,215,217,221,223,225,228,231,234,236,238,242,244,247,249,253,255,257,260,262,266,268,271
243,7,9,13,15,18,20,24,26,28,31,34,37,39,42,45,47,50,52,56,58,61,63,66,69,71,74,77,80,82,84,88,90,93,95,99,101,103,106,108,112,114,117,119,122,125,127,130,133,136,138,140,144,146,149,151,155,157,159,162,165,168,170,173,176,178,181,183,187,189,192,194,196,200,202,205,207,211,213,215,218,221,224,226,229,232,234,237,239,243,245,248,250,253,256,258,261,264,267,269,272
244,7,9,13,15,18,20,24,26,28,31,34,37,39,42,45,48,50,52,56,58,61,63,67,69,72,74,77,80,82,85,88,91,93,95,99,101,104,106,110,112,115,117,119,123,125,128,130,134,136,139,141,144,147,149,152,155,158,160,162,166,168,171,173,177,179,182,184,187,190,192,195,198,201,203,206,209,211,214,216,220,222,225,227,229,233,235,238,240,244,246,249,251,254,257,259,262,265,268,270,273
245,7,9,13,15,18,20,24,26,29,31,34,37,39,42,45,48,50,53,56,59,61,63,67,69,72,74,78,80,83,85,88,91,93,96,99,102,104,107,110,113,115,117,121,123,126,128,132,134,137,139,141,145,147,150,152,156,158,161,163,167,169,171,174,177,180,182,185,188,191,193,195,199,201,204,206,210,212,215,217,221,223,225,228,231,234,236,239,242,245,247,249,253,255,258,260,264,266,269,271,275
246,7,9,13,15,18,20,24,26,29,31,35,37,39,42,45,48,50,53,56,59,61,64,67,70,72,74,78,80,83,85,89,91,94,96,100,102,105,107,110,113,115,118,121,124,126,129,132,135,137,140,143,145,148,150,154,156,159,161,165,167,170,172,174,178,180,183,185,189,191,194,196,200,202,205,207,210,213,215,218,221,224,226,229,232,235,237,240,243,245,248,250,254,256,259,261,265,267,270,272,276
247,7,9,13,15,18,20,24,26,29,31,35,37,40,42,46,48,50,53,56,59,61,64,67,70,72,75,78,81,83,86,89,92,94,96,100,102,105,107,111,113,116,118,122,124,127,129,133,135,138,140,143,146,148,151,154,157,159,162,165,168,170,173,176,179,181,184,187,189,192,194,198,200,203,205,209,211,214,216,220,222,225,227,231,233,235,238,240,244,246,249,251,255,257,260,262,266,268,271,273,277
248,7,9,13,15,18,20,24,26,29,31,35,37,40,42,46,48,51,53,57,59,62,64,68,70,73,75,78,81,83,86,89,92,94,97,100,103,105,108,111,114,116,119,122,125,127,130,133,136,138,141,144,146,149,151,155,157,160,162,166,168,171,173,177,179,182,184,188,190,193,195,199,201,204,206,210,212,214,217,220,223,225,228,231,234,236,239,242,245,247,250,253,256,258,261,264,267,269,272,275,278
249,7,9,13,15,18,20,24,26,29,31,35,37,40,42,46,48,51,53,57,59,62,64,68,70,73,75,79,81,84,86,90,92,95,97,101,103,106,108,112,114,117,119,123,125,128,130,134,136,139,141,144,147,149,152,155,158,160,163,166,169,171,174,177,180,182,185,188,191,193,196,199,202,204,207,210,213,215,218,221,224,226,229,232,235,237,240,243,246,248,251,254,257,259,262,265,268,270,273,276,279
250,7,11,13,16,18,22,24,27,29,33,35,38,40,44,46,49,51,55,57,60,62,66,68,71,73,77,79,82,84,88,90,93,95,99,101,104,106,110,112,115,117,121,123,126,128,132,134,137,139,143,145,148,150,154,156,159,161,165,167,170,172,176,178,181,183,187,189,192,194,198,200,203,205,209,211,214,216,220,222,225,227,231,233,236,238,242,244,247,249,253,255,258,260,264,266,269,271,275,277,280
251,7,11,13,16,18,22,24,27,29,33,35,38,40,44,46,49,51,55,57,60,62,66,68,71,73,77,79,82,84,88,90,93,95,99,101,104,106,110,112,115,117,121,123,126,128,132,134,137,139,143,146,148,151,154,157,159,162,165,168,170,173,176,179,181,184,187,190,192,195,198,201,203,206,209,212,214,217,220,223,225,228,231,234,236,239,242,245,247,250,253,256,258,261,264,267,269,272,275,278,281
252,7,11,13,16,18,22,24,27,29,33,35,38,40,44,46,49,51,55,57,60,62,66,68,71,74,77,80,82,85,88,91,93,96,99,102,104,107,110,113,115,118,121,124,126,129,132,135,137,140,144,146,149,151,155,157,160,162,166,168,171,173,177,179,182,184,188,190,193,195,199,201,204,206,210,213,215,218,221,224,226,229,232,235,237,240,243,246,248,251,254,257,259,262,265,268,270,273,276,279,282
253,7,11,13,16,18,22,24,27,29,33,35,38,40,44,46,49,52,55,58,60,63,66,69,71,74,77,80,82,85,88,91,93,96,100,102,105,107,111,113,116,118,122,124,127,129,133,135,138,140,144,147,149,152,155,158,160,163,166,169,171,174,177,180,182,185,188,191,194,196,200,202,205,207,211,213,216,218,222,224,227,229,233,235,238,242,244,247,249,253,255,258,260,264,266,269,271,275,277,280,283
254,7,11,13,16,18,22,24,27,29,33,35,38,41,44,47,49,52,55,58,60,63,66,69,71,74,78,80,83,85,89,91,94,96,100,102,105,107,111,114,116,119,122,125,127,130,133,136,138,141,145,147,150,152,156,158,161,163,167,169,172,174,178,181,183,187,189,192,194,198,200,203,205,209,211,214,217,220,223,225,228,231,234,236,239,242,245,247,250,254,256,259,261,265,267,270,272,276,278,281,284
255,7,11,13,16,18,22,24,27,29,33,36,38,41,44,47,49,52,55,58,61,63,67,69,72,74,78,80,83,85,89,92,94,97,100,103,105,108,111,114,117,119,123,125,128,130,134,136,139,141,145,148,150,154,156,159,161,165,167,170,173,176,179,181,184,187,190,192,195,198,201,204,206,210,212,215,217,221,223,226,229,232,235,237,240,243,246,248,251,254,257,260,262,266,268,271,273,277,279,282,286
256,7,11,13,16,18,22,24,27,30,33,36,38,41,44,47,49,52,56,58,61,63,67,69,72,75,78,81,83,86,89,92,94,97,101,103,106,108,112,114,117,119,123,126,128,132,134,137,139,143,146,148,151,154,157,159,162,165,168,171,173,177,179,182,184,188,190,193,196,199,202,204,207,210,213,216,218,222,224,227,229,233,235,238,242,244,247,249,253,255,258,260,264,267,269,272,275,278,280,283,287
257,7,11,13,16,18,22,24,27,30,33,36,38,41,44,47,50,52,56,58,61,63,67,70,72,75,78,81,83,86,90,92,95,97,101,103,106,110,112,115,117,121,123,126,129,132,135,137,140,143,146,149,151,155,157,160,162,166,169,171,174,177,180,182,185,189,191,194,196,200,202,205,209,211,214,216,220,222,225,228,231,234,236,239,242,245,248,250,254,256,259,261,265,268,270,273,276,279,281,284,288
258,7,11,13,16,18,22,25,27,30,33,36,38,41,45,47,50,52,56,59,61,64,67,70,72,75,79,81,84,86,90,92,95,99,101,104,106,110,113,115,118,121,124,126,129,133,135,138,140,144,147,149,152,155,158,160,163,167,169,172,174,178,180,183,187,189,192,194,198,201,203,206,209,212,214,217,221,223,226,228,232,234,237,240,243,246,248,251,255,257,260,262,266,268,271,275,277,280,282,286,289
259,7,11,13,16,18,22,25,27,30,33,36,39,41,45,47,50,53,56,59,61,64,67,70,73,75,79,81,84,88,90,93,95,99,102,104,107,110,113,116,118,122,124,127,129,133,136,138,141,144,147,150,152,156,158,161,165,167,170,172,176,178,181,184,187,190,192,195,199,201,204,206,210,213,215,218,221,224,227,229,233,235,238,240,244,247,249,253,255,258,261,264,267,269,272,276,278,281,283,287,290
260,7,11,13,16,19,22,25,27,30,34,36,39,41,45,48,50,53,56,59,62,64,68,70,73,77,79,82,84,88,91,93,96,99,102,105,107,111,113,116,119,122,125,127,130,134,136,139,141,145,148,150,154,156,159,162,165,168,170,173,177,179,182,184,188,191,193,196,199,202,205,207,211,213,216,220,222,225,227,231,234,236,239,242,245,248,250,254,256,259,262,265,268,270,273,277,279,282,284,288,291
261,7,11,13,16,19,22,25,27,30,34,36,39,41,45,48,50,53,56,59,62,64,68,71,73,77,79,82,85,88,91,93,96,100,102,105,107,111,114,116,119,123,125,128,130,134,137,139,143,145,148,151,154,157,159,162,166,168,171,173,177,180,182,185,189,191,194,196,200,203,205,209,211,214,217,220,223,225,228,232,234,237,240,243,246,248,251,255,257,260,262,266,269,271,275,277,280,283,286,289,292
262,7,11,13,16,19,22,25,27,30,34,36,39,42,45,48,50,53,57,59,62,66,68,71,73,77,80,82,85,88,91,94,96,100,103,105,108,111,114,117,119,123,126,128,132,134,137,140,143,146,149,151,155,157,160,163,166,169,171,174,178,180,183,187,189,192,194,198,201,203,206,210,212,215,217,221,224,226,229,232,235,238,240,244,247,249,253,255,258,261,264,267,270,272,276,278,281,284,287,290,293
263,7,11,13,16,19,22,25,28,30,34,36,39,42,45,48,51,53,57,59,62,66,68,71,74,77,80,83,85,89,91,94,97,100,103,106,108,112,114,117,121,123,126,129,132,135,137,140,144,146,149,152,155,158,161,163,167,169,172,176,178,181,184,187,190,192,195,199,201,204,207,210,213,215,218,222,224,227,231,233,236,239,242,245,247,250,254,256,259,262,265,268,270,273,277,279,282,286,288,291,294
264,7,11,13,16,19,22,25,28,30,34,37,39,42,45,48,51,53,57,60,62,66,69,71,74,78,80,83,85,89,92,94,97,101,103,106,110,112,115,117,121,124,126,129,133,135,138,141,144,147,150,152,156,158,161,165,167,170,173,176,179,182,184,188,190,193,196,199,202,205,207,211,214,216,220,223,225,228,231,234,237,239,243,246,248,251,255,257,260,262,266,269,271,275,278,280,283,287,289,292,295
265,7,11,13,16,19,22,25,28,30,34,37,39,42,46,48,51,55,57,60,63,66,69,71,74,78,80,83,86,89,92,95,97,101,104,106,110,113,115,118,122,124,127,129,133,136,138,141,145,147,150,154,156,159,162,165,168,171,173,177,180,182,185,188,191,194,196,200,203,205,209,212,214,217,221,223,226,229,232,235,238,240,244,246,249,253,255,258,261,264,267,270,272,276,279,281,284,288,290,293,297
266,7,11,13,16,19,22,25,28,30,34,37,39,42,46,48,51,55,57,60,63,66,69,72,74,78,81,83,86,90,92,95,99,101,104,107,110,113,116,118,122,125,127,130,134,136,139,143,145,148,151,154,157,159,162,166,168,171,174,177,180,183,185,189,192,194,198,201,203,206,210,212,215,218,221,224,227,229,233,236,238,242,245,247,250,254,256,259,262,265,268,271,273,277,280,282,286,289,291,294,298
267,7,11,14,16,19,23,25,28,31,34,37,40,42,46,49,51,55,58,60,63,67,69,72,75,78,81,84,86,90,93,95,99,102,104,107,111,113,116,119,122,125,128,130,134,137,139,143,146,148,151,155,157,160,163,166,169,172,174,178,181,183,187,190,192,195,199,201,204,207,210,213,216,218,222,225,227,231,234,236,239,243,245,248,251,254,257,260,262,266,269,271,275,278,280,283,287,289,292,295,299
268,7,11,14,16,19,23,25,28,31,34,37,40,42,46,49,51,55,58,60,63,67,69,72,75,79,81,84,88,90,93,96,99,102,105,107,111,114,116,119,123,125,128,132,134,137,140,143,146,149,152,155,158,161,163,167,170,172,176,179,181,184,188,190,193,196,199,202,205,207,211,214,216,220,223,226,228,232,235,237,240,244,246,249,253,255,258,261,264,267,270,272,276,279,281,284,288,290,293,297,300
269,7,11,14,16,19,23,25,28,31,34,37,40,42,46,49,52,55,58,61,63,67,70,72,75,79,81,84,88,91,93,96,100,102,105,108,111,114,117,119,123,126,128,132,135,138,140,144,147,149,152,156,158,161,165,167,170,173,177,179,182,185,188,191,194,196,200,203,205,209,212,214,217,221,224,226,229,233,235,238,242,244,247,250,253,256,259,262,265,268,271,273,277,280,282,286,289,291,294,298,301
270,7,11,14,16,19,23,25,28,31,35,37,40,44,46,49,52,55,58,61,64,67,70,73,75,79,82,84,88,91,94,96,100,103,105,108,112,114,117,121,124,126,129,133,135,138,141,144,147,150,154,156,159,162,165,168,171,173,177,180,183,185,189,192,194,198,201,203,206,210,213,215,218,222,224,227,231,233,236,239,243,245,248,251,254,257,260,262,266,269,272,275,278,281,283,287,290,292,295,299,302
271,7,11,14,16,19,23,25,28,31,35,37,40,44,46,49,52,56,58,61,64,67,70,73,77,79,82,85,88,91,94,97,100,103,106,108,112,115,117,121,124,127,129,133,136,138,141,145,148,150,154,157,159,162,166,169,171,174,178,180,183,187,190,192,195,199,201,204,207,210,213,216,220,222,225,228,231,234,237,240,243,246,249,251,255,258,261,264,267,270,272,276,279,282,284,288,291,293,297,300,303
272,7,11,14,16,19,23,26,28,31,35,37,40,44,47,49,52,56,58,61,64,68,70,73,77,80,82,85,89,91,94,97,101,103,106,110,112,115,118,122,124,127,130,133,136,139,143,145,148,151,155,157,160,163,166,169,172,176,178,181,184,187,190,193,196,199,202,205,207,211,214,217,220,223,226,229,232,235,238,240,244,247,250,253,256,259,261,265,268,271,273,277,280,282,286,289,292,294,298,301,304
273,7,11,14,16,19,23,26,28,31,35,38,40,44,47,49,52,56,59,61,64,68,71,73,77,80,82,85,89,92,94,97,101,104,106,110,113,116,118,122,125,127,130,134,137,139,143,146,149,151,155,158,160,163,167,170,172,176,179,182,184,188,191,193,196,200,203,205,209,212,215,217,221,224,227,229,233,236,238,242,245,248,250,254,257,260,262,266,269,271,275,278,281,283,287,290,293,295,299,302,305
274,7,11,14,16,19,23,26,28,31,35,38,40,44,47,50,52,56,59,62,64,68,71,74,77,80,83,85,89,92,95,97,101,104,107,110,113,116,119,122,125,128,132,134,137,140,144,146,149,152,156,158,161,165,167,170,173,177,179,182,185,189,191,194,198,201,203,206,210,213,215,218,222,225,227,231,234,236,239,243,246,248,251,255,258,260,264,267,270,272,276,279,282,284,288,291,294,297,300,303,306
275,7,11,14,17,19,23,26,29,31,35,38,41,44,47,50,53,56,59,62,66,68,71,74,78,80,83,86,90,92,95,99,102,104,107,111,114,116,119,123,126,128,132,135,138,140,144,147,150,152,156,159,162,165,168,171,174,177,180,183,187,189,192,195,199,201,204,207,211,213,216,220,223,225,228,232,235,237,240,244,247,249,253,256,259,261,265,268,271,273,277,280,283,286,289,292,295,298,301,304,308
276,7,11,14,17,19,23,26,29,31,35,38,41,44,47,50,53,56,59,62,66,68,71,74,78,81,83,86,90,93,95,99,102,105,107,111,114,117,119,123,126,129,132,135,138,141,144,147,150,154,157,159,162,166,169,171,174,178,181,183,187,190,193,195,199,202,205,207,211,214,217,220,223,226,229,233,235,238,242,245,247,250,254,257,259,262,266,269,271,275,278,281,283,287,290,293,295,299,302,305,309
277,7,11,14,17,19,23,26,29,31,35,38,41,45,47,50,53,57,59,62,66,69,71,74,78,81,84,86,90,93,96,99,102,105,108,111,114,117,121,124,126,129,133,136,138,141,145,148,150,154,157,160,163,166,169,172,176,178,181,184,188,190,193,196,200,203,205,209,212,215,217,221,224,227,229,233,236,239,243,245,248,251,255,257,260,264,267,269,272,276,279,282,284,288,291,294,297,300,303,306,310
278,7,11,14,17,19,23,26,29,33,35,38,41,45,47,50,53,57,60,62,66,69,72,74,78,81,84,88,90,93,96,100,102,105,108,112,115,117,121,124,127,129,133,136,139,143,145,148,151,155,158,160,163,167,170,172,176,179,182,185,188,191,194,198,200,203,206,210,213,215,218,222,225,227,231,234,237,240,243,246,249,253,255,258,261,265,268,270,273,277,280,282,286,289,292,295,298,301,304,308,311
279,7,11,14,17,19,23,26,29,33,35,38,41,45,48,50,53,57,60,63,66,69,72,75,78,81,84,88,91,93,96,100,103,106,108,112,115,118,122,124,127,130,134,136,139,143,146,149,151,155,158,161,165,167,170,173,177,180,182,185,189,192,194,198,201,204,207,210,213,216,220,223,225,228,232,235,238,240,244,247,250,253,256,259,262,266,268,271,275,278,281,283,287,290,293,297,299,302,305,309,312
280,7,11,14,17,20,23,26,29,33,36,38,41,45,48,51,53,57,60,63,67,69,72,75,79,82,84,88,91,94,97,100,103,106,110,113,115,118,122,125,128,130,134,137,140,144,146,149,152,156,159,161,165,168,171,174,177,180,183,187,190,192,195,199,202,205,207,211,214,217,221,223,226,229,233,236,238,242,245,248,251,254,257,260,264,267,269,272,276,279,282,284,288,291,294,298,300,303,306,310,313
281,7,11,14,17,20,23,26,29,33,36,38,41,45,48,51,53,57,60,63,67,70,72,75,79,82,85,88,91,94,97,101,103,106,110,113,116,118,122,125,128,132,135,137,140,144,147,150,152,156,159,162,166,168,171,174,178,181,183,187,190,193,196,200,202,205,209,212,215,217,221,224,227,231,233,236,239,243,246,248,251,255,258,261,265,267,270,273,277,280,282,286,289,292,295,298,301,304,308,311,314
282,7,11,14,17,20,23,26,29,33,36,39,41,45,48,51,55,57,60,63,67,70,73,75,79,82,85,89,91,94,97,101,104,107,110,113,116,119,123,125,128,132,135,138,141,144,147,150,154,157,160,162,166,169,172,176,178,181,184,188,191,194,196,200,203,206,210,212,215,218,222,225,228,231,234,237,240,244,246,249,253,256,259,262,265,268,271,275,278,280,283,287,290,293,297,299,302,305,309,312,315
283,7,11,14,17,20,23,26,29,33,36,39,41,45,48,51,55,58,60,63,67,70,73,77,79,82,85,89,92,95,97,101,104,107,111,114,116,119,123,126,129,133,135,138,141,145,148,151,154,157,160,163,167,169,172,176,179,182,185,188,191,194,198,201,204,206,210,213,216,220,223,225,228,232,235,238,242,244,247,250,254,257,260,262,266,269,272,276,279,281,284,288,291,294,298,300,303,306,310,313,316
284,7,11,14,17,20,24,26,29,33,36,39,42,45,48,51,55,58,61,63,67,70,73,77,80,83,85,89,92,95,99,102,104,107,111,114,117,121,123,126,129,133,136,139,141,145,148,151,155,158,161,163,167,170,173,177,180,182,185,189,192,195,199,201,204,207,211,214,217,220,223,226,229,233,236,239,242,245,248,251,255,258,260,264,267,270,273,277,279,282,286,289,292,295,298,301,304,308,311,314,317
285,7,11,14,17,20,24,26,29,33,36,39,42,46,48,51,55,58,61,64,68,70,73,77,80,83,86,89,92,95,99,102,105,108,111,114,117,121,124,127,130,133,136,139,143,146,149,151,155,158,161,165,168,171,173,177,180,183,187,190,193,195,199,202,205,209,212,214,217,221,224,227,231,234,236,239,243,246,249,253,256,258,261,265,268,271,275,277,280,283,287,290,293,297,299,302,305,309,312,315,319
286,7,11,14,17,20,24,27,29,33,36,39,42,46,49,51,55,58,61,64,68,71,73,77,80,83,86,90,93,95,99,102,105,108,112,115,117,121,124,127,130,134,137,139,143,146,149,152,156,159,162,165,168,171,174,178,181,184,187,190,193,196,200,203,206,209,212,215,218,222,225,228,231,234,237,240,244,247,250,253,256,259,262,266,269,272,275,278,281,284,288,291,294,297,300,303,306,310,313,316,320
287,7,11,14,17,20,24,27,29,33,36,39,42,46,49,52,55,58,61,64,68,71,74,78,80,83,86,90,93,96,100,102,105,108,112,115,118,122,125,127,130,134,137,140,144,147,150,152,156,159,162,166,169,172,174,178,181,184,188,191,194,198,200,203,206,210,213,216,220,223,225,228,232,235,238,242,245,247,250,254,257,260,264,267,270,272,276,279,282,286,289,292,295,298,301,304,308,311,314,317,321
288,7,11,14,17,20,24,27,30,33,36,39,42,46,49,52,56,58,61,64,68,71,74,78,81,84,86,90,93,96,100,103,106,110,112,115,118,122,125,128,132,135,137,140,144,147,150,154,157,160,163,166,169,172,176,179,182,185,189,191,194,198,201,204,207,211,214,216,220,223,226,229,233,236,239,243,245,248,251,255,258,261,265,268,270,273,277,280,283,287,290,293,295,299,302,305,309,312,315,319,322
289,7,11,14,17,20,24,27,30,34,36,39,42,46,49,52,56,59,62,64,68,71,74,78,81,84,88,91,93,96,100,103,106,110,113,116,119,122,125,128,132,135,138,141,145,148,150,154,157,160,163,167,170,173,177,179,182,185,189,192,195,199,202,205,207,211,214,217,221,224,227,231,234,236,239,243,246,249,253,256,259,262,265,268,271,275,278,281,284,288,291,293,297,300,303,306,310,313,316,320,323
290,7,11,14,17,20,24,27,30,34,37,39,42,46,49,52,56,59,62,66,69,71,74,78,81,84,88,91,94,97,101,103,106,110,113,116,119,123,126,129,133,135,138,141,145,148,151,155,158,161,165,167,170,173,177,180,183,187,190,193,196,199,202,205,209,212,215,218,222,225,228,231,234,237,240,244,247,250,254,257,260,262,266,269,272,276,279,282,286,289,292,294,298,301,304,308,311,314,317,321,324
291,7,11,14,17,20,24,27,30,34,37,40,42,46,49,52,56,59,62,66,69,72,75,78,81,84,88,91,94,97,101,104,107,111,113,116,119,123,126,129,133,136,139,143,146,148,151,155,158,161,165,168,171,174,178,181,183,187,190,193,196,200,203,206,210,213,216,218,222,225,228,232,235,238,242,245,248,251,254,257,260,264,267,270,273,277,280,283,287,289,292,295,299,302,305,309,312,315,319,322,325
292,7,11,14,17,20,24,27,30,34,37,40,44,46,49,52,56,59,62,66,69,72,75,79,82,85,88,91,94,97,101,104,107,111,114,117,121,124,126,129,133,136,139,143,146,149,152,156,159,162,166,168,171,174,178,181,184,188,191,194,198,201,204,206,210,213,216,220,223,226,229,233,236,239,243,246,248,251,255,258,261,265,268,271,275,278,281,284,287,290,293,297,300,303,306,310,313,316,320,323,326
293,7,11,14,17,20,24,27,30,34,37,40,44,47,50,52,56,59,62,66,69,72,75,79,82,85,89,92,95,97,101,104,107,111,114,117,121,124,127,130,134,137,140,143,146,149,152,156,159,162,166,169,172,176,179,182,185,189,191,194,198,201,204,207,211,214,217,221,224,227,231,234,236,239,243,246,249,253,256,259,262,266,269,272,276,279,281,284,288,291,294,298,301,304,308,311,314,317,321,324,327
294,7,11,14,17,20,24,27,30,34,37,40,44,47,50,53,57,59,62,66,69,72,75,79,82,85,89,92,95,99,102,105,108,112,114,117,121,124,127,130,134,137,140,144,147,150,154,157,160,163,167,169,172,176,179,182,185,189,192,195,199,202,205,209,212,215,218,221,224,227,231,234,237,240,244,247,250,254,257,260,264,267,270,273,276,279,282,286,289,292,295,299,302,305,309,312,315,319,322,325,328
295,7,11,14,17,20,24,27,30,34,37,40,44,47,50,53,57,60,63,67,70,72,75,79,82,85,89,92,95,99,102,105,108,112,115,118,122,125,128,132,135,137,140,144,147,150,154,157,160,163,167,170,173,177,180,183,187,190,193,196,200,202,205,209,212,215,218,222,225,228,232,235,238,242,245,248,251,255,258,261,265,267,270,273,277,280,283,287,290,293,297,300,303,306,310,313,316,320,323,326,330
296,7,11,14,17,20,24,27,30,34,37,40,44,47,50,53,57,60,63,67,70,73,77,80,83,86,89,92,95,99,102,105,108,112,115,118,122,125,128,132,135,138,141,145,148,151,155,158,161,165,168,170,173,177,180,183,187,190,193,196,200,203,206,210,213,216,220,223,226,229,233,236,239,243,246,249,251,255,258,261,265,268,271,275,278,281,284,288,291,294,298,301,304,308,311,314,317,321,324,327,331
297,7,11,14,17,20,24,27,30,34,37,40,44,47,50,53,57,60,63,67,70,73,77,80,83,86,90,93,96,100,103,106,110,113,115,118,122,125,128,132,135,138,141,145,148,151,155,158,161,165,168,171,174,178,181,184,188,191,194,198,201,204,207,211,214,217,221,223,226,229,233,236,239,243,246,249,253,256,259,262,266,269,272,276,279,282,286,289,292,295,299,302,305,309,312,315,319,322,325,328,332
298,7,11,14,17,20,24,27,30,34,37,40,44,47,50,53,57,60,63,67,70,73,77,80,83,86,90,93,96,100,103,106,110,113,116,119,123,126,129,133,136,139,143,146,149,152,156,159,162,166,169,171,174,178,181,184,188,191,194,198,201,204,207,211,214,217,221,224,227,231,234,237,240,244,247,250,254,257,260,264,267,270,273,277,280,283,287,290,293,297,300,303,306,310,313,316,320,323,326,330,333
299,7,11,14,17,20,24,27,30,34,37,40,44,47,50,53,57,60,63,67,70,73,77,80,83,86,90,93,96,100,103,106,110,113,116,119,123,126,129,133,136,139,143,146,149,152,156,159,162,166,169,172,176,179,182,185,189,192,195,199,202,205,209,212,215,218,222,225,228,232,235,238,242,245,248,251,255,258,261,265,268,271,275,278,281,284,288,291,294,298,301,304,308,311,314,317,321,324,327,331,334
300,8,12,15,18,22,25,28,31,35,38,41,45,48,51,55,58,61,64,68,71,74,78,81,84,88,91,94,97,101,104,107,111,114,117,121,124,127,130,134,137,140,144,147,150,154,157,160,163,167,170,173,177,180,183,187,190,193,196,200,203,206,210,213,216,220,223,226,229,233,236,239,243,246,249,253,256,259,262,266,269,272,276,279,282,286,289,292,295,299,302,305,309,312,315,319,322,325,328,332,335
301,8,12,15,18,22,25,28,31,35,38,41,45,48,51,55,58,61,64,68,71,74,78,81,84,88,91,94,97,101,104,107,111,114,117,121,124,127,130,134,137,140,144,147,150,154,157,160,163,167,170,173,177,180,183,187,190,193,196,200,203,206,210,213,216,220,223,226,229,233,236,239,243,246,249,253,256,259,262,266,269,272,276,279,282,286,289,292,295,299,302,305,309,312,315,319,322,325,328,332,336
302,8,12,15,18,22,25,28,31,35,38,41,45,48,51,55,58,61,64,68,71,74,78,81,84,88,91,94,97,101,104,107,111,114,117,121,124,127,130,134,137,140,144,147,150,154,157,160,163,167,171,174,178,181,184,188,191,194,198,201,204,207,211,214,217,221,224,227,231,234,237,240,244,247,250,254,257,260,264,267,270,273,277,280,283,287,290,293,297,300,303,306,310,313,316,320,323,326,330,333,337
303,8,12,15,18,22,25,28,31,35,38,41,45,48,51,55,58,61,64,68,71,74,78,81,84,88,91,94,97,101,104,107,111,114,118,122,125,128,132,135,138,141,145,148,151,155,158,161,165,168,171,174,178,181,184,188,191,194,198,201,204,207,211,214,217,221,224,228,232,235,238,242,245,248,251,255,258,261,265,268,271,275,278,281,284,288,291,294,298,301,304,308,311,314,317,321,324,327,331,334,338
304,8,12,15,18,22,25,28,31,35,38,41,45,48,51,55,58,61,64,68,71,74,78,81,84,89,92,95,99,102,105,108,112,115,118,122,125,128,132,135,138,141,145,148,151,155,158,161,165,168,172,176,179,182,185,189,192,195,199,202,205,209,212,215,218,222,225,228,232,235,238,242,245,248,251,256,259,262,266,269,272,276,279,282,286,289,292,295,299,302,305,309,312,315,319,322,325,328,332,335,339
305,8,12,15,18,22,25,28,31,35,38,41,45,48,51,55,58,61,64,68,72,75,79,82,85,89,92,95,99,102,105,108,112,115,118,122,125,128,132,135,139,143,146,149,152,156,159,162,166,169,172,176,179,182,185,189,192,195,199,202,206,210,213,216,220,223,226,229,233,236,239,243,246,249,253,256,259,262,266,269,273,277,280,283,287,290,293,297,300,303,306,310,313,316,320,323,326,330,333,336,341
306,8,12,15,18,22,25,28,31,35,38,41,45,48,51,55,58,62,66,69,72,75,79,82,85,89,92,95,99,102,105,108,112,115,119,123,126,129,133,136,139,143,146,149,152,156,159,162,166,169,173,177,180,183,187,190,193,196,200,203,206,210,213,216,220,223,226,231,234,237,240,244,247,250,254,257,260,264,267,270,273,277,280,283,288,291,294,298,301,304,308,311,314,317,321,324,327,331,334,337,342
307,8,12,15,18,22,25,28,31,35,38,41,45,48,51,56,59,62,66,69,72,75,79,82,85,89,92,95,99,103,106,110,113,116,119,123,126,129,133,136,139,143,146,150,154,157,160,163,167,170,173,177,180,183,187,190,193,196,201,204,207,211,214,217,221,224,227,231,234,237,240,244,248,251,255,258,261,265,268,271,275,278,281,284,288,291,295,299,302,305,309,312,315,319,322,325,328,332,335,338,343
308,8,12,15,18,22,25,28,31,35,38,41,45,49,52,56,59,62,66,69,72,75,79,82,85,90,93,96,100,103,106,110,113,116,119,123,126,129,134,137,140,144,147,150,154,157,160,163,167,170,174,178,181,184,188,191,194,198,201,204,207,211,214,218,222,225,228,232,235,238,242,245,248,251,255,259,262,266,269,272,276,279,282,286,289,292,295,299,303,306,310,313,316,320,323,326,330,333,336,339,344
309,8,12,15,18,22,25,28,31,35,38,41,46,49,52,56,59,62,66,69,72,75,79,83,86,90,93,96,100,103,106,110,113,116,121,124,127,130,134,137,140,144,147,150,154,158,161,165,168,171,174,178,181,184,188,191,195,199,202,205,209,212,215,218,222,225,228,233,236,239,243,246,249,253,256,259,262,266,270,273,277,280,283,287,290,293,297,300,303,308,311,314,317,321,324,327,331,334,337,341,345
310,8,12,15,18,22,25,28,31,35,39,42,46,49,52,56,59,62,66,69,73,77,80,83,86,90,93,96,100,103,107,111,114,117,121,124,127,130,134,137,141,145,148,151,155,158,161,165,168,171,176,179,182,185,189,192,195,199,202,205,210,213,216,220,223,226,229,233,236,239,244,247,250,254,257,260,264,267,270,273,278,281,284,288,291,294,298,301,304,308,312,315,319,322,325,328,332,335,338,342,346
311,8,12,15,18,22,25,28,31,35,39,42,46,49,52,56,59,62,66,70,73,77,80,83,86,90,93,96,101,104,107,111,114,117,121,124,127,132,135,138,141,145,148,151,155,158,162,166,169,172,176,179,182,185,189,193,196,200,203,206,210,213,216,220,224,227,231,234,237,240,244,247,250,255,258,261,265,268,271,275,278,281,286,289,292,295,299,302,305,309,312,316,320,323,326,330,333,336,339,343,347
312,8,12,15,18,22,25,28,31,36,39,42,46,49,52,56,59,63,67,70,73,77,80,83,86,91,94,97,101,104,107,111,114,117,122,125,128,132,135,138,141,145,149,152,156,159,162,166,169,172,177,180,183,187,190,193,196,200,203,207,211,214,217,221,224,227,231,235,238,242,245,248,251,255,258,262,266,269,272,276,279,282,286,289,293,297,300,303,306,310,313,316,321,324,327,331,334,337,341,344,348
313,8,12,15,18,22,25,28,33,36,39,42,46,49,52,56,60,63,67,70,73,77,80,83,88,91,94,97,101,104,107,112,115,118,122,125,128,132,135,139,143,146,149,152,156,159,162,167,170,173,177,180,183,187,191,194,198,201,204,207,211,214,218,222,225,228,232,235,238,242,246,249,253,256,259,262,266,270,273,277,280,283,287,290,293,298,301,304,308,311,314,317,321,325,328,332,335,338,342,345,349
314,8,12,15,18,22,25,28,33,36,39,42,46,49,52,57,60,63,67,70,73,77,81,84,88,91,94,97,101,105,108,112,115,118,122,125,129,133,136,139,143,146,149,154,157,160,163,167,170,173,178,181,184,188,191,194,198,201,205,209,212,215,218,222,225,229,233,236,239,243,246,249,254,257,260,264,267,270,273,278,281,284,288,291,294,298,302,305,309,312,315,319,322,326,330,333,336,339,343,346,350
315,8,12,15,18,22,25,29,33,36,39,42,46,49,53,57,60,63,67,70,74,78,81,84,88,91,94,99,102,105,108,112,115,118,123,126,129,133,136,139,144,147,150,154,157,160,163,168,171,174,178,181,184,188,192,195,199,202,205,209,213,216,220,223,226,229,233,237,240,244,247,250,254,257,261,265,268,271,275,278,282,286,289,292,295,299,302,306,310,313,316,320,323,326,331,334,337,341,344,347,352
316,8,12,15,18,22,25,29,33,36,39,42,46,50,53,57,60,63,67,71,74,78,81,84,88,92,95,99,102,105,108,112,116,119,123,126,129,133,137,140,144,147,150,154,158,161,165,168,171,174,179,182,185,189,192,195,199,203,206,210,213,216,220,224,227,231,234,237,240,245,248,251,255,258,261,266,269,272,276,279,282,286,290,293,297,300,303,306,311,314,317,321,324,327,332,335,338,342,345,348,353
317,8,12,15,18,22,26,29,33,36,39,42,47,50,53,57,60,63,68,71,74,78,81,84,89,92,95,99,102,105,110,113,116,119,123,126,130,134,137,140,144,147,151,155,158,161,165,168,172,176,179,182,185,190,193,196,200,203,206,211,214,217,221,224,227,232,235,238,242,245,248,253,256,259,262,266,269,273,277,280,283,287,290,294,298,301,304,308,311,315,319,322,325,328,332,336,339,343,346,349,354
318,8,12,15,18,22,26,29,33,36,39,42,47,50,53,57,60,64,68,71,74,78,81,85,89,92,95,99,103,106,110,113,116,119,124,127,130,134,137,141,145,148,151,155,158,162,166,169,172,176,180,183,187,190,193,196,201,204,207,211,214,217,222,225,228,232,235,239,243,246,249,253,256,260,264,267,270,273,278,281,284,288,291,294,299,302,305,309,312,316,320,323,326,330,333,337,341,344,347,350,355
319,8,12,15,18,22,26,29,33,36,39,44,47,50,53,57,61,64,68,71,74,78,82,85,89,92,95,100,103,106,110,113,117,121,124,127,130,135,138,141,145,148,151,156,159,162,166,169,173,177,180,183,187,191,194,198,201,204,209,212,215,218,222,225,229,233,236,239,243,247,250,254,257,260,265,268,271,275,278,282,286,289,292,295,299,303,306,310,313,316,321,324,327,331,334,338,342,345,348,352,356
320,8,12,15,18,23,26,29,33,36,40,44,47,50,53,58,61,64,68,71,75,79,82,85,89,93,96,100,103,106,111,114,117,121,124,128,132,135,138,141,146,149,152,156,159,163,167,170,173,177,181,184,188,191,194,199,202,205,209,212,216,220,223,226,229,234,237,240,244,247,251,255,258,261,265,269,272,276,279,282,287,290,293,297,300,304,308,311,314,317,322,325,328,332,335,339,343,346,349,353,357
321,8,12,15,18,23,26,29,33,36,40,44,47,50,53,58,61,64,68,71,75,79,82,85,90,93,96,100,103,107,111,114,117,121,125,128,132,135,138,143,146,149,152,157,160,163,167,170,174,178,181,184,188,192,195,199,202,205,210,213,216,220,224,227,231,234,237,242,245,248,251,255,259,262,266,269,272,277,280,283,287,291,294,298,301,304,309,312,315,319,322,326,330,333,336,339,344,347,350,354,358
322,8,12,15,18,23,26,29,33,36,40,44,47,50,55,58,61,64,68,72,75,79,82,86,90,93,96,100,104,107,111,114,118,122,125,128,132,136,139,143,146,150,154,157,160,163,168,171,174,178,182,185,189,192,195,200,203,206,210,213,217,221,224,227,232,235,238,242,245,249,253,256,259,264,267,270,273,277,281,284,288,291,295,299,302,305,309,313,316,320,323,327,331,334,337,341,345,348,352,355,359
323,8,12,15,18,23,26,29,33,37,40,44,47,50,55,58,61,64,69,72,75,79,83,86,90,93,96,101,104,107,111,115,118,122,125,129,133,136,139,143,147,150,154,157,161,165,168,171,176,179,182,185,189,193,196,200,203,207,211,214,217,222,225,228,232,235,239,243,246,249,254,257,260,264,268,271,275,278,281,286,289,292,295,300,303,306,310,314,317,321,324,327,332,335,338,342,346,349,353,356,360
324,8,12,15,18,23,26,29,33,37,40,44,47,51,55,58,61,66,69,72,75,80,83,86,90,94,97,101,104,107,112,115,118,122,126,129,133,136,140,144,147,150,155,158,161,165,169,172,176,179,183,187,190,193,196,201,204,207,211,215,218,222,225,229,233,236,239,244,247,250,254,258,261,265,268,272,276,279,282,286,290,293,297,300,304,308,311,314,319,322,325,328,333,336,339,343,347,350,354,357,361
325,8,12,15,19,23,26,29,34,37,40,44,48,51,55,58,62,66,69,72,77,80,83,86,91,94,97,101,105,108,112,115,119,123,126,129,134,137,140,144,148,151,155,158,162,166,169,172,177,180,183,187,191,194,198,201,205,209,212,215,220,223,226,229,234,237,240,244,248,251,255,258,262,266,269,272,277,280,283,287,291,294,298,301,305,309,312,315,320,323,326,330,334,337,341,344,348,352,355,358,363
326,8,12,15,19,23,26,29,34,37,40,44,48,51,55,58,62,66,69,72,77,80,83,86,91,94,97,102,105,108,112,116,119,123,126,130,134,137,140,145,148,151,155,159,162,166,169,173,177,180,184,188,191,194,199,202,205,209,213,216,220,223,227,231,234,237,242,245,248,251,256,259,262,266,270,273,277,281,284,288,291,295,299,302,305,310,313,316,320,324,327,331,334,338,342,345,348,353,356,359,364
327,8,12,15,19,23,26,29,34,37,40,44,48,51,55,59,62,66,69,73,77,80,83,88,91,94,99,102,105,108,113,116,119,123,127,130,134,137,141,145,148,152,156,159,162,167,170,173,177,181,184,188,192,195,199,202,206,210,213,216,221,224,227,232,235,238,242,246,249,253,256,260,264,267,270,275,278,281,286,289,292,295,300,303,306,310,314,317,321,325,328,332,335,339,343,346,349,354,357,360,365
328,8,12,15,19,23,26,29,34,37,40,45,48,51,55,59,62,66,70,73,77,80,84,88,91,95,99,102,105,110,113,116,119,124,127,130,135,138,141,145,149,152,156,160,163,167,170,174,178,181,185,189,192,195,200,203,206,210,214,217,221,225,228,232,235,239,243,246,250,254,257,260,265,268,271,276,279,282,286,290,293,297,300,304,308,311,315,319,322,325,330,333,336,341,344,347,350,355,358,361,366
329,8,12,15,19,23,26,30,34,37,40,45,48,51,56,59,62,66,70,73,77,81,84,88,91,95,99,102,106,110,113,116,121,124,127,132,135,138,143,146,149,152,157,160,163,168,171,174,178,182,185,189,193,196,200,203,207,211,214,218,222,225,228,233,236,239,244,247,250,255,258,261,265,269,272,276,280,283,287,290,294,298,301,305,309,312,315,320,323,326,331,334,337,341,345,348,352,356,359,363,367
330,8,12,15,19,23,26,30,34,37,41,45,48,51,56,59,62,67,70,73,78,81,84,88,92,95,99,103,106,110,114,117,121,124,128,132,135,139,143,146,150,154,157,160,165,168,171,176,179,182,187,190,193,196,201,204,207,212,215,218,223,226,229,233,237,240,244,248,251,255,259,262,266,269,273,277,280,284,288,291,295,299,302,305,310,313,316,321,324,327,332,335,338,342,346,349,353,357,360,364,368
331,8,12,15,19,23,26,30,34,37,41,45,48,52,56,59,62,67,70,73,78,81,84,89,92,95,100,103,106,110,114,117,121,125,128,132,136,139,143,147,150,154,158,161,165,168,172,176,179,183,187,190,194,198,201,205,209,212,215,220,223,226,231,234,237,242,245,248,253,256,259,264,267,270,273,278,281,284,289,292,295,300,303,306,311,314,317,321,325,328,332,336,339,343,347,350,354,358,361,365,369
332,8,12,15,19,23,26,30,34,37,41,45,48,52,56,59,63,67,70,74,78,81,85,89,92,96,100,103,106,111,114,117,122,125,128,133,136,139,144,147,150,155,158,161,166,169,172,177,180,183,188,191,194,198,202,205,209,213,216,220,224,227,231,235,238,242,246,249,253,257,260,264,268,271,275,279,282,286,289,293,297,300,304,308,311,315,319,322,326,330,333,337,341,344,348,352,355,359,363,366,370
333,8,12,15,19,23,26,30,34,37,41,45,48,52,56,59,63,67,70,74,78,81,85,89,92,96,100,103,107,111,114,118,122,125,129,133,136,140,144,147,151,155,158,162,166,169,173,177,180,184,188,191,195,199,202,206,210,213,217,221,224,228,232,235,239,243,246,250,254,257,261,265,268,272,276,279,283,287,290,294,298,301,305,309,312,316,320,323,327,331,334,338,342,345,349,353,356,360,364,367,371
334,8,12,16,19,23,27,30,34,38,41,45,49,52,56,60,63,67,71,74,78,82,85,89,93,96,100,104,107,111,115,118,122,126,129,133,137,140,144,148,151,155,159,162,166,170,173,177,181,184,189,192,195,200,203,206,211,214,217,222,225,228,233,236,239,244,247,250,255,258,261,266,269,272,277,280,283,288,291,294,299,302,305,310,313,316,321,324,327,332,335,338,343,346,349,354,357,360,365,368,372
335,8,12,16,19,23,27,30,34,38,41,45,49,52,56,60,63,67,71,74,79,82,85,90,93,96,101,104,107,112,115,118,123,126,129,134,137,140,145,148,152,156,159,163,167,170,174,178,181,185,189,192,196,200,203,207,211,214,218,222,226,229,233,237,240,244,248,251,255,259,262,266,270,273,277,281,284,288,292,295,300,303,306,311,314,317,322,325,328,333,336,339,344,347,350,355,358,361,366,369,374
336,8,12,16,19,23,27,30,34,38,41,45,49,52,57,60,63,68,71,74,79,82,85,90,93,97,101,104,108,112,115,119,123,126,130,134,137,141,145,149,152,156,160,163,167,171,174,178,182,185,190,193,196,201,204,207,212,215,218,223,226,229,234,237,242,245,248,253,256,259,264,267,270,275,278,282,286,289,293,297,300,304,308,311,315,319,322,326,330,334,337,341,345,348,352,356,359,363,367,370,375
337,8,12,16,19,23,27,30,34,38,41,46,49,52,57,60,63,68,71,75,79,82,86,90,93,97,101,104,108,112,116,119,123,127,130,134,138,141,146,149,152,157,160,163,168,171,176,179,182,187,190,193,198,201,204,209,212,216,220,223,227,231,234,238,242,246,249,253,257,260,264,268,271,276,279,282,287,290,293,298,301,304,309,312,316,320,323,327,331,334,338,342,346,349,353,357,360,364,368,371,376
338,8,12,16,19,23,27,30,35,38,41,46,49,52,57,60,64,68,71,75,79,82,86,90,94,97,101,105,108,113,116,119,124,127,130,135,138,143,146,149,154,157,160,165,168,172,176,179,183,187,191,194,198,202,205,209,213,216,221,224,227,232,235,238,243,246,250,254,257,261,265,268,272,276,280,283,287,291,294,299,302,305,310,313,316,321,324,328,332,335,339,343,346,350,354,358,361,365,369,372,377
339,8,12,16,19,23,27,30,35,38,41,46,49,53,57,60,64,68,72,75,79,83,86,90,94,97,102,105,108,113,116,121,124,127,132,135,139,143,146,150,154,157,161,165,169,172,176,180,183,188,191,194,199,202,206,210,213,217,221,225,228,232,236,239,243,247,250,255,258,261,266,269,273,277,280,284,288,292,295,299,303,306,310,314,317,322,325,328,333,336,341,344,347,352,355,359,363,366,370,374,378
340,8,12,16,19,24,27,30,35,38,42,46,49,53,57,61,64,68,72,75,80,83,86,91,94,99,102,105,110,113,117,121,124,128,132,136,139,143,147,150,155,158,161,166,169,173,177,180,184,188,192,195,199,203,206,211,214,217,222,225,229,233,236,240,244,248,251,255,259,262,267,270,273,278,281,286,289,292,297,300,304,308,311,315,319,323,326,330,334,337,342,345,348,353,356,360,364,367,371,375,379
341,8,12,16,19,24,27,30,35,38,42,46,49,53,57,61,64,68,72,75,80,83,88,91,94,99,102,106,110,113,117,121,125,128,132,136,139,144,147,150,155,158,162,166,170,173,177,181,184,189,192,195,200,203,207,211,214,218,222,226,229,234,237,240,245,248,253,256,259,264,267,271,275,278,282,286,290,293,297,301,304,309,312,316,320,323,327,331,335,338,342,346,349,354,357,360,365,368,372,376,380
342,8,12,16,19,24,27,30,35,38,42,46,50,53,57,61,64,69,72,75,80,83,88,91,95,99,102,106,110,114,117,122,125,128,133,136,140,144,147,151,155,159,162,167,170,173,178,181,185,189,193,196,200,204,207,212,215,218,223,226,231,234,238,242,245,249,253,257,260,264,268,271,276,279,283,287,290,294,298,302,305,310,313,316,321,324,328,332,335,339,343,347,350,355,358,361,366,369,374,377,381
343,8,12,16,19,24,27,31,35,38,42,46,50,53,58,61,64,69,72,77,80,84,88,91,95,99,103,106,111,114,117,122,125,129,133,137,140,144,148,151,156,159,163,167,170,174,178,182,185,190,193,196,201,204,209,212,216,220,223,227,231,235,238,243,246,249,254,257,261,265,269,272,276,280,283,288,291,295,299,302,306,310,314,317,322,325,328,333,336,341,344,348,352,355,359,363,367,370,375,378,382
344,8,12,16,19,24,27,31,35,38,42,46,50,53,58,61,66,69,72,77,80,84,88,92,95,100,103,106,111,114,118,122,126,129,133,137,140,145,148,152,156,160,163,167,171,174,179,182,187,190,194,198,201,205,209,213,216,221,224,227,232,235,239,243,247,250,255,258,261,266,269,273,277,281,284,289,292,295,300,303,308,311,315,319,322,326,330,334,337,342,345,349,353,356,360,364,368,371,376,379,383
345,8,12,16,19,24,27,31,35,39,42,46,50,53,58,61,66,69,73,77,81,84,88,92,95,100,103,107,111,115,118,122,126,129,134,137,141,145,149,152,157,160,163,168,171,176,179,183,187,191,194,198,202,205,210,213,217,221,225,228,233,236,239,244,247,251,255,259,262,267,270,273,278,281,286,289,293,297,301,304,309,312,315,320,323,327,331,335,338,343,346,349,354,357,361,365,369,372,377,380,385
346,8,12,16,19,24,27,31,35,39,42,47,50,53,58,61,66,69,73,77,81,84,89,92,96,100,103,107,111,115,118,123,126,130,134,138,141,146,149,152,157,160,165,168,172,176,180,183,188,191,195,199,202,206,210,214,217,222,225,229,233,237,240,244,248,251,256,259,264,267,271,275,279,282,287,290,293,298,301,305,309,313,316,321,324,328,332,336,339,343,347,350,355,358,363,366,370,374,378,381,386
347,8,12,16,19,24,27,31,35,39,42,47,50,55,58,62,66,69,73,77,81,84,89,92,96,100,104,107,112,115,119,123,127,130,134,138,141,146,149,154,157,161,165,169,172,177,180,184,188,192,195,199,203,206,211,214,218,222,226,229,234,237,242,245,249,253,257,260,264,268,271,276,279,283,287,291,294,299,302,306,310,314,317,322,325,328,333,336,341,344,348,352,356,359,364,367,371,375,379,382,387
348,8,12,16,19,24,27,31,35,39,42,47,50,55,58,62,66,70,73,78,81,85,89,93,96,101,104,107,112,115,119,123,127,130,135,138,143,146,150,154,158,161,166,169,173,177,181,184,189,192,196,200,203,207,211,215,218,223,226,231,234,238,242,246,249,254,257,261,265,269,272,277,280,284,288,292,295,299,303,306,311,314,319,322,326,330,334,337,342,345,349,353,357,360,365,368,372,376,380,383,388
349,8,12,16,19,24,27,31,35,39,42,47,50,55,58,62,66,70,73,78,81,85,89,93,96,101,104,108,112,116,119,124,127,132,135,139,143,147,150,155,158,162,166,170,173,178,181,185,189,193,196,200,204,207,212,215,220,223,227,231,235,238,243,246,250,254,258,261,266,269,273,277,281,284,289,292,297,300,304,308,312,315,320,323,327,331,335,338,343,346,350,354,358,361,366,369,374,377,381,385,389
350,8,13,16,20,24,28,31,36,39,44,47,51,55,59,62,67,70,74,78,82,85,90,93,97,101,105,108,113,116,121,124,128,132,136,139,144,147,151,155,159,162,167,170,174,178,182,185,190,193,198,201,205,209,213,216,221,224,228,232,236,239,244,247,251,255,259,262,267,270,275,278,282,286,290,293,298,301,305,309,313,316,321,324,328,332,336,339,344,347,352,355,359,363,367,370,375,378,382,386,390
351,8,13,16,20,24,28,31,36,39,44,47,51,55,59,62,67,70,74,78,82,85,90,93,97,101,105,108,113,116,121,124,128,132,136,139,144,147,151,155,159,162,167,170,174,178,182,185,190,193,198,202,205,210,213,217,221,225,228,233,236,240,244,248,251,256,259,264,267,271,275,279,282,287,290,294,298,302,305,310,313,317,321,325,328,333,336,341,344,348,352,356,359,364,367,371,375,379,382,387,391
352,8,13,16,20,24,28,31,36,39,44,47,51,55,59,62,67,70,74,78,82,85,90,93,97,102,105,110,113,117,121,125,128,133,136,140,144,148,151,156,159,163,167,171,174,179,182,187,190,194,199,202,206,210,214,217,222,225,229,233,237,240,245,248,253,256,260,264,268,271,276,279,283,287,291,295,299,303,306,311,314,319,322,326,330,334,337,342,345,349,353,357,360,365,368,372,376,380,383,388,392
353,8,13,16,20,24,28,31,36,39,44,47,51,55,59,62,67,71,74,79,82,86,90,94,97,102,105,110,113,117,121,125,128,133,137,140,145,148,152,156,160,163,168,171,176,179,183,187,191,194,199,203,206,211,214,218,222,226,229,234,237,242,245,249,253,257,260,265,269,272,277,280,284,288,292,295,300,303,308,311,315,319,323,326,331,335,338,343,346,350,354,358,361,366,369,374,377,381,385,389,393
354,8,13,16,20,24,28,31,36,39,44,47,51,56,59,63,67,71,74,79,82,86,90,94,97,102,106,110,114,117,122,125,129,133,137,140,145,148,152,157,160,165,168,172,176,180,183,188,191,195,200,203,207,211,215,218,223,226,231,234,238,242,246,250,254,258,261,266,269,273,277,281,284,289,292,297,301,304,309,312,316,320,324,327,332,335,339,343,347,352,355,359,363,367,370,375,378,382,386,390,394
355,8,13,16,20,24,28,31,36,39,44,48,51,56,59,63,67,71,74,79,83,86,91,94,99,102,106,110,114,117,122,126,129,134,137,141,145,149,152,157,161,165,169,172,177,180,184,188,192,195,200,204,207,212,215,220,223,227,231,235,239,243,247,250,255,258,262,266,270,273,278,282,286,290,293,298,301,305,309,313,317,321,325,328,333,336,341,344,348,352,356,360,364,368,371,376,379,383,387,391,396
356,8,13,16,20,24,28,31,36,40,44,48,51,56,59,63,67,71,75,79,83,86,91,94,99,103,106,111,114,118,122,126,129,134,138,141,146,149,154,157,161,165,169,173,177,181,184,189,192,196,201,204,209,212,216,220,224,227,232,236,239,244,247,251,255,259,262,267,271,275,279,282,287,290,294,299,302,306,310,314,317,322,325,330,334,337,342,345,349,353,357,360,365,369,372,377,380,385,388,392,397
357,8,13,16,20,24,28,31,36,40,44,48,51,56,59,63,68,71,75,79,83,86,91,95,99,103,106,111,114,118,123,126,130,134,138,141,146,150,154,158,161,166,169,173,178,181,185,189,193,196,201,205,209,213,216,221,224,228,233,236,240,244,248,251,256,260,264,268,271,276,279,283,288,291,295,299,303,306,311,315,319,323,326,331,334,338,343,346,350,354,358,361,366,370,374,378,381,386,389,393,398
358,8,13,16,20,24,28,33,36,40,44,48,51,56,60,63,68,71,75,80,83,88,91,95,99,103,107,111,115,118,123,126,130,135,138,143,146,150,155,158,162,166,170,173,178,182,185,190,193,198,202,205,210,213,217,221,225,229,233,237,240,245,248,253,257,260,265,268,272,277,280,284,288,292,295,300,304,308,312,315,320,323,327,332,335,339,343,347,352,355,359,363,367,370,375,379,382,387,390,394,399
359,8,13,16,20,24,28,33,36,40,44,48,52,56,60,63,68,72,75,80,83,88,91,95,100,103,107,111,115,119,123,127,130,135,139,143,147,150,155,159,162,167,170,174,178,182,187,190,194,198,202,206,210,214,217,222,226,229,234,237,242,245,249,254,257,261,265,269,273,277,281,284,289,293,297,301,304,309,313,316,321,324,328,332,336,341,344,348,352,356,360,364,368,371,376,380,383,388,391,396,400
360,8,13,16,20,25,28,33,36,40,45,48,52,56,60,64,68,72,75,80,84,88,92,95,100,104,107,112,115,119,124,127,132,135,139,144,147,151,155,159,163,167,171,174,179,183,187,191,194,199,203,206,211,214,218,223,226,231,234,238,243,246,250,254,258,262,266,270,273,278,282,286,290,293,298,302,305,310,313,317,322,325,330,333,337,342,345,349,353,357,361,365,369,372,377,381,385,389,392,397,401
361,8,13,16,20,25,28,33,36,40,45,48,52,56,60,64,68,72,75,80,84,88,92,96,100,104,107,112,116,119,124,127,132,136,139,144,147,151,156,159,163,168,171,176,179,183,188,191,195,199,203,207,211,215,218,223,227,231,235,238,243,247,250,255,259,262,267,270,275,279,282,287,290,294,299,302,306,310,314,319,322,326,331,334,338,342,346,350,354,358,361,366,370,374,378,381,386,390,393,398,402
362,8,13,16,20,25,28,33,36,40,45,48,52,57,60,64,68,72,77,80,84,89,92,96,100,104,108,112,116,119,124,128,132,136,140,144,148,151,156,160,163,168,172,176,180,183,188,192,195,200,204,207,212,215,220,224,227,232,235,239,244,247,251,256,259,264,267,271,276,279,283,288,291,295,299,303,308,311,315,319,323,327,331,335,339,343,347,350,355,359,363,367,371,375,379,382,387,391,394,399,403
363,8,13,16,20,25,28,33,37,40,45,48,52,57,60,64,69,72,77,80,84,89,92,96,101,104,108,113,116,121,124,128,133,136,140,145,148,152,156,160,165,168,172,177,180,184,188,192,196,200,204,209,212,216,221,224,228,232,236,240,244,248,253,256,260,264,268,272,276,280,284,288,292,295,300,304,308,312,316,320,324,328,332,336,339,344,348,352,356,360,364,368,371,376,380,383,388,392,396,400,404
364,8,13,16,20,25,28,33,37,40,45,49,52,57,60,64,69,72,77,81,84,89,93,96,101,105,108,113,116,121,125,128,133,137,140,145,149,152,157,160,165,169,172,177,181,184,189,193,196,201,205,209,213,216,221,225,228,233,237,240,245,249,253,257,260,265,269,272,277,281,284,289,293,297,301,305,309,313,316,321,325,328,333,337,341,345,349,353,357,360,365,369,372,377,381,385,389,393,397,401,405
365,8,13,16,20,25,28,33,37,40,45,49,52,57,61,64,69,73,77,81,85,89,93,96,101,105,108,113,117,121,125,129,133,137,141,145,149,154,157,161,166,169,173,177,181,185,189,193,198,201,205,210,213,217,222,225,229,234,237,242,246,249,254,257,261,266,269,273,278,281,286,290,293,298,302,305,310,314,317,322,326,330,334,337,342,346,349,354,358,361,366,370,374,378,382,386,390,394,398,402,407
366,8,13,16,20,25,28,33,37,40,45,49,52,57,61,64,69,73,77,81,85,89,93,97,101,105,110,113,117,122,125,129,134,137,141,146,149,154,158,161,166,170,173,178,182,185,190,194,198,202,206,210,214,217,222,226,229,234,238,242,246,250,254,258,262,266,270,275,278,282,287,290,294,299,302,306,311,314,319,323,326,331,335,338,343,347,350,355,359,363,367,371,375,379,383,387,391,396,399,403,408
367,8,13,17,20,25,29,33,37,41,45,49,53,57,61,66,69,73,78,81,85,90,93,97,102,105,110,114,117,122,126,129,134,138,141,146,150,154,158,162,166,170,174,178,182,187,190,194,199,202,206,211,214,218,223,226,231,235,238,243,247,250,255,259,262,267,271,275,279,283,287,291,295,299,303,308,311,315,320,323,327,332,335,339,344,347,352,356,359,364,368,371,376,380,383,388,392,396,400,404,409
368,8,13,17,20,25,29,33,37,41,45,49,53,57,61,66,69,73,78,81,85,90,93,97,102,106,110,114,118,122,126,130,134,138,143,146,150,155,158,162,167,170,174,179,182,187,191,194,199,203,207,211,215,220,223,227,232,235,239,244,247,251,256,259,264,268,271,276,280,283,288,292,295,300,304,309,312,316,321,324,328,333,336,341,345,348,353,357,360,365,369,372,377,381,385,389,393,397,401,405,410
369,8,13,17,20,25,29,33,37,41,45,49,53,57,61,66,70,73,78,82,85,90,94,97,102,106,110,114,118,123,126,130,135,138,143,147,150,155,159,162,167,171,174,179,183,188,191,195,200,203,207,212,215,220,224,227,232,236,240,244,248,253,256,260,265,268,272,277,280,284,289,292,297,301,305,309,313,317,321,325,330,333,337,342,345,349,354,358,361,366,370,374,378,382,386,390,394,398,402,407,411
370,8,13,17,20,25,29,33,37,41,46,49,53,58,61,66,70,73,78,82,86,90,94,99,102,106,111,114,118,123,127,130,135,139,143,147,151,155,159,163,168,171,176,180,183,188,192,195,200,204,209,212,216,221,224,228,233,236,240,245,249,253,257,261,265,269,273,277,281,286,290,293,298,302,305,310,314,317,322,326,331,334,338,343,346,350,355,358,363,367,371,375,379,383,387,391,396,399,403,408,412
371,8,13,17,20,25,29,33,37,41,46,49,53,58,61,66,70,74,78,82,86,90,94,99,103,106,111,115,118,123,127,132,135,139,144,147,151,156,159,163,168,172,176,180,184,188,192,196,201,204,209,213,216,221,225,229,233,237,242,245,249,254,258,261,266,270,273,278,282,286,290,294,299,302,306,311,314,319,323,327,331,335,339,343,347,352,356,359,364,368,371,376,380,385,388,392,397,400,404,409,413
372,8,13,17,20,25,29,34,37,41,46,49,53,58,62,66,70,74,78,82,86,91,94,99,103,107,111,115,119,123,127,132,136,139,144,148,151,156,160,165,168,172,177,180,184,189,193,196,201,205,210,213,217,222,225,229,234,238,242,246,250,254,258,262,267,270,275,279,282,287,291,295,299,303,308,312,315,320,324,327,332,336,341,344,348,353,356,360,365,369,372,377,381,385,389,393,398,401,405,410,414
373,8,13,17,20,25,29,34,37,41,46,50,53,58,62,66,70,74,79,82,86,91,95,99,103,107,111,115,119,124,127,132,136,140,144,148,152,157,160,165,169,172,177,181,185,189,193,198,202,205,210,214,217,222,226,231,234,238,243,247,250,255,259,262,267,271,276,279,283,288,292,295,300,304,309,312,316,321,324,328,333,337,341,345,349,354,357,361,366,369,374,378,382,386,390,394,399,402,407,411,415
374,8,13,17,20,25,29,34,37,41,46,50,53,58,62,67,70,74,79,83,86,91,95,100,103,107,112,115,119,124,128,132,136,140,145,148,152,157,161,165,169,173,178,181,185,190,194,198,202,206,211,214,218,223,226,231,235,239,243,247,251,256,259,264,268,272,276,280,284,289,292,297,301,305,309,313,317,321,325,330,334,337,342,346,350,354,358,363,367,370,375,379,383,387,391,396,400,403,408,412,416
375,8,13,17,22,25,29,34,38,41,46,50,55,58,62,67,71,74,79,83,88,91,95,100,104,107,112,116,121,124,128,133,137,140,145,149,154,157,161,166,170,173,178,182,187,190,194,199,203,206,211,215,220,223,227,232,236,239,244,248,253,256,260,265,269,272,277,281,286,289,293,298,302,305,310,314,319,322,326,331,335,338,343,347,352,355,359,364,368,371,376,380,385,388,392,397,401,404,409,413,418
376,8,13,17,22,25,29,34,38,41,46,50,55,58,62,67,71,74,79,83,88,91,95,100,104,108,112,116,121,125,128,133,137,141,145,149,154,158,161,166,170,174,178,182,187,191,194,199,203,207,212,215,220,224,228,232,236,240,245,248,253,257,261,265,269,273,278,281,286,290,294,298,302,306,311,315,319,323,327,332,335,339,344,348,352,356,360,365,368,372,377,381,385,389,393,398,401,405,410,414,419
377,8,13,17,22,25,29,34,38,41,46,50,55,59,62,67,71,75,79,83,88,92,95,100,104,108,113,116,121,125,129,133,137,141,146,149,154,158,162,167,170,174,179,183,187,191,195,200,203,207,212,216,221,224,228,233,237,240,245,249,254,257,261,266,270,275,278,282,287,291,294,299,303,308,311,315,320,324,328,332,336,341,345,348,353,357,361,365,369,374,378,382,386,390,394,399,402,407,411,415,420
378,8,13,17,22,25,29,34,38,42,46,50,55,59,62,67,71,75,80,83,88,92,96,100,104,108,113,117,121,125,129,134,137,141,146,150,155,158,162,167,171,174,179,183,188,192,195,200,204,209,213,216,221,225,229,233,237,242,246,250,254,258,262,267,270,275,279,283,288,291,295,300,304,308,312,316,321,325,328,333,337,342,345,349,354,358,363,366,370,375,379,382,387,391,396,400,403,408,412,416,421
379,8,13,17,22,25,29,34,38,42,46,50,55,59,63,67,71,75,80,84,88,92,96,101,104,108,113,117,122,125,129,134,138,143,146,150,155,159,163,167,171,176,180,183,188,192,196,201,204,209,213,217,222,225,229,234,238,243,246,250,255,259,262,267,271,276,280,283,288,292,297,301,304,309,313,317,322,325,330,334,338,342,346,350,355,359,363,367,371,376,380,383,388,392,397,401,404,409,413,418,422
380,8,13,17,22,26,29,34,38,42,47,50,55,59,63,68,71,75,80,84,89,92,96,101,105,110,113,117,122,126,130,134,138,143,147,151,155,159,163,168,172,176,180,184,189,193,196,201,205,210,214,217,222,226,231,235,238,243,247,251,256,259,264,268,272,277,280,284,289,293,298,301,305,310,314,319,322,326,331,335,339,343,347,352,356,360,364,368,372,377,381,385,389,393,398,402,405,410,414,419,423
381,8,13,17,22,26,29,34,38,42,47,50,55,59,63,68,71,75,80,84,89,93,96,101,105,110,114,117,122,126,130,135,138,143,147,151,156,159,163,168,172,177,181,184,189,193,198,202,205,210,214,218,223,226,231,235,239,244,247,251,256,260,265,269,272,277,281,286,290,293,298,302,306,311,314,319,323,327,332,335,339,344,348,353,357,360,365,369,374,378,381,386,390,394,399,402,407,411,415,420,424
382,8,13,17,22,26,29,34,38,42,47,51,55,59,63,68,72,75,80,84,89,93,97,101,105,110,114,118,122,126,130,135,139,144,147,151,156,160,165,168,172,177,181,185,190,193,198,202,206,211,215,218,223,227,232,236,239,244,248,253,257,261,265,269,273,278,282,286,290,294,299,303,308,311,315,320,324,328,332,336,341,345,349,354,357,361,366,370,375,378,382,387,391,396,400,403,408,412,416,421,425
383,8,13,17,22,26,29,34,38,42,47,51,55,59,63,68,72,77,80,84,89,93,97,102,105,110,114,118,123,127,130,135,139,144,148,152,156,160,165,169,173,178,181,185,190,194,199,203,206,211,215,220,224,227,232,236,240,245,249,253,257,261,266,270,275,278,282,287,291,295,300,303,308,312,316,321,325,328,333,337,342,346,350,354,358,363,367,371,376,379,383,388,392,397,401,404,409,413,418,422,426
384,8,13,17,22,26,30,34,38,42,47,51,56,59,63,68,72,77,81,84,89,93,97,102,106,111,114,118,123,127,132,136,139,144,148,152,157,161,165,169,173,178,182,187,190,194,199,203,207,212,216,220,224,228,233,237,242,245,249,254,258,262,267,270,275,279,283,288,292,295,300,304,309,313,317,322,325,330,334,338,343,347,350,355,359,364,368,372,376,380,385,389,393,398,401,405,410,414,419,423,427
385,8,13,17,22,26,30,34,38,42,47,51,56,60,63,68,72,77,81,85,90,93,97,102,106,111,115,118,123,127,132,136,140,145,148,152,157,161,166,170,174,178,182,187,191,195,200,203,207,212,216,221,225,229,233,237,242,246,250,255,259,262,267,271,276,280,284,288,292,297,301,305,310,314,317,322,326,331,335,339,344,347,352,356,360,365,369,372,377,381,386,390,394,399,402,407,411,415,420,424,429
386,8,13,17,22,26,30,35,38,42,47,51,56,60,64,68,72,77,81,85,90,94,97,102,106,111,115,119,124,127,132,136,140,145,149,154,157,161,166,170,174,179,183,187,191,195,200,204,209,213,217,221,225,229,234,238,243,247,250,255,259,264,268,272,277,280,284,289,293,298,302,306,310,314,319,323,327,332,336,339,344,348,353,357,361,366,369,374,378,382,387,391,396,399,403,408,412,416,421,425,430
387,8,13,17,22,26,30,35,38,42,47,51,56,60,64,69,72,77,81,85,90,94,99,103,106,111,115,119,124,128,133,136,140,145,149,154,158,162,167,170,174,179,183,188,192,196,201,204,209,213,217,222,226,231,234,238,243,247,251,256,260,265,268,272,277,281,286,290,294,299,302,306,311,315,320,324,328,332,336,341,345,349,354,358,363,366,370,375,379,383,388,392,397,400,404,409,413,418,422,426,431
388,8,13,17,22,26,30,35,39,42,47,51,56,60,64,69,73,77,81,85,90,94,99,103,107,112,115,119,124,128,133,137,141,146,149,154,158,162,167,171,176,180,183,188,192,196,201,205,210,214,218,222,226,231,235,239,244,248,253,256,260,265,269,273,278,282,287,290,294,299,303,308,312,316,321,325,328,333,337,342,346,350,355,359,363,367,371,376,380,385,389,393,397,401,405,410,414,419,423,427,432
389,8,13,17,22,26,30,35,39,44,47,51,56,60,64,69,73,78,82,85,90,94,99,103,107,112,116,121,124,128,133,137,141,146,150,155,159,162,167,171,176,180,184,189,193,198,201,205,210,214,218,223,227,232,236,239,244,248,253,257,261,266,270,275,278,282,287,291,295,300,304,309,313,316,321,325,330,334,338,343,347,352,355,359,364,368,372,377,381,386,390,393,398,402,407,411,415,420,424,429,433
390,8,13,17,22,26,30,35,39,44,48,51,56,60,64,69,73,78,82,86,91,94,99,103,107,112,116,121,125,129,134,137,141,146,150,155,159,163,168,172,177,180,184,189,193,198,202,206,211,215,220,223,227,232,236,240,245,249,254,258,262,266,270,275,279,283,288,292,297,301,305,309,313,317,322,326,331,335,339,344,348,352,356,360,365,369,374,378,382,387,391,394,399,403,408,412,416,421,425,430,434
391,8,13,17,22,26,30,35,39,44,48,52,56,60,64,69,73,78,82,86,91,95,100,103,107,112,116,121,125,129,134,138,143,147,150,155,159,163,168,172,177,181,185,190,194,198,202,206,211,215,220,224,228,233,237,242,245,249,254,258,262,267,271,276,280,284,289,292,297,301,305,310,314,319,323,327,332,336,339,344,348,353,357,361,366,370,375,379,383,387,391,396,400,404,409,413,418,422,426,431,435
392,8,13,17,22,26,30,35,39,44,48,52,57,60,64,69,73,78,82,86,91,95,100,104,108,113,116,121,125,129,134,138,143,147,151,156,160,165,168,172,177,181,185,190,194,199,203,207,212,216,221,224,228,233,237,242,246,250,255,259,264,268,272,276,280,284,289,293,298,302,306,311,315,320,324,328,332,336,341,345,349,354,358,363,367,371,376,380,383,388,392,397,401,405,410,414,419,423,427,432,436
393,8,13,17,22,26,30,35,39,44,48,52,57,61,66,69,73,78,82,86,91,95,100,104,108,113,117,122,126,129,134,138,143,147,151,156,160,165,169,173,178,182,187,190,194,199,203,207,212,216,221,225,229,234,238,243,247,251,255,259,264,268,272,277,281,286,290,294,299,303,308,312,315,320,324,328,333,337,342,346,350,355,359,364,368,372,376,380,385,389,393,398,402,407,411,415,420,424,429,433,437
394,8,13,17,22,26,30,35,39,44,48,52,57,61,66,70,74,78,82,86,91,95,100,104,108,113,117,122,126,130,135,139,144,148,151,156,160,165,169,173,178,182,187,191,195,200,204,209,213,217,222,225,229,234,238,243,247,251,256,260,265,269,273,278,282,287,291,294,299,303,308,312,316,321,325,330,334,338,343,347,352,356,360,365,368,372,377,381,386,390,394,399,403,408,412,416,421,425,430,434,438
395,8,13,17,22,26,30,35,39,44,48,52,57,61,66,70,74,79,83,88,92,95,100,104,108,113,117,122,126,130,135,139,144,148,152,157,161,166,170,174,179,182,187,191,195,200,204,209,213,217,222,226,231,235,239,244,248,253,257,261,266,269,273,278,282,287,291,295,300,304,309,313,317,322,326,331,335,339,344,348,353,356,360,365,369,374,378,382,387,391,396,400,404,409,413,418,422,426,431,435,440
396,8,13,17,22,26,30,35,39,44,48,52,57,61,66,70,74,79,83,88,92,96,101,105,110,114,117,122,126,130,135,139,144,148,152,157,161,166,170,174,179,183,188,192,196,201,205,210,214,218,223,226,231,235,239,244,248,253,257,261,266,270,275,279,283,288,292,297,301,305,310,314,319,323,327,332,335,339,344,348,353,357,361,366,370,375,379,383,388,392,397,401,405,410,414,419,423,427,432,436,441
397,8,13,17,22,26,30,35,39,44,48,52,57,61,66,70,74,79,83,88,92,96,101,105,110,114,118,123,127,132,136,140,145,149,152,157,161,166,170,174,179,183,188,192,196,201,205,210,214,218,223,227,232,236,240,245,249,254,258,262,267,271,276,280,284,289,293,297,301,305,310,314,319,323,327,332,336,341,345,349,354,358,363,367,371,376,380,385,389,393,398,402,407,411,415,420,424,429,433,437,442
398,8,13,17,22,26,30,35,39,44,48,52,57,61,66,70,74,79,83,88,92,96,101,105,110,114,118,123,127,132,136,140,145,149,154,158,162,167,171,176,180,184,189,193,198,202,206,211,215,220,224,227,232,236,240,245,249,254,258,262,267,271,276,280,284,289,293,298,302,306,311,315,320,324,328,333,337,342,346,350,355,359,364,368,372,377,381,386,390,394,399,403,408,412,416,421,425,430,434,438,443
399,8,13,17,22,26,30,35,39,44,48,52,57,61,66,70,74,79,83,88,92,96,101,105,110,114,118,123,127,132,136,140,145,149,154,158,162,167,171,176,180,184,189,193,198,202,206,211,215,220,224,228,233,237,242,246,250,255,259,264,268,272,277,281,286,290,294,299,303,308,312,316,321,325,330,334,338,343,347,352,356,360,365,369,374,378,382,387,391,396,400,404,409,413,418,422,426,431,435,440,444
400,9,14,18,23,27,31,36,40,45,49,53,58,62,67,71,75,80,84,89,93,97,102,106,111,115,119,124,128,133,137,141,146,150,155,159,163,168,172,177,181,185,190,194,199,203,207,212,216,221,225,229,234,238,243,247,251,256,260,265,269,273,278,282,287,291,295,300,304,309,313,317,322,326,331,335,339,344,348,353,357,361,366,370,375,379,383,388,392,397,401,405,410,414,419,423,427,432,436,441,445
401,9,14,18,23,27,31,36,40,45,49,53,58,62,67,71,75,80,84,89,93,97,102,106,111,115,119,124,128,133,137,141,146,150,155,159,163,168,172,177,181,185,190,194,199,203,207,212,216,221,225,229,234,238,243,247,251,256,260,265,269,273,278,282,287,291,295,300,304,309,313,317,322,326,331,335,339,344,348,353,357,361,366,370,375,379,383,388,392,397,401,405,410,414,419,423,427,432,436,441,446
402,9,14,18,23,27,31,36,40,45,49,53,58,62,67,71,75,80,84,89,93,97,102,106,111,115,119,124,128,133,137,141,146,150,155,159,163,168,172,177,181,185,190,194,199,203,207,212,216,221,226,231,235,239,244,248,253,257,261,266,270,275,279,283,288,292,297,301,305,310,314,319,323,327,332,336,341,345,349,354,358,363,367,371,376,380,385,389,393,398,402,407,411,415,420,424,429,433,437,442,447
403,9,14,18,23,27,31,36,40,45,49,53,58,62,67,71,75,80,84,89,93,97,102,106,111,115,119,124,128,133,137,141,146,150,156,160,165,169,173,178,182,187,191,195,200,204,209,213,217,222,226,231,235,239,244,248,253,257,261,266,270,275,279,283,288,292,297,302,306,311,315,320,324,328,333,337,342,346,350,355,359,364,368,372,377,381,386,390,394,399,403,408,412,416,421,425,430,434,438,443,448
404,9,14,18,23,27,31,36,40,45,49,53,58,62,67,71,75,80,84,89,93,97,102,106,111,116,121,125,129,134,138,143,147,151,156,160,165,169,173,178,182,187,191,195,200,204,209,213,217,222,227,232,236,240,245,249,254,258,262,267,271,276,280,284,289,293,298,302,306,311,315,320,324,328,333,338,343,347,352,356,360,365,369,374,378,382,387,391,396,400,404,409,413,418,422,426,431,435,440,444,449
405,9,14,18,23,27,31,36,40,45,49,53,58,62,67,71,75,80,84,89,94,99,103,107,112,116,121,125,129,134,138,143,147,151,156,160,165,169,173,178,183,188,192,196,201,205,210,214,218,223,227,232,236,240,245,249,254,258,262,267,272,277,281,286,290,294,299,303,308,312,316,321,325,330,334,338,343,347,352,356,361,366,370,375,379,383,388,392,397,401,405,410,414,419,423,427,432,436,441,445,451
406,9,14,18,23,27,31,36,40,45,49,53,58,62,67,71,75,81,85,90,94,99,103,107,112,116,121,125,129,134,138,143,147,151,157,161,166,170,174,179,183,188,192,196,201,205,210,214,218,223,228,233,237,242,246,250,255,259,264,268,272,277,281,286,290,294,299,304,309,313,317,322,326,331,335,339,344,348,353,357,361,366,370,375,380,385,389,393,398,402,407,411,415,420,424,429,433,437,442,446,452
407,9,14,18,23,27,31,36,40,45,49,53,58,62,67,72,77,81,85,90,94,99,103,107,112,116,121,125,129,135,139,144,148,152,157,161,166,170,174,179,183,188,192,198,202,206,211,215,220,224,228,233,237,242,246,250,255,259,265,269,273,278,282,287,291,295,300,304,309,313,317,322,327,332,336,341,345,349,354,358,363,367,371,376,380,385,390,394,399,403,408,412,416,421,425,430,434,438,443,447,453
408,9,14,18,23,27,31,36,40,45,49,53,58,63,68,72,77,81,85,90,94,99,103,107,112,117,122,126,130,135,139,144,148,152,157,161,166,170,176,180,184,189,193,198,202,206,211,215,220,224,229,234,238,243,247,251,256,260,265,269,273,278,282,288,292,297,301,305,310,314,319,323,327,332,336,342,346,350,355,359,364,368,372,377,381,386,390,394,400,404,409,413,418,422,426,431,435,440,444,448,454
409,9,14,18,23,27,31,36,40,45,49,53,59,63,68,72,77,81,85,90,94,99,103,108,113,117,122,126,130,135,139,144,148,152,158,162,167,171,176,180,184,189,193,198,202,207,212,216,221,225,229,234,238,243,247,251,257,261,266,270,275,279,283,288,292,297,301,306,311,315,320,324,328,333,337,342,346,350,356,360,365,369,374,378,382,387,391,396,400,405,410,414,419,423,427,432,436,441,445,449,455
410,9,14,18,23,27,31,36,40,45,50,55,59,63,68,72,77,81,85,90,95,100,104,108,113,117,122,126,130,135,140,145,149,154,158,162,167,171,176,180,185,190,194,199,203,207,212,216,221,225,231,235,239,244,248,253,257,261,266,270,276,280,284,289,293,298,302,306,311,315,321,325,330,334,338,343,347,352,356,360,366,370,375,379,383,388,392,397,401,405,411,415,420,424,429,433,437,442,446,451,456
411,9,14,18,23,27,31,36,40,45,50,55,59,63,68,72,77,81,85,91,95,100,104,108,113,117,122,126,132,136,140,145,149,154,158,162,167,172,177,181,185,190,194,199,203,207,213,217,222,226,231,235,239,244,248,254,258,262,267,271,276,280,284,289,294,299,303,308,312,316,321,325,330,335,339,344,348,353,357,361,366,370,376,380,385,389,393,398,402,407,411,416,421,425,430,434,438,443,447,452,457
412,9,14,18,23,27,31,36,40,46,50,55,59,63,68,72,77,82,86,91,95,100,104,108,113,118,123,127,132,136,140,145,149,154,159,163,168,172,177,181,185,190,195,200,204,209,213,217,222,226,232,236,240,245,249,254,258,262,267,272,277,281,286,290,294,299,303,309,313,317,322,326,331,335,339,345,349,354,358,363,367,371,376,380,386,390,394,399,403,408,412,416,422,426,431,435,440,444,448,453,458
413,9,14,18,23,27,31,36,41,46,50,55,59,63,68,72,78,82,86,91,95,100,104,108,114,118,123,127,132,136,140,146,150,155,159,163,168,172,177,182,187,191,195,200,204,209,213,218,223,227,232,236,240,245,250,255,259,264,268,272,277,281,287,291,295,300,304,309,313,317,323,327,332,336,341,345,349,355,359,364,368,372,377,381,386,391,396,400,404,409,413,418,422,427,432,436,441,445,449,454,459
414,9,14,18,23,27,31,36,41,46,50,55,59,63,68,73,78,82,86,91,95,100,105,110,114,118,123,127,132,137,141,146,150,155,159,163,169,173,178,182,187,191,195,201,205,210,214,218,223,227,233,237,242,246,250,255,259,264,269,273,278,282,287,291,295,301,305,310,314,319,323,327,333,337,342,346,350,355,359,365,369,374,378,382,387,391,397,401,405,410,414,419,423,429,433,437,442,446,451,455,460
415,9,14,18,23,27,31,37,41,46,50,55,59,63,69,73,78,82,86,91,96,101,105,110,114,118,123,128,133,137,141,146,150,155,160,165,169,173,178,182,188,192,196,201,205,210,214,220,224,228,233,237,242,246,251,256,260,265,269,273,279,283,288,292,297,301,305,311,315,320,324,328,333,337,343,347,352,356,360,365,370,375,379,383,388,392,397,402,407,411,415,420,424,429,434,438,443,447,452,456,462
416,9,14,18,23,27,31,37,41,46,50,55,59,64,69,73,78,82,86,92,96,101,105,110,114,119,124,128,133,137,141,146,151,156,160,165,169,173,179,183,188,192,196,201,206,211,215,220,224,228,234,238,243,247,251,256,260,266,270,275,279,283,288,293,298,302,306,311,315,321,325,330,334,338,343,348,353,357,361,366,370,375,380,385,389,393,398,402,408,412,416,421,425,430,435,440,444,448,453,457,463
417,9,14,18,23,27,33,37,41,46,50,55,60,64,69,73,78,82,88,92,96,101,105,110,115,119,124,128,133,137,143,147,151,156,160,165,170,174,179,183,188,192,198,202,206,211,215,220,225,229,234,238,243,248,253,257,261,266,270,276,280,284,289,293,298,303,308,312,316,321,325,331,335,339,344,348,353,358,363,367,371,376,380,386,390,394,399,403,408,413,418,422,426,431,435,441,445,449,454,458,464
418,9,14,18,23,27,33,37,41,46,50,55,60,64,69,73,78,83,88,92,96,101,105,111,115,119,124,128,134,138,143,147,151,156,161,166,170,174,179,184,189,193,198,202,206,212,216,221,225,229,235,239,244,248,253,257,262,267,271,276,280,284,290,294,299,303,308,313,317,322,326,331,335,341,345,349,354,358,364,368,372,377,381,386,391,396,400,404,409,414,419,423,427,432,436,442,446,451,455,459,465
419,9,14,18,23,27,33,37,41,46,50,56,60,64,69,73,79,83,88,92,96,101,106,111,115,119,124,129,134,138,143,147,152,157,161,166,170,176,180,184,189,193,198,203,207,212,216,221,226,231,235,239,244,249,254,258,262,267,272,277,281,286,290,294,300,304,309,313,317,323,327,332,336,341,346,350,355,359,364,369,374,378,382,387,391,397,401,405,410,414,420,424,429,433,437,443,447,452,456,460,466
420,9,14,18,23,28,33,37,41,46,51,56,60,64,69,74,79,83,88,92,97,102,106,111,115,121,125,129,134,138,144,148,152,157,161,167,171,176,180,184,190,194,199,203,207,213,217,222,226,231,236,240,245,249,254,259,264,268,272,277,282,287,291,295,300,305,310,314,319,323,328,333,337,342,346,352,356,360,365,369,375,379,383,388,392,398,402,407,411,415,421,425,430,434,438,444,448,453,457,462,467
421,9,14,18,23,28,33,37,41,46,51,56,60,64,69,74,79,83,88,92,97,102,106,111,116,121,125,129,134,139,144,148,152,157,162,167,171,176,180,185,190,194,199,204,209,213,217,222,227,232,236,240,245,250,255,259,264,268,273,278,282,287,292,297,301,305,310,315,320,324,328,333,338,343,347,352,356,361,366,370,375,380,385,389,393,398,403,408,412,416,421,426,431,435,440,444,449,454,458,463,468
422,9,14,18,23,28,33,37,41,46,51,56,60,64,70,74,79,83,88,93,97,102,106,112,116,121,125,129,135,139,144,148,154,158,162,167,171,177,181,185,190,195,200,204,209,213,218,223,227,232,237,242,246,250,255,260,265,269,273,278,283,288,292,297,302,306,311,315,320,325,330,334,338,344,348,353,357,361,367,371,376,380,386,390,394,399,403,409,413,418,422,427,432,436,441,445,451,455,459,464,469
423,9,14,18,23,28,33,37,41,47,51,56,60,64,70,74,79,83,89,93,97,102,107,112,116,121,125,130,135,139,144,149,154,158,162,168,172,177,181,185,191,195,200,204,210,214,218,223,228,233,237,242,246,251,256,260,265,270,275,279,283,289,293,298,302,306,312,316,321,325,331,335,339,344,349,354,358,363,367,372,377,381,386,391,396,400,404,410,414,419,423,427,433,437,442,446,452,456,460,465,470
424,9,14,18,23,28,33,37,41,47,51,56,60,66,70,74,79,84,89,93,97,103,107,112,116,122,126,130,135,139,145,149,154,158,163,168,172,177,182,187,191,195,201,205,210,214,220,224,228,233,238,243,247,251,256,261,266,270,275,280,284,289,293,299,303,308,312,317,322,326,331,336,341,345,349,355,359,364,368,372,378,382,387,391,397,401,405,410,415,420,424,429,434,438,443,447,453,457,462,466,471
425,9,14,18,24,28,33,37,42,47,51,56,61,66,70,74,80,84,89,93,99,103,107,112,117,122,126,130,136,140,145,149,155,159,163,168,173,178,182,187,192,196,201,205,211,215,220,224,229,234,238,243,248,253,257,261,267,271,276,280,286,290,294,299,304,309,313,317,323,327,332,336,342,346,350,355,360,365,369,374,379,383,388,392,398,402,407,411,416,421,425,430,435,440,444,448,454,458,463,467,473
426,9,14,18,24,28,33,37,42,47,51,56,61,66,70,74,80,84,89,93,99,103,107,112,117,122,126,132,136,140,145,150,155,159,163,169,173,178,182,188,192,196,201,206,211,215,220,225,229,234,239,244,248,253,258,262,267,271,277,281,286,290,295,300,304,309,314,319,323,327,333,337,342,346,352,356,360,366,370,375,379,385,389,393,398,403,408,412,416,422,426,431,435,441,445,449,454,459,464,468,474
427,9,14,18,24,28,33,37,42,47,51,56,61,66,70,75,80,84,89,94,99,103,107,113,117,122,127,132,136,140,146,150,155,159,165,169,173,178,183,188,192,198,202,206,211,216,221,225,229,235,239,244,249,254,258,262,268,272,277,281,287,291,295,301,305,310,314,320,324,328,333,338,343,347,352,357,361,366,371,376,380,385,390,394,399,403,409,413,418,423,427,432,436,442,446,451,455,460,465,469,475
428,9,14,18,24,28,33,37,42,47,51,57,61,66,70,75,80,84,90,94,99,103,108,113,117,123,127,132,136,141,146,150,155,160,165,169,174,179,183,188,193,198,202,207,212,216,221,226,231,235,240,245,249,254,259,264,268,272,278,282,287,292,297,301,305,311,315,320,325,330,334,338,344,348,353,358,363,367,371,377,381,386,390,396,400,404,410,414,419,423,429,433,437,443,447,452,456,462,466,470,476
429,9,14,18,24,28,33,38,42,47,51,57,61,66,71,75,80,84,90,94,99,104,108,113,117,123,127,132,137,141,146,150,156,160,165,170,174,179,184,189,193,198,203,207,212,217,222,226,231,236,240,245,250,255,259,264,269,273,278,283,288,292,297,302,306,311,316,321,325,331,335,339,344,349,354,358,364,368,372,377,382,387,391,397,401,405,410,415,420,424,430,434,438,443,448,453,457,463,467,471,477
430,9,14,18,24,28,33,38,42,47,52,57,61,66,71,75,80,85,90,94,100,104,108,113,118,123,127,133,137,141,147,151,156,160,166,170,174,180,184,189,194,199,203,207,213,217,222,227,232,236,242,246,250,255,260,265,269,275,279,283,289,293,298,302,308,312,316,322,326,331,336,341,345,349,355,359,364,369,374,378,383,388,392,397,402,407,411,416,421,425,431,435,440,444,449,454,458,464,468,473,478
431,9,14,18,24,28,33,38,42,47,52,57,61,67,71,75,80,85,90,94,100,104,108,114,118,123,128,133,137,141,147,151,156,161,166,170,176,180,184,190,194,199,204,209,213,217,223,227,232,237,242,246,251,256,260,266,270,275,279,284,289,293,299,303,308,313,317,322,327,332,336,342,346,350,355,360,365,369,375,379,383,389,393,398,403,408,412,416,422,426,431,436,441,445,451,455,459,465,469,474,479
432,9,14,18,24,28,33,38,42,47,52,57,61,67,71,75,81,85,90,95,100,104,110,114,118,124,128,133,137,143,147,151,157,161,166,171,176,180,185,190,194,200,204,209,214,218,223,228,233,237,243,247,251,256,261,266,270,276,280,284,290,294,299,304,309,313,319,323,327,333,337,342,347,352,356,361,366,370,375,380,385,389,394,399,403,409,413,418,423,427,432,437,442,446,452,456,460,466,470,475,480
433,9,14,18,24,28,33,38,42,47,52,57,61,67,71,75,81,85,90,95,100,104,110,114,118,124,128,133,138,143,147,152,157,161,167,171,176,181,185,190,195,200,204,210,214,218,224,228,233,238,243,247,253,257,261,267,271,276,281,286,290,295,300,304,310,314,319,324,328,333,338,343,347,353,357,361,367,371,376,381,386,390,396,400,404,410,414,419,424,429,433,438,443,447,453,457,462,467,471,476,481
434,9,14,19,24,28,34,38,42,48,52,57,62,67,71,77,81,85,91,95,100,105,110,114,119,124,128,134,138,143,148,152,157,162,167,171,177,181,185,191,195,200,205,210,214,220,224,228,234,238,244,248,253,258,262,267,272,277,281,287,291,295,301,305,310,315,320,324,330,334,338,344,348,353,358,363,367,372,377,381,387,391,396,401,405,410,415,420,424,430,434,438,444,448,453,458,463,467,473,477,482
435,9,14,19,24,28,34,38,42,48,52,57,62,67,71,77,81,85,91,95,101,105,110,115,119,124,129,134,138,144,148,152,158,162,167,172,177,181,187,191,196,201,205,211,215,220,225,229,234,239,244,248,254,258,262,268,272,277,282,287,292,297,301,306,311,315,321,325,330,335,339,344,349,354,358,364,368,372,378,382,388,392,397,402,407,411,416,421,425,431,435,440,445,449,454,459,464,468,474,478,484
436,9,14,19,24,28,34,38,42,48,52,57,62,67,72,77,81,86,91,95,101,105,110,115,119,125,129,134,139,144,148,154,158,162,168,172,177,182,187,192,196,201,206,211,215,221,225,229,235,239,245,249,254,259,264,268,273,278,282,288,292,297,302,306,312,316,321,326,331,335,341,345,349,355,359,365,369,374,379,383,388,393,398,402,408,412,416,422,426,432,436,441,446,451,455,460,465,469,475,479,485
437,9,14,19,24,28,34,38,42,48,52,58,62,67,72,77,81,86,91,96,101,105,111,115,119,125,129,134,139,144,149,154,158,163,168,172,178,182,188,192,196,202,206,211,216,221,226,231,235,240,245,249,255,259,264,269,273,279,283,288,293,298,302,308,312,317,322,326,332,336,341,346,350,356,360,365,370,375,379,385,389,393,399,403,409,413,418,423,427,432,437,442,447,452,456,462,466,470,476,480,486
438,9,14,19,24,28,34,38,44,48,52,58,62,67,72,77,82,86,91,96,101,105,111,115,121,125,129,135,139,145,149,154,159,163,168,173,178,183,188,192,198,202,206,212,216,222,226,231,236,240,246,250,255,260,265,269,275,279,284,289,293,299,303,308,313,317,323,327,332,337,342,346,352,356,361,366,370,376,380,386,390,394,400,404,409,414,419,424,429,433,438,443,447,453,457,463,467,471,477,481,487
439,9,14,19,24,28,34,38,44,48,52,58,62,68,72,77,82,86,92,96,101,106,111,115,121,125,130,135,139,145,149,155,159,163,169,173,179,183,188,193,198,202,207,212,217,222,226,232,236,242,246,250,256,260,266,270,275,280,284,290,294,299,304,309,313,319,323,328,333,337,343,347,353,357,361,367,371,377,381,386,391,396,400,405,410,415,420,424,430,434,440,444,448,454,458,464,468,473,478,482,488
440,9,14,19,24,29,34,38,44,48,53,58,62,68,72,78,82,86,92,96,102,106,111,116,121,126,130,135,140,145,150,155,159,165,169,174,179,183,189,193,199,203,207,213,217,223,227,232,237,242,247,251,256,261,266,271,276,280,286,290,295,300,304,310,314,320,324,328,334,338,344,348,353,358,363,368,372,377,382,387,392,397,401,407,411,416,421,425,431,435,441,445,449,455,459,465,469,474,479,484,489
441,9,14,19,24,29,34,38,44,48,53,58,62,68,72,78,82,86,92,96,102,106,112,116,121,126,130,136,140,145,150,155,160,165,169,174,179,184,189,193,199,203,209,213,218,223,227,233,237,243,247,251,257,261,267,271,276,281,286,291,295,301,305,310,315,320,325,330,334,339,344,349,354,358,364,368,374,378,382,388,392,398,402,408,412,416,422,426,432,436,441,446,451,456,460,465,470,475,480,485,490
442,9,14,19,24,29,34,38,44,48,53,58,63,68,72,78,82,88,92,96,102,106,112,116,122,126,130,136,140,146,150,156,160,165,170,174,180,184,189,194,199,204,209,214,218,223,228,233,238,243,248,253,257,262,267,272,277,281,287,291,297,301,306,311,315,321,325,331,335,339,345,349,355,359,365,369,374,379,383,389,393,399,403,408,413,418,423,427,432,437,442,447,452,457,462,466,471,476,481,486,491
443,9,14,19,24,29,34,39,44,48,53,58,63,68,73,78,82,88,92,97,102,107,112,116,122,126,132,136,141,146,150,156,160,166,170,176,180,184,190,194,200,204,210,214,218,224,228,234,238,244,248,253,258,262,268,272,278,282,287,292,297,302,306,312,316,321,326,331,336,341,346,350,355,360,365,370,375,380,385,389,394,399,404,409,414,419,423,429,433,438,443,448,453,457,463,467,473,477,482,487,492
444,9,14,19,24,29,34,39,44,48,53,58,63,68,73,78,83,88,92,97,102,107,112,117,122,127,132,136,141,146,151,156,161,166,170,176,180,185,190,195,200,205,210,214,220,224,229,234,239,244,249,254,258,264,268,273,278,283,288,292,298,302,308,312,317,322,327,332,336,342,346,352,356,361,366,371,376,380,386,390,396,400,405,410,414,420,424,430,434,440,444,449,454,458,464,468,474,478,484,488,493
445,9,14,19,24,29,34,39,44,49,53,58,63,68,73,78,83,88,93,97,103,107,112,117,122,127,132,137,141,147,151,156,161,166,171,176,181,185,191,195,201,205,210,215,220,225,229,235,239,245,249,254,259,264,269,273,279,283,289,293,299,303,308,313,317,323,327,333,337,343,347,352,357,361,367,371,377,381,387,391,397,401,405,411,415,421,425,431,435,441,445,449,455,459,465,469,475,479,485,489,495
446,9,14,19,24,29,34,39,44,49,53,59,63,68,73,78,83,88,93,97,103,107,113,117,123,127,132,137,141,147,151,157,161,167,171,177,181,187,191,195,201,205,211,215,221,225,231,235,240,245,250,255,259,265,269,275,279,284,289,294,299,304,309,313,319,323,328,333,338,343,348,353,358,363,368,372,377,382,387,392,397,402,407,412,416,422,426,432,436,441,446,451,456,460,466,470,476,480,486,490,496
447,9,14,19,24,29,34,39,44,49,53,59,63,69,73,79,83,88,93,97,103,107,113,117,123,127,133,137,143,147,152,157,162,167,171,177,181,187,191,196,201,206,211,216,221,226,231,236,240,246,250,255,260,265,270,275,280,284,290,294,300,304,310,314,320,324,330,334,338,344,348,354,358,364,368,374,378,383,388,393,398,403,408,413,418,422,427,432,437,442,447,452,457,462,467,471,477,481,487,491,497
448,9,14,19,24,29,34,39,44,49,53,59,63,69,73,79,83,89,93,99,103,108,113,118,123,128,133,137,143,147,152,157,162,167,172,177,182,187,192,196,202,206,212,216,222,226,232,236,242,246,251,256,260,266,270,276,280,286,290,295,300,305,310,315,320,325,330,335,339,345,349,355,359,365,369,375,379,383,389,393,399,403,409,413,419,423,429,433,438,443,448,453,458,463,468,473,478,482,488,492,498
449,9,14,19,24,29,34,39,44,49,53,59,63,69,73,79,83,89,93,99,103,108,113,118,123,128,133,138,143,148,152,158,162,168,172,178,182,188,192,198,202,207,212,217,222,227,232,237,242,247,251,256,261,266,271,276,281,286,291,295,301,305,311,315,321,325,331,335,341,345,350,355,360,365,370,375,380,385,390,394,400,404,410,414,420,424,430,434,440,444,449,454,459,464,469,474,479,484,489,493,499
450,9,15,19,25,29,35,39,45,49,55,59,64,69,74,79,84,89,94,99,104,108,114,118,124,128,134,138,144,148,154,158,163,168,173,178,183,188,193,198,203,207,213,217,223,227,233,237,243,247,253,257,262,267,272,277,282,287,292,297,302,306,312,316,322,326,332,336,342,346,352,356,361,366,371,376,381,386,391,396,401,405,411,415,421,425,431,435,441,445,451,455,460,465,470,475,480,485,490,495,500
451,9,15,19,25,29,35,39,45,49,55,59,64,69,74,79,84,89,94,99,104,108,114,118,124,128,134,138,144,148,154,158,163,168,173,178,183,188,193,198,203,207,213,217,223,227,233,237,243,247,253,258,262,268,272,278,282,288,292,298,302,308,312,317,322,327,332,337,342,347,352,357,361,367,371,377,381,387,391,397,401,407,411,416,421,426,431,436,441,446,451,456,460,466,470,476,480,486,490,496,501
452,9,15,19,25,29,35,39,45,49,55,59,64,69,74,79,84,89,94,99,104,108,114,118,124,129,134,139,144,149,154,159,163,169,173,179,183,189,193,199,203,209,213,218,223,228,233,238,243,248,254,258,264,268,273,278,283,288,293,298,303,308,313,317,323,327,333,337,343,347,353,357,363,367,372,378,382,388,392,398,402,408,412,418,422,427,432,437,442,447,452,457,462,467,471,477,481,487,491,497,502
453,9,15,19,25,29,35,39,45,49,55,59,64,69,74,79,84,90,94,100,104,110,114,119,124,129,134,139,144,149,154,159,163,169,174,179,184,189,194,199,204,209,214,218,224,228,234,238,244,248,254,259,264,269,273,279,283,289,293,299,303,309,313,319,323,328,333,338,344,348,354,358,364,368,374,378,383,388,393,398,403,408,413,418,423,429,433,438,443,448,453,458,463,468,473,478,482,488,492,498,503
454,9,15,19,25,29,35,39,45,49,55,59,64,70,74,80,84,90,94,100,104,110,114,119,124,129,135,139,145,149,155,159,165,169,174,179,184,189,194,200,204,210,214,220,224,229,234,239,244,249,255,259,265,269,275,279,284,289,294,299,304,309,314,320,324,330,334,339,344,349,354,359,364,369,374,379,385,389,394,399,404,409,414,419,424,429,434,438,444,449,454,459,464,469,474,479,484,489,493,499,504
455,9,15,19,25,29,35,39,45,49,55,60,64,70,74,80,84,90,94,100,105,110,115,119,125,129,135,139,145,149,155,160,165,170,174,180,184,190,194,200,205,210,215,220,225,229,235,239,245,249,255,260,265,270,275,280,284,290,294,300,305,310,315,320,325,330,335,339,345,349,355,360,365,370,375,380,385,390,394,400,405,410,415,420,425,430,435,440,445,449,455,460,465,470,475,480,485,490,495,500,506
456,9,15,19,25,29,35,39,45,50,55,60,64,70,74,80,84,90,95,100,105,110,115,119,125,130,135,140,145,150,155,160,165,170,176,180,185,190,195,200,205,210,215,221,225,231,235,240,245,250,256,260,266,270,276,280,286,290,295,301,305,311,315,321,325,331,335,341,346,350,356,360,366,370,376,381,386,391,396,401,405,411,415,421,426,431,436,441,446,451,456,460,466,471,476,481,486,491,496,501,507
457,9,15,19,25,29,35,39,45,50,55,60,64,70,74,80,85,90,95,100,105,110,115,121,125,130,135,140,145,150,156,160,166,170,176,180,185,191,195,201,205,211,215,221,226,231,236,240,246,250,256,261,266,271,276,281,286,291,297,301,306,311,316,321,326,332,336,342,346,352,356,361,367,371,377,381,387,391,397,402,407,412,416,422,426,432,437,442,447,452,457,462,467,473,477,482,487,492,497,502,508
458,9,15,19,25,29,35,40,45,50,55,60,64,70,75,80,85,90,95,101,105,111,115,121,125,130,136,140,146,150,156,160,166,171,176,181,185,191,196,201,206,211,216,221,226,232,236,242,246,251,257,261,267,271,277,281,287,292,297,302,306,312,316,322,327,332,337,342,347,353,357,363,367,372,377,382,388,392,398,402,408,412,418,423,427,433,437,443,448,453,458,463,468,473,478,484,488,493,498,503,509
459,9,15,19,25,29,35,40,45,50,55,60,66,70,75,80,85,91,95,101,105,111,115,121,126,130,136,140,146,151,156,161,166,171,177,181,187,191,196,202,206,212,216,222,226,232,237,242,247,251,257,262,267,272,277,282,288,292,298,302,308,312,317,323,327,333,337,343,348,353,358,363,368,374,378,383,388,393,399,403,409,413,419,423,429,434,438,444,448,454,459,464,469,474,479,485,489,495,499,504,510
460,9,15,19,25,30,35,40,45,50,56,60,66,70,75,81,85,91,95,101,106,111,116,121,126,132,136,141,146,151,157,161,167,171,177,182,187,192,196,202,207,212,217,222,227,233,237,243,247,253,258,262,268,272,278,283,288,293,298,303,309,313,319,323,328,334,338,344,348,354,359,364,369,374,379,385,389,394,399,404,410,414,420,424,430,435,440,445,449,455,460,465,470,475,480,486,490,496,500,506,511
461,9,15,19,25,30,35,40,45,50,56,60,66,70,75,81,85,91,95,101,106,111,116,122,126,132,136,141,147,151,157,161,167,172,177,182,187,192,198,202,207,213,217,223,227,233,238,243,248,253,258,264,268,273,278,283,289,293,299,303,309,314,319,324,330,334,339,344,349,355,359,365,369,375,380,385,390,394,400,405,410,415,421,425,431,435,441,446,451,456,460,466,471,476,481,486,491,497,501,507,512
462,9,15,19,25,30,35,40,45,50,56,60,66,71,75,81,85,91,96,101,106,112,116,122,126,132,137,141,147,151,157,162,167,172,178,182,188,192,198,203,207,213,218,223,228,233,238,244,248,254,259,264,269,273,279,284,289,294,299,304,310,314,320,325,330,335,339,345,350,355,360,366,370,376,380,386,391,396,401,405,411,416,421,426,432,436,442,446,452,457,462,467,473,477,482,487,492,498,502,508,513
463,9,15,19,25,30,35,40,46,50,56,60,66,71,75,81,86,91,96,101,106,112,116,122,127,132,137,143,147,152,157,162,168,172,178,183,188,193,198,203,209,213,218,224,228,234,238,244,249,254,259,265,269,275,280,284,290,294,300,305,310,315,321,325,331,335,341,346,350,356,361,366,371,376,381,387,391,397,402,407,412,418,422,427,432,437,443,447,453,458,463,468,473,478,484,488,493,499,503,509,514
464,9,15,19,25,30,35,40,46,50,56,61,66,71,75,81,86,91,96,102,106,112,117,122,127,133,137,143,147,152,158,162,168,173,178,183,189,193,199,203,209,214,218,224,229,234,239,245,249,255,260,265,270,275,280,286,290,295,301,305,311,316,321,326,331,336,342,346,352,357,361,367,372,377,382,388,392,398,402,408,413,418,423,429,433,438,444,448,454,458,464,469,474,479,485,489,495,500,504,510,515
465,9,15,19,25,30,35,40,46,50,56,61,66,71,77,81,86,92,96,102,107,112,117,122,127,133,137,143,148,152,158,163,168,173,179,183,189,194,199,204,210,214,220,224,229,235,239,245,250,255,260,266,270,276,281,286,291,297,301,306,312,316,322,326,332,337,342,347,353,357,363,368,372,378,383,388,393,399,403,409,414,419,424,429,434,440,444,449,455,459,465,470,475,480,486,490,496,501,506,511,517
466,9,15,19,25,30,35,40,46,50,56,61,66,71,77,81,86,92,96,102,107,112,117,123,127,133,138,143,148,154,158,163,169,173,179,184,189,194,200,204,210,215,220,225,231,235,240,246,250,256,261,266,271,276,281,287,291,297,302,306,312,317,322,327,333,337,343,348,353,358,364,368,374,379,383,389,394,399,404,410,414,420,425,430,435,441,445,451,456,460,466,471,476,481,487,491,497,502,507,512,518
467,9,15,20,25,30,36,40,46,51,56,61,67,71,77,82,86,92,97,102,107,113,117,123,128,133,138,144,148,154,159,163,169,174,179,184,190,194,200,205,210,215,221,225,231,236,240,246,251,256,261,267,271,277,282,287,292,298,302,308,313,317,323,328,333,338,344,348,354,359,364,369,375,379,385,390,394,400,405,410,415,421,425,431,436,441,446,452,456,462,467,471,477,482,487,492,498,502,508,513,519
468,9,15,20,25,30,36,40,46,51,56,61,67,71,77,82,86,92,97,102,107,113,117,123,128,134,138,144,149,154,159,165,169,174,180,184,190,195,200,205,211,215,221,226,231,236,242,246,251,257,262,267,272,278,282,288,293,298,303,309,313,319,324,328,334,339,344,349,355,359,365,370,375,380,386,391,396,401,407,411,416,422,426,432,437,442,447,453,457,463,468,473,478,484,488,493,499,503,509,514,520
469,9,15,20,25,30,36,40,46,51,56,61,67,71,77,82,88,92,97,103,107,113,118,123,128,134,138,144,149,155,159,165,170,174,180,185,190,195,201,205,211,216,221,226,232,237,242,247,253,257,262,268,272,278,283,288,293,299,304,309,314,320,324,330,335,339,345,350,355,360,366,370,376,381,387,391,397,402,407,412,418,422,427,433,437,443,448,454,458,464,469,474,479,485,489,495,500,504,510,515,521
470,9,15,20,25,30,36,40,46,51,57,61,67,72,77,82,88,92,97,103,108,113,118,124,128,134,139,144,149,155,160,165,170,176,180,185,191,195,201,206,212,216,222,227,232,237,243,247,253,258,264,268,273,279,283,289,294,299,304,310,315,320,325,331,335,341,346,350,356,361,367,371,377,382,387,392,398,402,408,413,419,423,429,434,438,444,449,454,459,465,470,475,480,486,490,496,501,506,511,517,522
471,9,15,20,25,30,36,40,46,51,57,61,67,72,77,82,88,93,97,103,108,113,118,124,129,134,139,145,149,155,160,166,170,176,181,185,191,196,201,206,212,217,222,227,233,237,243,248,254,258,264,269,273,279,284,290,294,300,305,310,315,321,326,331,336,342,346,352,357,361,367,372,378,382,388,393,398,403,409,414,419,424,430,434,440,445,451,455,460,466,470,476,481,487,491,497,502,507,512,518,523
472,9,15,20,25,30,36,41,46,51,57,61,67,72,78,82,88,93,97,103,108,114,118,124,129,135,139,145,150,155,160,166,171,176,181,187,191,196,202,207,212,217,223,227,233,238,244,248,254,259,265,269,275,280,284,290,295,301,305,311,316,321,326,332,337,342,347,353,357,363,368,374,378,383,389,394,399,404,410,414,420,425,431,435,441,446,451,456,462,467,471,477,482,487,492,498,503,508,513,519,524
473,9,15,20,25,30,36,41,46,51,57,62,67,72,78,82,88,93,99,103,108,114,119,124,129,135,139,145,150,156,160,166,171,177,181,187,192,198,202,207,213,217,223,228,234,238,244,249,255,259,265,270,275,280,286,291,295,301,306,312,316,322,327,332,337,343,348,353,358,364,369,374,379,385,390,394,400,405,410,415,421,426,431,436,442,447,452,457,463,467,473,478,484,488,493,499,504,509,514,520,525
474,9,15,20,25,30,36,41,46,51,57,62,67,72,78,83,88,93,99,104,108,114,119,125,129,135,140,145,150,156,161,166,171,177,182,187,192,198,203,207,213,218,224,228,234,239,245,249,255,260,266,270,276,281,286,291,297,302,306,312,317,323,327,333,338,344,348,354,359,365,369,375,380,386,390,396,401,405,411,416,422,426,432,437,443,447,453,458,464,468,474,479,485,489,495,500,506,510,515,521,526
475,9,15,20,26,30,36,41,47,51,57,62,68,72,78,83,89,93,99,104,110,114,119,125,130,135,140,146,151,156,161,167,172,177,182,188,193,198,203,209,214,218,224,229,235,239,245,250,256,260,266,271,277,281,287,292,298,302,308,313,319,323,328,334,339,344,349,355,360,365,370,376,381,386,391,397,402,407,412,418,423,427,433,438,444,448,454,459,465,469,475,480,486,490,496,501,507,511,517,522,528
476,9,15,20,26,30,36,41,47,51,57,62,68,72,78,83,89,93,99,104,110,114,119,125,130,136,140,146,151,157,161,167,172,178,182,188,193,199,203,209,214,220,224,229,235,240,245,250,256,261,267,271,277,282,288,292,298,303,309,313,319,324,330,334,339,345,350,355,360,366,371,376,381,387,392,398,402,408,413,419,423,429,434,440,444,449,455,460,465,470,476,481,486,491,497,502,507,512,518,523,529
477,9,15,20,26,30,36,41,47,51,57,62,68,73,78,83,89,94,99,104,110,115,119,125,130,136,141,146,151,157,162,167,172,178,183,188,193,199,204,210,214,220,225,231,235,240,246,251,256,261,267,272,278,282,288,293,299,303,309,314,320,324,330,335,341,346,350,356,361,367,371,377,382,388,392,398,403,409,414,419,424,430,435,440,445,451,456,460,466,471,477,482,487,492,498,503,508,513,519,524,530
478,9,15,20,26,30,36,41,47,52,57,62,68,73,78,83,89,94,100,104,110,115,121,125,130,136,141,147,151,157,162,168,172,178,183,189,194,199,204,210,215,220,225,231,236,242,246,251,257,262,268,272,278,283,289,293,299,304,310,315,320,325,331,336,341,346,352,357,363,367,372,378,383,388,393,399,404,410,414,420,425,431,435,441,446,452,457,462,467,473,478,482,488,493,499,504,509,514,520,525,531
479,9,15,20,26,30,36,41,47,52,57,62,68,73,79,83,89,94,100,105,110,115,121,126,130,136,141,147,152,157,162,168,173,179,183,189,194,200,205,210,215,221,226,231,236,242,247,253,257,262,268,273,279,283,289,294,300,305,310,315,321,326,331,336,342,347,353,357,363,368,374,379,383,389,394,400,405,410,415,421,426,431,436,442,447,453,457,463,468,474,479,484,489,495,500,506,510,515,521,526,532
480,9,15,20,26,31,36,41,47,52,58,62,68,73,79,84,89,94,100,105,111,115,121,126,132,137,141,147,152,158,163,168,173,179,184,190,194,200,205,211,216,221,226,232,237,243,247,253,258,264,269,273,279,284,290,295,300,305,311,316,322,326,332,337,343,348,353,358,364,369,375,379,385,390,396,401,405,411,416,422,427,432,437,443,448,454,458,464,469,475,480,485,490,496,501,507,511,517,522,528,533
481,9,15,20,26,31,36,41,47,52,58,62,68,73,79,84,89,94,100,105,111,116,121,126,132,137,143,147,152,158,163,169,173,179,184,190,195,200,205,211,216,222,227,232,237,243,248,254,258,264,269,275,280,284,290,295,301,306,311,316,322,327,333,338,343,348,354,359,365,369,375,380,386,391,396,401,407,412,418,422,427,433,438,444,449,454,459,465,470,476,480,486,491,497,502,507,512,518,523,529,534
482,9,15,20,26,31,36,41,47,52,58,63,68,73,79,84,90,94,100,105,111,116,122,126,132,137,143,148,152,158,163,169,174,180,184,190,195,201,206,211,216,222,227,233,238,243,248,254,259,265,270,275,280,286,291,297,301,306,312,317,323,328,333,338,344,349,355,359,365,370,376,381,387,391,397,402,408,413,418,423,429,434,440,445,449,455,460,466,471,476,481,487,492,498,503,508,513,519,524,530,535
483,9,15,20,26,31,36,41,47,52,58,63,68,73,79,84,90,95,100,105,111,116,122,127,132,137,143,148,154,159,163,169,174,180,185,191,195,201,206,212,217,223,227,233,238,244,249,255,259,265,270,276,281,286,291,297,302,308,313,317,323,328,334,339,345,349,355,360,366,371,377,381,387,392,398,403,409,413,419,424,430,435,441,445,451,456,462,467,473,477,482,488,493,499,504,509,514,520,525,531,536
484,9,15,20,26,31,37,41,47,52,58,63,69,73,79,84,90,95,101,105,111,116,122,127,133,138,143,148,154,159,165,170,174,180,185,191,196,202,206,212,217,223,228,234,238,244,249,255,260,266,271,276,281,287,292,298,303,308,313,319,324,330,335,339,345,350,356,361,367,371,377,382,388,393,399,404,409,414,420,425,431,436,441,446,452,457,463,468,473,478,484,489,495,500,504,510,515,521,526,532,537
485,9,15,20,26,31,37,41,47,52,58,63,69,74,79,84,90,95,101,106,112,116,122,127,133,138,144,148,154,159,165,170,176,181,185,191,196,202,207,213,218,223,228,234,239,245,250,255,260,266,271,277,282,288,292,298,303,309,314,320,325,330,335,341,346,352,357,361,367,372,378,383,389,394,399,404,410,415,421,426,432,436,442,447,453,458,464,468,474,479,485,490,496,501,506,511,517,522,528,533,539
486,9,15,20,26,31,37,42,47,52,58,63,69,74,80,84,90,95,101,106,112,117,122,127,133,138,144,149,155,159,165,170,176,181,187,192,196,202,207,213,218,224,229,234,239,245,250,256,261,267,272,277,282,288,293,299,304,310,314,320,325,331,336,342,347,352,357,363,368,374,379,385,389,394,400,405,411,416,422,426,432,437,443,448,454,459,464,469,475,480,486,491,497,501,507,512,518,523,529,534,540
487,9,15,20,26,31,37,42,47,52,58,63,69,74,80,85,90,95,101,106,112,117,123,128,133,138,144,149,155,160,166,170,176,181,187,192,198,203,209,213,218,224,229,235,240,246,251,256,261,267,272,278,283,289,293,299,304,310,315,321,326,332,336,342,347,353,358,364,369,375,379,385,390,396,401,407,412,416,422,427,433,438,444,449,455,459,465,470,476,481,487,492,498,502,508,513,519,524,530,535,541
488,9,15,20,26,31,37,42,48,52,58,63,69,74,80,85,91,95,101,106,112,117,123,128,134,139,144,149,155,160,166,171,177,182,187,192,198,203,209,214,220,225,229,235,240,246,251,257,262,268,273,278,283,289,294,300,305,311,316,321,326,332,337,343,348,354,359,364,369,375,380,386,391,397,402,408,412,418,423,429,434,440,445,451,455,460,466,471,477,482,488,493,498,503,509,514,520,525,531,536,542
489,9,15,20,26,31,37,42,48,53,58,63,69,74,80,85,91,96,102,106,112,117,123,128,134,139,145,150,155,160,166,171,177,182,188,193,199,203,209,214,220,225,231,236,242,247,251,257,262,268,273,279,284,290,295,300,305,311,316,322,327,333,338,344,348,354,359,365,370,376,381,387,392,397,402,408,413,419,424,430,435,441,445,451,456,462,467,473,478,484,489,493,499,504,510,515,521,526,532,537,543
490,9,15,20,26,31,37,42,48,53,59,63,69,74,80,85,91,96,102,107,113,117,123,128,134,139,145,150,156,161,167,171,177,182,188,193,199,204,210,215,221,225,231,236,242,247,253,258,264,269,275,279,284,290,295,301,306,312,317,323,328,333,338,344,349,355,360,366,371,377,382,387,392,398,403,409,414,420,425,431,436,441,446,452,457,463,468,474,479,485,490,495,500,506,511,517,522,528,533,539,544
491,9,15,20,26,31,37,42,48,53,59,64,69,74,80,85,91,96,102,107,113,118,124,128,134,139,145,150,156,161,167,172,178,183,188,193,199,204,210,215,221,226,232,237,243,247,253,258,264,269,275,280,286,291,297,302,306,312,317,323,328,334,339,345,350,356,361,366,371,377,382,388,393,399,404,410,415,421,425,431,436,442,447,453,458,464,469,475,480,485,490,496,501,507,512,518,523,529,534,540,545
492,9,15,20,26,31,37,42,48,53,59,64,70,74,80,85,91,96,102,107,113,118,124,129,135,140,145,150,156,161,167,172,178,183,189,194,200,205,210,215,221,226,232,237,243,248,254,259,265,270,276,280,286,291,297,302,308,313,319,324,330,335,341,345,350,356,361,367,372,378,383,389,394,400,405,411,415,421,426,432,437,443,448,454,459,465,470,476,480,486,491,497,502,508,513,519,524,530,535,541,546
493,9,15,20,26,31,37,42,48,53,59,64,70,75,81,85,91,96,102,107,113,118,124,129,135,140,146,151,157,161,167,172,178,183,189,194,200,205,211,216,222,227,233,237,243,248,254,259,265,270,276,281,287,292,298,303,309,314,319,324,330,335,341,346,352,357,363,368,374,379,385,390,394,400,405,411,416,422,427,433,438,444,449,455,460,466,470,476,481,487,492,498,503,509,514,520,525,531,536,542,547
494,9,15,20,26,31,37,42,48,53,59,64,70,75,81,86,92,96,102,107,113,118,124,129,135,140,146,151,157,162,168,173,179,184,189,194,200,205,211,216,222,227,233,238,244,249,255,260,266,271,277,281,287,292,298,303,309,314,320,325,331,336,342,347,353,358,364,368,374,379,385,390,396,401,407,412,418,423,429,434,440,445,451,456,460,466,471,477,482,488,493,499,504,510,515,521,526,532,537,543,548
495,9,15,20,26,31,37,42,48,53,59,64,70,75,81,86,92,97,103,108,114,118,124,129,135,140,146,151,157,162,168,173,179,184,190,195,201,206,212,217,223,227,233,238,244,249,255,260,266,271,277,282,288,293,299,304,310,315,321,326,332,336,342,347,353,358,364,369,375,380,386,391,397,402,408,413,419,424,430,435,441,445,451,456,462,467,473,478,484,489,495,500,506,511,517,522,528,533,539,544,550
496,9,15,20,26,31,37,42,48,53,59,64,70,75,81,86,92,97,103,108,114,119,125,130,136,141,146,151,157,162,168,173,179,184,190,195,201,206,212,217,223,228,234,239,245,250,256,261,267,272,278,282,288,293,299,304,310,315,321,326,332,337,343,348,354,359,365,370,376,381,387,392,398,403,409,414,419,424,430,435,441,446,452,457,463,468,474,479,485,490,496,501,507,512,518,523,529,534,540,545,551
497,9,15,20,26,31,37,42,48,53,59,64,70,75,81,86,92,97,103,108,114,119,125,130,136,141,147,152,158,163,169,174,180,185,190,195,201,206,212,217,223,228,234,239,245,250,256,261,267,272,278,283,289,294,300,305,311,316,322,327,333,338,344,349,355,360,366,370,376,381,387,392,398,403,409,414,420,425,431,436,442,447,453,458,464,469,475,480,486,491,497,502,508,513,519,524,530,535,541,546,552
498,9,15,20,26,31,37,42,48,53,59,64,70,75,81,86,92,97,103,108,114,119,125,130,136,141,147,152,158,163,169,174,180,185,191,196,202,207,213,218,224,229,235,240,246,251,257,262,268,273,279,283,289,294,300,305,311,316,322,327,333,338,344,349,355,360,366,371,377,382,388,393,399,404,410,415,421,426,432,437,443,448,454,459,465,470,476,481,487,492,498,503,509,514,520,525,531,536,542,547,553
499,9,15,20,26,31,37,42,48,53,59,64,70,75,81,86,92,97,103,108,114,119,125,130,136,141,147,152,158,163,169,174,180,185,191,196,202,207,213,218,224,229,235,240,246,251,257,262,268,273,279,284,290,295,301,306,312,317,323,328,334,339,345,350,356,361,367,372,378,383,389,394,400,405,411,416,422,427,433,438,444,449,455,460,466,471,477,482,488,493,499,504,510,515,521,526,532,537,543,548,554
500,11,16,22,27,33,38,44,49,55,60,66,71,77,82,88,93,99,104,110,115,121,126,132,137,143,148,154,159,165,170,176,181,187,192,198,203,209,214,220,225,231,236,242,247,253,258,264,269,275,280,286,291,297,302,308,313,319,324,330,335,341,346,352,357,363,368,374,379,385,390,396,401,407,412,418,423,429,434,440,445,451,456,462,467,473,478,484,489,495,500,506,511,517,522,528,533,539,544,550,555
501,11,16,22,27,33,38,44,49,55,60,66,71,77,82,88,93,99,104,110,115,121,126,132,137,143,148,154,159,165,170,176,181,187,192,198,203,209,214,220,225,231,236,242,247,253,258,264,269,275,280,286,291,297,302,308,313,319,324,330,335,341,346,352,357,363,368,374,379,385,390,396,401,407,412,418,423,429,434,440,445,451,456,462,467,473,478,484,489,495,500,506,511,517,522,528,533,539,544,550,556
502,11,16,22,27,33,38,44,49,55,60,66,71,77,82,88,93,99,104,110,115,121,126,132,137,143,148,154,159,165,170,176,181,187,192,198,203,209,214,220,225,231,236,242,247,253,258,264,269,275,281,287,292,298,303,309,314,320,325,331,336,342,347,353,358,364,369,375,380,386,391,397,402,408,413,419,424,430,435,441,446,452,457,463,468,474,479,485,490,496,501,507,512,518,523,529,534,540,545,551,557
503,11,16,22,27,33,38,44,49,55,60,66,71,77,82,88,93,99,104,110,115,121,126,132,137,143,148,154,159,165,170,176,181,187,193,199,204,210,215,221,226,232,237,243,248,254,259,265,270,276,281,287,292,298,303,309,314,320,325,331,336,342,347,353,358,364,369,376,381,387,392,398,403,409,414,420,425,431,436,442,447,453,458,464,469,475,480,486,491,497,502,508,513,519,524,530,535,541,546,552,558
504,11,16,22,27,33,38,44,49,55,60,66,71,77,82,88,93,99,104,110,115,121,126,132,137,144,149,155,160,166,171,177,182,188,193,199,204,210,215,221,226,232,237,243,248,254,259,265,270,276,282,288,293,299,304,310,315,321,326,332,337,343,348,354,359,365,370,376,381,387,392,398,403,409,414,421,426,432,437,443,448,454,459,465,470,476,481,487,492,498,503,509,514,520,525,531,536,542,547,553,559
505,11,16,22,27,33,38,44,49,55,60,66,71,77,82,88,93,99,104,110,116,122,127,133,138,144,149,155,160,166,171,177,182,188,193,199,204,210,215,221,227,233,238,244,249,255,260,266,271,277,282,288,293,299,304,310,315,321,326,332,338,344,349,355,360,366,371,377,382,388,393,399,404,410,415,421,426,432,437,443,449,455,460,466,471,477,482,488,493,499,504,510,515,521,526,532,537,543,548,554,561
506,11,16,22,27,33,38,44,49,55,60,66,71,77,82,88,93,100,105,111,116,122,127,133,138,144,149,155,160,166,171,177,182,188,194,200,205,211,216,222,227,233,238,244,249,255,260,266,271,277,283,289,294,300,305,311,316,322,327,333,338,344,349,355,360,366,371,378,383,389,394,400,405,411,416,422,427,433,438,444,449,455,460,466,473,478,484,489,495,500,506,511,517,522,528,533,539,544,550,555,562
507,11,16,22,27,33,38,44,49,55,60,66,71,77,82,89,94,100,105,111,116,122,127,133,138,144,149,155,160,167,172,178,183,189,194,200,205,211,216,222,227,233,238,245,250,256,261,267,272,278,283,289,294,300,305,311,316,322,328,334,339,345,350,356,361,367,372,378,383,389,394,400,407,412,418,423,429,434,440,445,451,456,462,467,473,478,485,490,496,501,507,512,518,523,529,534,540,545,551,556,563
508,11,16,22,27,33,38,44,49,55,60,66,71,78,83,89,94,100,105,111,116,122,127,133,138,145,150,156,161,167,172,178,183,189,194,200,205,211,217,223,228,234,239,245,250,256,261,267,272,278,284,290,295,301,306,312,317,323,328,334,339,345,350,357,363,368,374,379,385,390,396,401,407,412,418,424,430,435,441,446,452,457,463,468,474,479,485,490,497,502,508,513,519,524,530,535,541,546,552,557,564
509,11,16,22,27,33,38,44,49,55,60,66,72,78,83,89,94,100,105,111,116,122,127,134,139,145,150,156,161,167,172,178,183,189,195,201,206,212,217,223,228,234,239,245,250,257,262,268,273,279,284,290,295,301,306,312,319,324,330,335,341,346,352,357,363,368,374,380,386,391,397,402,408,413,419,424,430,435,442,447,453,458,464,469,475,480,486,491,497,503,509,514,520,525,531,536,542,547,553,558,565
510,11,16,22,27,33,38,44,49,55,61,67,72,78,83,89,94,100,105,111,117,123,128,134,139,145,150,156,161,167,173,179,184,190,195,201,206,212,217,223,229,235,240,246,251,257,262,268,273,279,286,291,297,302,308,313,319,324,330,335,342,347,353,358,364,369,375,380,386,391,398,403,409,414,420,425,431,436,442,447,454,459,465,470,476,481,487,492,498,503,510,515,521,526,532,537,543,548,554,559,566
511,11,16,22,27,33,38,44,49,55,61,67,72,78,83,89,94,100,105,112,117,123,128,134,139,145,150,156,162,168,173,179,184,190,195,201,206,213,218,224,229,235,240,246,251,257,264,269,275,280,286,291,297,302,308,314,320,325,331,336,342,347,353,358,365,370,376,381,387,392,398,403,409,415,421,426,432,437,443,448,454,459,466,471,477,482,488,493,499,504,510,517,522,528,533,539,544,550,555,561,567
512,11,16,22,27,33,38,44,49,56,61,67,72,78,83,89,94,101,106,112,117,123,128,134,139,146,151,157,162,168,173,179,184,190,196,202,207,213,218,224,229,235,242,247,253,258,264,269,275,280,287,292,298,303,309,314,320,325,331,337,343,348,354,359,365,370,376,382,388,393,399,404,410,415,421,427,433,438,444,449,455,460,466,471,478,484,489,495,500,506,511,517,523,529,534,540,545,551,556,562,568
513,11,16,22,27,33,38,44,50,56,61,67,72,78,83,89,95,101,106,112,117,123,128,134,140,146,151,157,162,168,173,180,185,191,196,202,207,213,218,225,231,236,242,247,253,258,264,270,276,281,287,292,298,303,310,315,321,326,332,337,343,348,355,360,366,371,377,382,388,393,400,405,411,416,422,427,433,440,445,451,456,462,467,473,478,485,490,496,501,507,512,518,523,530,535,541,546,552,557,563,569
514,11,16,22,27,33,38,44,50,56,61,67,72,78,83,90,95,101,106,112,117,123,129,135,140,146,151,157,162,169,174,180,185,191,196,202,209,214,220,225,231,236,242,248,254,259,265,270,276,281,288,293,299,304,310,315,321,326,333,338,344,349,355,360,366,372,378,383,389,394,400,405,412,418,423,429,434,440,445,452,457,463,468,474,479,485,491,497,502,508,513,519,524,531,536,542,547,553,558,564,570
515,11,16,22,27,33,38,45,50,56,61,67,72,78,84,90,95,101,106,112,118,124,129,135,140,146,151,158,163,169,174,180,185,191,198,203,209,214,220,225,232,237,243,248,254,259,265,271,277,282,288,293,299,304,311,316,322,327,333,338,345,350,356,361,367,372,378,385,390,396,401,407,412,418,424,430,435,441,446,452,458,464,469,475,480,486,491,498,503,509,514,520,525,531,537,543,548,554,559,565,572
516,11,16,22,27,33,38,45,50,56,61,67,72,79,84,90,95,101,106,113,118,124,129,135,140,147,152,158,163,169,174,180,187,192,198,203,209,214,221,226,232,237,243,248,255,260,266,271,277,282,289,294,300,305,311,316,322,328,334,339,345,350,356,363,368,374,379,385,390,397,402,408,413,419,424,431,436,442,447,453,458,464,470,476,481,487,492,498,504,510,515,521,526,532,539,544,550,555,561,566,573
517,11,16,22,27,33,39,45,50,56,61,67,73,79,84,90,95,101,107,113,118,124,129,135,141,147,152,158,163,169,176,181,187,192,198,203,210,215,221,226,232,237,244,249,255,260,266,271,278,283,289,294,300,306,312,317,323,328,334,341,346,352,357,363,368,375,380,386,391,397,402,409,414,420,425,431,436,443,448,454,459,465,470,477,482,488,493,499,504,511,517,522,528,533,539,545,551,556,562,567,574
518,11,16,22,27,33,39,45,50,56,61,67,73,79,84,90,95,102,107,113,118,124,129,136,141,147,152,158,165,170,176,181,187,192,199,204,210,215,221,227,233,238,244,249,255,261,267,272,278,283,290,295,301,306,312,317,324,330,335,341,346,352,358,364,369,375,380,387,392,398,403,409,414,421,426,432,437,443,449,455,460,466,471,477,484,489,495,500,506,512,518,523,529,534,540,546,552,557,563,568,575
519,11,16,22,27,33,39,45,50,56,61,68,73,79,84,90,96,102,107,113,118,124,130,136,141,147,152,159,165,170,176,181,188,193,199,204,210,216,222,227,233,238,244,250,256,261,267,272,279,284,290,295,301,308,313,319,324,330,336,342,347,353,358,364,370,376,381,387,392,399,404,410,415,421,427,433,438,444,449,456,462,467,473,478,484,490,496,501,507,512,519,524,530,535,541,547,553,558,564,569,576
520,11,16,22,27,34,39,45,50,56,62,68,73,79,84,91,96,102,107,113,119,125,130,136,141,148,154,159,165,170,177,182,188,193,199,205,211,216,222,227,234,239,245,250,256,262,268,273,279,284,291,297,302,308,313,320,325,331,336,342,348,354,359,365,370,377,382,388,393,399,405,411,416,422,427,434,440,445,451,456,463,468,474,479,485,491,497,502,508,513,520,525,531,536,542,548,554,559,565,570,577
521,11,16,22,27,34,39,45,50,56,62,68,73,79,84,91,96,102,107,113,119,125,130,136,143,148,154,159,165,171,177,182,188,193,200,205,211,216,222,228,234,239,245,251,257,262,268,273,280,286,291,297,302,309,314,320,325,331,337,343,348,354,360,366,371,377,382,389,394,400,405,411,418,423,429,434,440,446,452,457,463,469,475,480,486,491,498,503,509,514,520,526,532,537,543,548,555,561,566,572,578
522,11,16,22,27,34,39,45,50,56,62,68,73,79,85,91,96,102,107,114,119,125,130,137,143,148,154,159,166,171,177,182,189,194,200,205,211,217,223,228,234,240,246,251,257,262,269,275,280,286,292,298,303,309,314,321,326,332,337,343,349,355,360,366,372,378,383,389,394,401,407,412,418,424,430,435,441,446,453,458,464,469,476,481,487,492,498,504,510,515,521,528,533,539,544,550,556,562,567,573,579
523,11,16,22,27,34,39,45,50,57,62,68,73,79,85,91,96,102,108,114,119,125,132,137,143,148,154,160,166,171,177,183,189,194,200,206,212,217,223,228,235,240,246,251,258,264,269,275,281,287,292,298,303,310,315,321,326,333,338,344,349,356,361,367,372,378,385,390,396,401,408,413,419,424,431,436,442,447,453,459,465,470,476,482,488,493,499,506,511,517,522,528,534,540,545,551,557,563,568,574,580
524,11,16,22,27,34,39,45,50,57,62,68,73,80,85,91,96,103,108,114,119,126,132,137,143,149,155,160,166,171,178,183,189,194,201,206,212,217,224,229,235,240,247,253,258,264,270,276,281,287,293,299,304,310,315,322,327,333,338,345,350,356,361,368,374,379,385,391,397,402,408,414,420,425,431,437,443,448,454,459,466,471,477,482,489,495,500,506,512,518,523,529,535,541,546,552,558,564,569,575,581
525,11,16,22,28,34,39,45,51,57,62,68,74,80,85,91,97,103,108,114,121,126,132,137,144,149,155,160,167,172,178,183,190,195,201,206,213,218,224,229,236,242,247,253,259,265,270,276,282,288,293,299,305,311,316,322,328,334,339,345,352,357,363,368,375,380,386,391,398,403,409,414,421,426,432,437,444,449,455,460,467,473,478,484,490,496,501,507,513,519,524,530,536,542,547,553,559,565,570,576,583
526,11,16,22,28,34,39,45,51,57,62,68,74,80,85,91,97,103,108,114,121,126,132,137,144,149,155,161,167,172,178,184,190,195,201,207,213,218,224,231,236,242,247,254,259,265,270,277,282,288,294,300,305,311,317,323,328,334,341,346,352,357,364,369,375,380,387,392,398,403,410,415,421,426,433,438,444,451,456,462,467,474,479,485,490,497,502,508,513,520,525,531,536,543,548,554,559,566,572,577,584
527,11,16,22,28,34,39,45,51,57,62,68,74,80,85,92,97,103,108,115,121,126,132,138,144,149,156,161,167,172,179,184,190,195,202,207,213,218,225,231,236,243,248,254,259,266,271,277,282,289,294,300,306,312,317,323,330,335,341,346,353,358,364,370,376,381,387,393,399,404,410,416,422,427,433,440,445,451,457,463,468,474,480,486,491,497,503,509,514,521,526,532,537,544,550,555,561,567,573,578,585
528,11,16,22,28,34,39,45,51,57,62,69,74,80,85,92,97,103,110,115,121,126,133,138,144,150,156,161,167,173,179,184,190,196,202,207,214,220,225,231,237,243,248,255,260,266,271,278,283,289,295,301,306,312,319,324,330,335,342,347,353,359,365,370,376,382,388,393,400,405,411,416,423,429,434,441,446,452,457,464,469,475,480,487,492,498,504,510,515,521,528,533,539,545,551,556,562,568,574,579,586
529,11,16,22,28,34,39,46,51,57,62,69,74,80,86,92,97,103,110,115,121,127,133,138,144,150,156,161,168,173,179,184,191,196,202,209,214,220,226,232,237,243,249,255,260,267,272,278,283,290,295,301,308,313,319,324,331,336,342,348,354,359,365,371,377,382,389,394,400,407,412,418,423,430,435,441,447,453,458,464,470,476,481,488,493,499,504,511,517,522,529,534,540,545,552,557,563,569,575,580,587
530,11,16,22,28,34,39,46,51,57,63,69,74,80,86,92,97,104,110,115,122,127,133,138,145,150,156,162,168,173,180,185,191,196,203,209,214,221,226,232,238,244,249,255,261,267,272,279,284,290,297,302,308,313,320,325,331,337,343,348,355,360,366,371,378,383,389,396,401,407,413,419,424,430,436,442,447,454,459,465,471,477,482,488,495,500,506,512,518,523,530,535,541,546,553,558,564,570,576,581,588
531,11,16,22,28,34,39,46,51,57,63,69,74,81,86,92,97,104,110,115,122,127,133,139,145,150,157,162,168,173,180,185,191,198,203,209,215,221,226,233,238,244,250,256,261,267,273,279,284,291,297,302,309,314,320,326,332,337,343,349,355,360,367,372,378,385,390,396,402,408,413,420,425,431,436,443,448,454,460,466,471,478,484,489,496,501,507,512,519,524,530,536,542,547,554,559,565,572,577,583,589
532,11,16,22,28,34,39,46,51,57,63,69,74,81,86,92,99,104,110,116,122,127,134,139,145,151,157,162,168,174,180,185,192,198,203,210,215,221,227,233,238,245,250,256,262,268,273,280,286,291,298,303,309,314,321,326,332,338,344,349,356,361,367,374,379,385,391,397,402,409,414,420,426,432,437,444,449,455,460,467,473,478,485,490,496,502,508,513,520,525,531,537,543,548,555,561,566,573,578,584,590
533,11,16,22,28,34,39,46,51,57,63,69,74,81,86,92,99,104,110,116,122,127,134,139,145,151,157,162,169,174,180,187,192,198,204,210,215,222,227,233,239,245,250,257,262,268,275,280,286,292,298,303,310,315,321,327,333,338,345,350,356,363,368,374,380,386,391,398,403,409,415,421,426,433,438,444,451,456,462,468,474,479,486,491,497,503,509,514,521,526,532,539,544,550,556,562,567,574,579,585,591
534,11,16,23,28,34,40,46,51,58,63,69,75,81,86,93,99,104,111,116,122,128,134,139,146,151,157,163,169,174,181,187,192,199,204,210,216,222,227,234,239,245,251,257,262,269,275,280,287,292,299,304,310,316,322,327,334,339,345,352,357,363,369,375,380,387,392,398,404,410,415,422,427,433,440,445,451,457,463,468,475,480,486,492,498,503,510,515,521,528,533,539,545,551,556,563,568,574,580,586,592
535,11,16,23,28,34,40,46,51,58,63,69,75,81,86,93,99,104,111,116,123,128,134,140,146,151,158,163,169,176,181,187,193,199,204,211,216,222,228,234,240,246,251,258,264,269,276,281,287,293,299,304,311,316,322,328,334,339,346,352,358,364,369,376,381,387,393,399,404,411,416,422,429,434,440,446,452,457,464,469,476,481,487,493,499,504,511,517,522,529,534,540,546,552,557,564,569,575,581,587,594
536,11,16,23,28,34,40,46,51,58,63,69,75,81,88,93,99,105,111,116,123,128,134,140,146,152,158,163,170,176,181,188,193,199,205,211,216,223,228,235,240,246,253,258,264,270,276,281,288,293,300,305,311,317,323,328,335,341,346,353,358,364,370,376,382,388,393,400,405,411,418,423,429,435,441,447,453,458,465,470,476,482,488,493,500,506,511,518,523,530,535,541,547,553,558,565,570,576,583,588,595
537,11,16,23,28,34,40,46,51,58,63,70,75,81,88,93,99,105,111,117,123,128,135,140,146,152,158,163,170,176,182,188,193,200,205,211,217,223,229,235,240,247,253,258,265,270,277,282,288,294,300,305,312,317,323,330,335,342,347,353,359,365,370,377,382,389,394,400,407,412,418,424,430,436,442,447,454,459,465,471,477,482,489,495,501,507,512,519,524,530,536,542,548,554,559,566,572,577,584,589,596
538,11,16,23,28,34,40,46,52,58,63,70,75,81,88,93,100,105,111,117,123,128,135,140,147,152,158,165,170,177,182,188,194,200,205,212,217,224,229,235,242,247,253,259,265,271,277,282,289,294,301,306,312,319,324,330,336,342,348,354,359,366,371,377,383,389,396,401,407,413,419,424,431,436,443,448,454,460,466,473,478,484,490,496,501,508,513,520,525,531,537,543,548,555,561,567,573,578,585,590,597
539,11,16,23,28,34,40,46,52,58,63,70,75,82,88,93,100,105,112,117,123,129,135,140,147,152,159,165,170,177,182,189,194,200,206,212,218,224,229,236,242,247,254,259,266,271,277,283,289,295,301,306,313,319,325,331,336,343,348,355,360,366,372,378,383,390,396,402,408,413,420,425,432,437,443,449,455,462,467,473,479,485,490,497,502,509,514,520,526,532,539,544,550,556,562,568,574,579,586,591,598
540,11,16,23,28,35,40,46,52,58,64,70,75,82,88,94,100,105,112,117,124,129,135,141,147,154,159,165,171,177,183,189,194,201,206,213,218,224,231,236,243,248,254,260,266,272,278,283,290,295,302,308,313,320,325,332,337,343,349,355,361,367,372,379,385,391,397,402,409,414,421,426,432,438,444,451,456,462,468,474,480,486,491,498,503,510,515,521,528,533,540,545,551,557,563,569,575,580,587,592,599
541,11,16,23,28,35,40,46,52,58,64,70,75,82,88,94,100,105,112,117,124,129,136,141,147,154,159,166,171,177,183,189,195,201,206,213,218,225,231,236,243,248,255,260,267,272,278,284,290,297,302,308,314,320,326,332,337,344,349,356,361,368,374,379,386,391,398,403,409,415,421,427,433,438,445,451,457,463,468,475,480,487,492,499,504,510,517,522,529,534,540,546,552,558,564,569,576,581,588,594,600