,1,2,3,4,5,6,7,8,9,10,11,12,13,14,15,16,17,18,19,20,21,22,23,24,25,26,27,28,29,30,31,32,33,34,35,36,37,38,39,40,41,42,43,44,45,46,47,48,49,50,51,52,53,54,55,56,57,58,59,60,61,62,63,64,65,66,67,68,69,70,71,72,73,74,75,76,77,78,79,80,81,82,83,84,85,86,87,88,89,90,91,92,93,94,95,96,97,98,99,100
22,5,5,5,5,6,6,6,6,6,7,7,7,7,8,8,8,8,8,9,9,9,9,10,10,10,10,10,11,11,11,11,12,12,12,12,12,13,13,13,13,14,14,14,14,14,15,15,15,15,16,16,16,16,16,17,17,17,17,17,18,18,18,18,19,19,19,19,19,20,20,20,20,21,21,21,21,21,22,22,22,22,23,23,23,23,23,24,24,24,24,25,25,25,25,25,26,26,26,26,27
23,5,5,5,5,6,6,6,6,7,7,7,7,7,8,8,8,8,9,9,9,9,10,10,10,10,10,11,11,11,11,12,12,12,12,13,13,13,13,13,14,14,14,14,15,15,15,15,16,16,16,16,16,17,17,17,17,18,18,18,18,19,19,19,19,19,20,20,20,20,21,21,21,21,22,22,22,22,22,23,23,23,23,24,24,24,24,25,25,25,25,25,26,26,26,26,27,27,27,27,28
24,5,5,5,5,6,6,6,6,7,7,7,7,8,8,8,8,9,9,9,9,10,10,10,10,11,11,11,11,11,12,12,12,12,13,13,13,13,14,14,14,14,15,15,15,15,16,16,16,16,17,17,17,17,17,18,18,18,18,19,19,19,19,20,20,20,20,21,21,21,21,22,22,22,22,23,23,23,23,23,24,24,24,24,25,25,25,25,26,26,26,26,27,27,27,27,28,28,28,28,29
25,5,5,5,6,6,6,6,7,7,7,7,8,8,8,8,9,9,9,9,10,10,10,10,11,11,11,11,12,12,12,12,13,13,13,13,14,14,14,14,15,15,15,15,16,16,16,16,17,17,17,17,18,18,18,18,19,19,19,19,20,20,20,20,21,21,21,21,22,22,22,22,23,23,23,23,24,24,24,24,25,25,25,25,26,26,26,26,27,27,27,27,28,28,28,28,29,29,29,29,30
26,5,5,5,6,6,6,6,7,7,7,7,8,8,8,8,9,9,9,9,10,10,10,10,11,11,11,12,12,12,12,13,13,13,13,14,14,14,14,15,15,15,15,16,16,16,16,17,17,17,18,18,18,18,19,19,19,19,20,20,20,20,21,21,21,21,22,22,22,22,23,23,23,23,24,24,24,25,25,25,25,26,26,26,26,27,27,27,27,28,28,28,28,29,29,29,29,30,30,30,31
27,5,5,5,6,6,6,6,7,7,7,7,8,8,8,9,9,9,9,10,10,10,10,11,11,11,12,12,12,12,13,13,13,13,14,14,14,14,15,15,15,16,16,16,16,17,17,17,17,18,18,18,19,19,19,19,20,20,20,20,21,21,21,22,22,22,22,23,23,23,23,24,24,24,24,25,25,25,26,26,26,26,27,27,27,27,28,28,28,29,29,29,29,30,30,30,30,31,31,31,32
28,5,5,5,6,6,6,6,7,7,7,8,8,8,8,9,9,9,10,10,10,10,11,11,11,12,12,12,12,13,13,13,13,14,14,14,15,15,15,15,16,16,16,17,17,17,17,18,18,18,19,19,19,19,20,20,20,20,21,21,21,22,22,22,22,23,23,23,24,24,24,24,25,25,25,26,26,26,26,27,27,27,27,28,28,28,29,29,29,29,30,30,30,31,31,31,31,32,32,32,33
29,5,5,5,6,6,6,7,7,7,7,8,8,8,9,9,9,9,10,10,10,11,11,11,11,12,12,12,13,13,13,13,14,14,14,15,15,15,16,16,16,16,17,17,17,18,18,18,18,19,19,19,20,20,20,20,21,21,21,22,22,22,22,23,23,23,24,24,24,25,25,25,25,26,26,26,27,27,27,27,28,28,28,29,29,29,29,30,30,30,31,31,31,31,32,32,32,33,33,33,34
30,5,5,5,6,6,6,7,7,7,8,8,8,8,9,9,9,10,10,10,11,11,11,11,12,12,12,13,13,13,14,14,14,14,15,15,15,16,16,16,17,17,17,17,18,18,18,19,19,19,20,20,20,20,21,21,21,22,22,22,23,23,23,23,24,24,24,25,25,25,26,26,26,26,27,27,27,28,28,28,29,29,29,29,30,30,30,31,31,31,32,32,32,32,33,33,33,34,34,34,35
31,5,5,5,6,6,6,7,7,7,8,8,8,9,9,9,9,10,10,10,11,11,11,12,12,12,13,13,13,13,14,14,14,15,15,15,16,16,16,17,17,17,18,18,18,18,19,19,19,20,20,20,21,21,21,22,22,22,22,23,23,23,24,24,24,25,25,25,26,26,26,27,27,27,27,28,28,28,29,29,29,30,30,30,31,31,31,31,32,32,32,33,33,33,34,34,34,35,35,35,36
32,5,5,5,6,6,6,7,7,7,8,8,8,9,9,9,10,10,10,11,11,11,12,12,12,13,13,13,13,14,14,14,15,15,15,16,16,16,17,17,17,18,18,18,19,19,19,20,20,20,21,21,21,21,22,22,22,23,23,23,24,24,24,25,25,25,26,26,26,27,27,27,28,28,28,29,29,29,29,30,30,30,31,31,31,32,32,32,33,33,33,34,34,34,35,35,35,36,36,36,37
33,5,5,5,6,6,6,7,7,7,8,8,8,9,9,9,10,10,10,11,11,11,12,12,12,13,13,13,14,14,14,15,15,15,16,16,16,17,17,17,18,18,18,19,19,19,20,20,20,21,21,21,22,22,22,23,23,23,24,24,24,25,25,25,26,26,26,27,27,27,28,28,28,29,29,29,30,30,30,31,31,31,32,32,32,33,33,33,34,34,34,35,35,35,36,36,36,37,37,37,38
34,5,5,6,6,6,7,7,7,8,8,8,9,9,9,10,10,10,11,11,11,12,12,12,13,13,13,14,14,14,15,15,15,16,16,16,17,17,17,18,18,18,19,19,19,20,20,20,21,21,22,22,22,23,23,23,24,24,24,25,25,25,26,26,26,27,27,27,28,28,28,29,29,29,30,30,30,31,31,31,32,32,32,33,33,33,34,34,34,35,35,35,36,36,36,37,37,37,38,38,39
35,5,5,6,6,6,7,7,7,8,8,8,9,9,9,10,10,10,11,11,12,12,12,13,13,13,14,14,14,15,15,15,16,16,16,17,17,17,18,18,19,19,19,20,20,20,21,21,21,22,22,22,23,23,23,24,24,24,25,25,26,26,26,27,27,27,28,28,28,29,29,29,30,30,30,31,31,31,32,32,33,33,33,34,34,34,35,35,35,36,36,36,37,37,37,38,38,38,39,39,40
36,5,5,6,6,6,7,7,7,8,8,8,9,9,10,10,10,11,11,11,12,12,12,13,13,14,14,14,15,15,15,16,16,16,17,17,17,18,18,19,19,19,20,20,20,21,21,21,22,22,23,23,23,24,24,24,25,25,25,26,26,26,27,27,28,28,28,29,29,29,30,30,30,31,31,32,32,32,33,33,33,34,34,34,35,35,35,36,36,37,37,37,38,38,38,39,39,39,40,40,41
37,5,5,6,6,6,7,7,7,8,8,9,9,9,10,10,10,11,11,12,12,12,13,13,13,14,14,14,15,15,16,16,16,17,17,17,18,18,19,19,19,20,20,20,21,21,22,22,22,23,23,23,24,24,24,25,25,26,26,26,27,27,27,28,28,29,29,29,30,30,30,31,31,32,32,32,33,33,33,34,34,34,35,35,36,36,36,37,37,37,38,38,39,39,39,40,40,40,41,41,42
38,5,5,6,6,6,7,7,8,8,8,9,9,9,10,10,11,11,11,12,12,12,13,13,14,14,14,15,15,16,16,16,17,17,17,18,18,19,19,19,20,20,20,21,21,22,22,22,23,23,24,24,24,25,25,25,26,26,27,27,27,28,28,28,29,29,30,30,30,31,31,31,32,32,33,33,33,34,34,35,35,35,36,36,36,37,37,38,38,38,39,39,39,40,40,41,41,41,42,42,43
39,5,5,6,6,6,7,7,8,8,8,9,9,10,10,10,11,11,12,12,12,13,13,13,14,14,15,15,15,16,16,17,17,17,18,18,19,19,19,20,20,20,21,21,22,22,22,23,23,24,24,24,25,25,26,26,26,27,27,28,28,28,29,29,29,30,30,31,31,31,32,32,33,33,33,34,34,35,35,35,36,36,36,37,37,38,38,38,39,39,40,40,40,41,41,42,42,42,43,43,44
40,5,5,6,6,7,7,7,8,8,9,9,9,10,10,11,11,11,12,12,13,13,13,14,14,15,15,15,16,16,17,17,17,18,18,19,19,19,20,20,21,21,21,22,22,23,23,23,24,24,25,25,25,26,26,27,27,27,28,28,29,29,29,30,30,31,31,31,32,32,33,33,33,34,34,35,35,35,36,36,37,37,37,38,38,39,39,39,40,40,41,41,41,42,42,43,43,43,44,44,45
41,5,5,6,6,7,7,7,8,8,9,9,9,10,10,11,11,11,12,12,13,13,14,14,14,15,15,16,16,16,17,17,18,18,18,19,19,20,20,20,21,21,22,22,23,23,23,24,24,25,25,25,26,26,27,27,27,28,28,29,29,30,30,30,31,31,32,32,32,33,33,34,34,34,35,35,36,36,36,37,37,38,38,39,39,39,40,40,41,41,41,42,42,43,43,43,44,44,45,45,46
42,5,5,6,6,7,7,7,8,8,9,9,10,10,10,11,11,12,12,12,13,13,14,14,15,15,15,16,16,17,17,18,18,18,19,19,20,20,20,21,21,22,22,23,23,23,24,24,25,25,26,26,26,27,27,28,28,28,29,29,30,30,31,31,31,32,32,33,33,33,34,34,35,35,36,36,36,37,37,38,38,39,39,39,40,40,41,41,41,42,42,43,43,44,44,44,45,45,46,46,47
43,5,5,6,6,7,7,8,8,8,9,9,10,10,11,11,11,12,12,13,13,14,14,14,15,15,16,16,17,17,17,18,18,19,19,20,20,20,21,21,22,22,23,23,23,24,24,25,25,26,26,26,27,27,28,28,29,29,29,30,30,31,31,32,32,32,33,33,34,34,35,35,35,36,36,37,37,38,38,38,39,39,40,40,41,41,41,42,42,43,43,44,44,44,45,45,46,46,47,47,48
44,5,5,6,6,7,7,8,8,8,9,9,10,10,11,11,12,12,12,13,13,14,14,15,15,16,16,16,17,17,18,18,19,19,19,20,20,21,21,22,22,23,23,23,24,24,25,25,26,26,27,27,27,28,28,29,29,30,30,30,31,31,32,32,33,33,34,34,34,35,35,36,36,37,37,38,38,38,39,39,40,40,41,41,41,42,42,43,43,44,44,45,45,45,46,46,47,47,48,48,49
45,5,5,6,6,7,7,8,8,9,9,9,10,10,11,11,12,12,13,13,14,14,14,15,15,16,16,17,17,18,18,18,19,19,20,20,21,21,22,22,23,23,23,24,24,25,25,26,26,27,27,27,28,28,29,29,30,30,31,31,32,32,32,33,33,34,34,35,35,36,36,36,37,37,38,38,39,39,40,40,41,41,41,42,42,43,43,44,44,45,45,45,46,46,47,47,48,48,49,49,50
46,5,5,6,6,7,7,8,8,9,9,10,10,10,11,11,12,12,13,13,14,14,15,15,16,16,16,17,17,18,18,19,19,20,20,21,21,22,22,22,23,23,24,24,25,25,26,26,27,27,28,28,28,29,29,30,30,31,31,32,32,33,33,33,34,34,35,35,36,36,37,37,38,38,39,39,39,40,40,41,41,42,42,43,43,44,44,45,45,45,46,46,47,47,48,48,49,49,50,50,51
47,5,5,6,6,7,7,8,8,9,9,10,10,11,11,12,12,12,13,13,14,14,15,15,16,16,17,17,18,18,19,19,20,20,20,21,21,22,22,23,23,24,24,25,25,26,26,27,27,28,28,28,29,29,30,30,31,31,32,32,33,33,34,34,35,35,36,36,36,37,37,38,38,39,39,40,40,41,41,42,42,43,43,44,44,44,45,45,46,46,47,47,48,48,49,49,50,50,51,51,52
48,5,5,6,6,7,7,8,8,9,9,10,10,11,11,12,12,13,13,14,14,15,15,16,16,17,17,17,18,18,19,19,20,20,21,21,22,22,23,23,24,24,25,25,26,26,27,27,28,28,29,29,29,30,30,31,31,32,32,33,33,34,34,35,35,36,36,37,37,38,38,39,39,40,40,41,41,41,42,42,43,43,44,44,45,45,46,46,47,47,48,48,49,49,50,50,51,51,52,52,53
49,5,5,6,6,7,7,8,8,9,9,10,10,11,11,12,12,13,13,14,14,15,15,16,16,17,17,18,18,19,19,20,20,21,21,22,22,23,23,24,24,25,25,26,26,27,27,28,28,29,29,29,30,30,31,31,32,32,33,33,34,34,35,35,36,36,37,37,38,38,39,39,40,40,41,41,42,42,43,43,44,44,45,45,46,46,47,47,48,48,49,49,50,50,51,51,52,52,53,53,54
50,5,6,6,7,7,8,8,9,9,10,10,11,11,12,12,13,13,14,14,15,15,16,16,17,17,18,18,19,19,20,20,21,21,22,22,23,23,24,24,25,25,26,26,27,27,28,28,29,29,30,30,31,31,32,32,33,33,34,34,35,35,36,36,37,37,38,38,39,39,40,40,41,41,42,42,43,43,44,44,45,45,46,46,47,47,48,48,49,49,50,50,51,51,52,52,53,53,54,54,55
51,5,6,6,7,7,8,8,9,9,10,10,11,11,12,12,13,13,14,14,15,15,16,16,17,17,18,18,19,19,20,20,21,21,22,22,23,23,24,24,25,25,26,26,27,27,28,28,29,29,30,31,31,32,32,33,33,34,34,35,35,36,36,37,37,38,38,39,39,40,40,41,41,42,42,43,43,44,44,45,45,46,46,47,47,48,48,49,49,50,50,51,51,52,52,53,53,54,54,55,56
52,5,6,6,7,7,8,8,9,9,10,10,11,11,12,12,13,13,14,14,15,15,16,16,17,18,18,19,19,20,20,21,21,22,22,23,23,24,24,25,25,26,26,27,27,28,28,29,29,30,31,31,32,32,33,33,34,34,35,35,36,36,37,37,38,38,39,39,40,40,41,41,42,42,43,44,44,45,45,46,46,47,47,48,48,49,49,50,50,51,51,52,52,53,53,54,54,55,55,56,57
53,5,6,6,7,7,8,8,9,9,10,10,11,11,12,12,13,14,14,15,15,16,16,17,17,18,18,19,19,20,20,21,21,22,23,23,24,24,25,25,26,26,27,27,28,28,29,29,30,30,31,32,32,33,33,34,34,35,35,36,36,37,37,38,38,39,39,40,41,41,42,42,43,43,44,44,45,45,46,46,47,47,48,48,49,50,50,51,51,52,52,53,53,54,54,55,55,56,56,57,58
54,5,6,6,7,7,8,8,9,9,10,10,11,12,12,13,13,14,14,15,15,16,16,17,17,18,19,19,20,20,21,21,22,22,23,23,24,24,25,26,26,27,27,28,28,29,29,30,30,31,32,32,33,33,34,34,35,35,36,36,37,37,38,39,39,40,40,41,41,42,42,43,43,44,44,45,46,46,47,47,48,48,49,49,50,50,51,51,52,53,53,54,54,55,55,56,56,57,57,58,59
55,5,6,6,7,7,8,8,9,9,10,11,11,12,12,13,13,14,14,15,16,16,17,17,18,18,19,19,20,20,21,22,22,23,23,24,24,25,25,26,27,27,28,28,29,29,30,30,31,31,32,33,33,34,34,35,35,36,36,37,38,38,39,39,40,40,41,41,42,42,43,44,44,45,45,46,46,47,47,48,49,49,50,50,51,51,52,52,53,53,54,55,55,56,56,57,57,58,58,59,60
56,5,6,6,7,7,8,8,9,10,10,11,11,12,12,13,13,14,15,15,16,16,17,17,18,19,19,20,20,21,21,22,22,23,24,24,25,25,26,26,27,27,28,29,29,30,30,31,31,32,33,33,34,34,35,35,36,36,37,38,38,39,39,40,40,41,41,42,43,43,44,44,45,45,46,47,47,48,48,49,49,50,50,51,52,52,53,53,54,54,55,55,56,57,57,58,58,59,59,60,61
57,5,6,6,7,7,8,8,9,10,10,11,11,12,12,13,14,14,15,15,16,16,17,18,18,19,19,20,20,21,22,22,23,23,24,24,25,26,26,27,27,28,28,29,30,30,31,31,32,32,33,34,34,35,35,36,36,37,38,38,39,39,40,40,41,42,42,43,43,44,44,45,46,46,47,47,48,48,49,50,50,51,51,52,52,53,54,54,55,55,56,56,57,58,58,59,59,60,60,61,62
58,5,6,6,7,7,8,9,9,10,10,11,11,12,13,13,14,14,15,16,16,17,17,18,18,19,20,20,21,21,22,22,23,24,24,25,25,26,27,27,28,28,29,29,30,31,31,32,32,33,34,34,35,35,36,36,37,38,38,39,39,40,40,41,42,42,43,43,44,45,45,46,46,47,47,48,49,49,50,50,51,51,52,53,53,54,54,55,56,56,57,57,58,58,59,60,60,61,61,62,63
59,5,6,6,7,7,8,9,9,10,10,11,12,12,13,13,14,15,15,16,16,17,17,18,19,19,20,20,21,22,22,23,23,24,25,25,26,26,27,28,28,29,29,30,30,31,32,32,33,33,34,35,35,36,36,37,38,38,39,39,40,40,41,42,42,43,43,44,45,45,46,46,47,48,48,49,49,50,51,51,52,52,53,53,54,55,55,56,56,57,58,58,59,59,60,61,61,62,62,63,64
60,5,6,6,7,8,8,9,9,10,11,11,12,12,13,14,14,15,15,16,17,17,18,18,19,20,20,21,21,22,23,23,24,24,25,26,26,27,27,28,29,29,30,30,31,32,32,33,33,34,35,35,36,36,37,38,38,39,39,40,41,41,42,42,43,44,44,45,45,46,47,47,48,48,49,50,50,51,51,52,53,53,54,54,55,56,56,57,57,58,59,59,60,60,61,62,62,63,63,64,65
61,5,6,6,7,8,8,9,9,10,11,11,12,12,13,14,14,15,15,16,17,17,18,19,19,20,20,21,22,22,23,23,24,25,25,26,26,27,28,28,29,30,30,31,31,32,33,33,34,34,35,36,36,37,37,38,39,39,40,40,41,42,42,43,44,44,45,45,46,47,47,48,48,49,50,50,51,51,52,53,53,54,55,55,56,56,57,58,58,59,59,60,61,61,62,62,63,64,64,65,66
62,5,6,6,7,8,8,9,9,10,11,11,12,13,13,14,14,15,16,16,17,18,18,19,19,20,21,21,22,22,23,24,24,25,26,26,27,27,28,29,29,30,31,31,32,32,33,34,34,35,36,36,37,37,38,39,39,40,40,41,42,42,43,44,44,45,45,46,47,47,48,49,49,50,50,51,52,52,53,53,54,55,55,56,57,57,58,58,59,60,60,61,62,62,63,63,64,65,65,66,67
63,5,6,6,7,8,8,9,10,10,11,11,12,13,13,14,15,15,16,16,17,18,18,19,20,20,21,22,22,23,23,24,25,25,26,27,27,28,28,29,30,30,31,32,32,33,33,34,35,35,36,37,37,38,39,39,40,40,41,42,42,43,44,44,45,45,46,47,47,48,49,49,50,50,51,52,52,53,54,54,55,56,56,57,57,58,59,59,60,61,61,62,62,63,64,64,65,66,66,67,68
64,5,6,6,7,8,8,9,10,10,11,12,12,13,13,14,15,15,16,17,17,18,19,19,20,21,21,22,22,23,24,24,25,26,26,27,28,28,29,29,30,31,31,32,33,33,34,35,35,36,37,37,38,38,39,40,40,41,42,42,43,44,44,45,45,46,47,47,48,49,49,50,51,51,52,53,53,54,54,55,56,56,57,58,58,59,60,60,61,61,62,63,63,64,65,65,66,67,67,68,69
65,5,6,6,7,8,8,9,10,10,11,12,12,13,14,14,15,16,16,17,18,18,19,19,20,21,21,22,23,23,24,25,25,26,27,27,28,29,29,30,31,31,32,32,33,34,34,35,36,36,37,38,38,39,40,40,41,42,42,43,44,44,45,45,46,47,47,48,49,49,50,51,51,52,53,53,54,55,55,56,57,57,58,58,59,60,60,61,62,62,63,64,64,65,66,66,67,68,68,69,70
66,5,6,6,7,8,8,9,10,10,11,12,12,13,14,14,15,16,16,17,18,18,19,20,20,21,22,22,23,24,24,25,26,26,27,28,28,29,30,30,31,32,32,33,34,34,35,36,36,37,38,38,39,39,40,41,41,42,43,43,44,45,45,46,47,47,48,49,49,50,51,51,52,53,53,54,55,55,56,57,57,58,59,59,60,61,61,62,63,63,64,65,65,66,67,67,68,69,69,70,71
67,5,6,7,7,8,9,9,10,11,11,12,13,13,14,15,15,16,17,17,18,19,19,20,21,21,22,23,23,24,25,25,26,27,27,28,29,29,30,31,31,32,33,33,34,35,35,36,37,37,38,39,39,40,41,41,42,43,43,44,45,45,46,47,47,48,49,49,50,51,51,52,53,53,54,55,55,56,57,57,58,59,59,60,61,61,62,63,63,64,65,65,66,67,67,68,69,69,70,71,72
68,5,6,7,7,8,9,9,10,11,11,12,13,13,14,15,15,16,17,17,18,19,19,20,21,22,22,23,24,24,25,26,26,27,28,28,29,30,30,31,32,32,33,34,34,35,36,36,37,38,39,39,40,41,41,42,43,43,44,45,45,46,47,47,48,49,49,50,51,51,52,53,53,54,55,56,56,57,58,58,59,60,60,61,62,62,63,64,64,65,66,66,67,68,68,69,70,70,71,72,73
69,5,6,7,7,8,9,9,10,11,11,12,13,13,14,15,16,16,17,18,18,19,20,20,21,22,22,23,24,25,25,26,27,27,28,29,29,30,31,31,32,33,33,34,35,36,36,37,38,38,39,40,40,41,42,42,43,44,45,45,46,47,47,48,49,49,50,51,51,52,53,53,54,55,56,56,57,58,58,59,60,60,61,62,62,63,64,65,65,66,67,67,68,69,69,70,71,71,72,73,74
70,5,6,7,7,8,9,9,10,11,12,12,13,14,14,15,16,16,17,18,19,19,20,21,21,22,23,23,24,25,26,26,27,28,28,29,30,30,31,32,33,33,34,35,35,36,37,37,38,39,40,40,41,42,42,43,44,44,45,46,47,47,48,49,49,50,51,51,52,53,54,54,55,56,56,57,58,58,59,60,61,61,62,63,63,64,65,65,66,67,68,68,69,70,70,71,72,72,73,74,75
71,5,6,7,7,8,9,9,10,11,12,12,13,14,14,15,16,17,17,18,19,19,20,21,22,22,23,24,24,25,26,27,27,28,29,29,30,31,31,32,33,34,34,35,36,36,37,38,39,39,40,41,41,42,43,44,44,45,46,46,47,48,49,49,50,51,51,52,53,53,54,55,56,56,57,58,58,59,60,61,61,62,63,63,64,65,66,66,67,68,68,69,70,71,71,72,73,73,74,75,76
72,5,6,7,7,8,9,10,10,11,12,12,13,14,15,15,16,17,17,18,19,20,20,21,22,23,23,24,25,25,26,27,28,28,29,30,30,31,32,33,33,34,35,35,36,37,38,38,39,40,41,41,42,43,43,44,45,46,46,47,48,48,49,50,51,51,52,53,53,54,55,56,56,57,58,59,59,60,61,61,62,63,64,64,65,66,66,67,68,69,69,70,71,71,72,73,74,74,75,76,77
73,5,6,7,7,8,9,10,10,11,12,13,13,14,15,15,16,17,18,18,19,20,21,21,22,23,23,24,25,26,26,27,28,29,29,30,31,32,32,33,34,34,35,36,37,37,38,39,40,40,41,42,42,43,44,45,45,46,47,48,48,49,50,50,51,52,53,53,54,55,56,56,57,58,59,59,60,61,61,62,63,64,64,65,66,67,67,68,69,69,70,71,72,72,73,74,75,75,76,77,78
74,5,6,7,7,8,9,10,10,11,12,13,13,14,15,16,16,17,18,19,19,20,21,22,22,23,24,24,25,26,27,27,28,29,30,30,31,32,33,33,34,35,36,36,37,38,39,39,40,41,42,42,43,44,44,45,46,47,47,48,49,50,50,51,52,53,53,54,55,56,56,57,58,59,59,60,61,61,62,63,64,64,65,66,67,67,68,69,70,70,71,72,73,73,74,75,76,76,77,78,79
75,5,6,7,8,8,9,10,11,11,12,13,14,14,15,16,17,17,18,19,20,20,21,22,23,23,24,25,26,26,27,28,29,29,30,31,32,32,33,34,35,35,36,37,38,38,39,40,41,41,42,43,44,44,45,46,47,47,48,49,50,50,51,52,53,53,54,55,56,56,57,58,59,59,60,61,62,62,63,64,65,65,66,67,68,68,69,70,71,71,72,73,74,74,75,76,77,77,78,79,80
76,5,6,7,8,8,9,10,11,11,12,13,14,14,15,16,17,17,18,19,20,20,21,22,23,24,24,25,26,27,27,28,29,30,30,31,32,33,33,34,35,36,36,37,38,39,39,40,41,42,43,43,44,45,46,46,47,48,49,49,50,51,52,52,53,54,55,55,56,57,58,58,59,60,61,62,62,63,64,65,65,66,67,68,68,69,70,71,71,72,73,74,74,75,76,77,77,78,79,80,81
77,5,6,7,8,8,9,10,11,11,12,13,14,15,15,16,17,18,18,19,20,21,21,22,23,24,25,25,26,27,28,28,29,30,31,31,32,33,34,35,35,36,37,38,38,39,40,41,41,42,43,44,45,45,46,47,48,48,49,50,51,51,52,53,54,55,55,56,57,58,58,59,60,61,61,62,63,64,65,65,66,67,68,68,69,70,71,71,72,73,74,75,75,76,77,78,78,79,80,81,82
78,5,6,7,8,8,9,10,11,12,12,13,14,15,15,16,17,18,19,19,20,21,22,22,23,24,25,26,26,27,28,29,29,30,31,32,33,33,34,35,36,36,37,38,39,40,40,41,42,43,44,44,45,46,47,47,48,49,50,51,51,52,53,54,54,55,56,57,58,58,59,60,61,61,62,63,64,65,65,66,67,68,68,69,70,71,72,72,73,74,75,75,76,77,78,79,79,80,81,82,83
79,5,6,7,8,8,9,10,11,12,12,13,14,15,16,16,17,18,19,20,20,21,22,23,23,24,25,26,27,27,28,29,30,31,31,32,33,34,35,35,36,37,38,38,39,40,41,42,42,43,44,45,46,46,47,48,49,50,50,51,52,53,53,54,55,56,57,57,58,59,60,61,61,62,63,64,65,65,66,67,68,68,69,70,71,72,72,73,74,75,76,76,77,78,79,80,80,81,82,83,84
80,5,6,7,8,9,9,10,11,12,13,13,14,15,16,17,17,18,19,20,21,21,22,23,24,25,25,26,27,28,29,29,30,31,32,33,33,34,35,36,37,37,38,39,40,41,41,42,43,44,45,45,46,47,48,49,49,50,51,52,53,53,54,55,56,57,57,58,59,60,61,61,62,63,64,65,65,66,67,68,69,69,70,71,72,73,73,74,75,76,77,77,78,79,80,81,81,82,83,84,85
81,5,6,7,8,9,9,10,11,12,13,13,14,15,16,17,17,18,19,20,21,22,22,23,24,25,26,26,27,28,29,30,30,31,32,33,34,34,35,36,37,38,39,39,40,41,42,43,43,44,45,46,47,47,48,49,50,51,51,52,53,54,55,56,56,57,58,59,60,60,61,62,63,64,64,65,66,67,68,68,69,70,71,72,73,73,74,75,76,77,77,78,79,80,81,81,82,83,84,85,86
82,5,6,7,8,9,9,10,11,12,13,14,14,15,16,17,18,18,19,20,21,22,23,23,24,25,26,27,27,28,29,30,31,32,32,33,34,35,36,36,37,38,39,40,41,41,42,43,44,45,46,46,47,48,49,50,50,51,52,53,54,55,55,56,57,58,59,59,60,61,62,63,64,64,65,66,67,68,68,69,70,71,72,73,73,74,75,76,77,77,78,79,80,81,82,82,83,84,85,86,87
83,5,6,7,8,9,9,10,11,12,13,14,14,15,16,17,18,19,19,20,21,22,23,24,24,25,26,27,28,29,29,30,31,32,33,34,34,35,36,37,38,39,39,40,41,42,43,44,44,45,46,47,48,48,49,50,51,52,53,53,54,55,56,57,58,58,59,60,61,62,63,63,64,65,66,67,68,68,69,70,71,72,73,73,74,75,76,77,78,78,79,80,81,82,83,83,84,85,86,87,88
84,5,6,7,8,9,10,10,11,12,13,14,15,15,16,17,18,19,20,20,21,22,23,24,25,26,26,27,28,29,30,31,31,32,33,34,35,36,36,37,38,39,40,41,41,42,43,44,45,46,47,47,48,49,50,51,52,52,53,54,55,56,57,57,58,59,60,61,62,62,63,64,65,66,67,68,68,69,70,71,72,73,73,74,75,76,77,78,78,79,80,81,82,83,83,84,85,86,87,88,89
85,5,6,7,8,9,10,10,11,12,13,14,15,16,16,17,18,19,20,21,22,22,23,24,25,26,27,27,28,29,30,31,32,33,33,34,35,36,37,38,39,39,40,41,42,43,44,44,45,46,47,48,49,50,50,51,52,53,54,55,56,56,57,58,59,60,61,61,62,63,64,65,66,67,67,68,69,70,71,72,73,73,74,75,76,77,78,78,79,80,81,82,83,84,84,85,86,87,88,89,90
86,5,6,7,8,9,10,11,11,12,13,14,15,16,17,17,18,19,20,21,22,23,23,24,25,26,27,28,29,29,30,31,32,33,34,35,35,36,37,38,39,40,41,41,42,43,44,45,46,47,48,48,49,50,51,52,53,54,54,55,56,57,58,59,60,60,61,62,63,64,65,66,66,67,68,69,70,71,72,72,73,74,75,76,77,78,78,79,80,81,82,83,84,84,85,86,87,88,89,90,91
87,5,6,7,8,9,10,11,11,12,13,14,15,16,17,18,18,19,20,21,22,23,24,25,25,26,27,28,29,30,31,31,32,33,34,35,36,37,38,38,39,40,41,42,43,44,45,45,46,47,48,49,50,51,51,52,53,54,55,56,57,58,58,59,60,61,62,63,64,65,65,66,67,68,69,70,71,71,72,73,74,75,76,77,78,78,79,80,81,82,83,84,85,85,86,87,88,89,90,91,92
88,5,6,7,8,9,10,11,12,12,13,14,15,16,17,18,19,19,20,21,22,23,24,25,26,27,27,28,29,30,31,32,33,34,34,35,36,37,38,39,40,41,41,42,43,44,45,46,47,48,49,49,50,51,52,53,54,55,56,56,57,58,59,60,61,62,63,63,64,65,66,67,68,69,70,71,71,72,73,74,75,76,77,78,78,79,80,81,82,83,84,85,85,86,87,88,89,90,91,92,93
89,5,6,7,8,9,10,11,12,13,13,14,15,16,17,18,19,20,21,21,22,23,24,25,26,27,28,29,29,30,31,32,33,34,35,36,37,37,38,39,40,41,42,43,44,45,45,46,47,48,49,50,51,52,53,53,54,55,56,57,58,59,60,61,61,62,63,64,65,66,67,68,69,69,70,71,72,73,74,75,76,77,77,78,79,80,81,82,83,84,85,85,86,87,88,89,90,91,92,93,94
90,5,6,7,8,9,10,11,12,13,14,14,15,16,17,18,19,20,21,22,23,23,24,25,26,27,28,29,30,31,32,32,33,34,35,36,37,38,39,40,41,41,42,43,44,45,46,47,48,49,50,50,51,52,53,54,55,56,57,58,59,59,60,61,62,63,64,65,66,67,68,68,69,70,71,72,73,74,75,76,77,77,78,79,80,81,82,83,84,85,86,86,87,88,89,90,91,92,93,94,95
91,5,6,7,8,9,10,11,12,13,14,15,15,16,17,18,19,20,21,22,23,24,25,25,26,27,28,29,30,31,32,33,34,35,35,36,37,38,39,40,41,42,43,44,45,45,46,47,48,49,50,51,52,53,54,55,55,56,57,58,59,60,61,62,63,64,65,65,66,67,68,69,70,71,72,73,74,75,75,76,77,78,79,80,81,82,83,84,85,85,86,87,88,89,90,91,92,93,94,95,96
92,5,6,7,8,9,10,11,12,13,14,15,16,16,17,18,19,20,21,22,23,24,25,26,27,28,28,29,30,31,32,33,34,35,36,37,38,39,39,40,41,42,43,44,45,46,47,48,49,50,51,51,52,53,54,55,56,57,58,59,60,61,62,62,63,64,65,66,67,68,69,70,71,72,73,74,74,75,76,77,78,79,80,81,82,83,84,85,85,86,87,88,89,90,91,92,93,94,95,96,97
93,5,6,7,8,9,10,11,12,13,14,15,16,17,18,18,19,20,21,22,23,24,25,26,27,28,29,30,31,31,32,33,34,35,36,37,38,39,40,41,42,43,44,44,45,46,47,48,49,50,51,52,53,54,55,56,57,58,58,59,60,61,62,63,64,65,66,67,68,69,70,71,71,72,73,74,75,76,77,78,79,80,81,82,83,84,84,85,86,87,88,89,90,91,92,93,94,95,96,97,98
94,5,6,7,8,9,10,11,12,13,14,15,16,17,18,19,20,20,21,22,23,24,25,26,27,28,29,30,31,32,33,34,35,36,36,37,38,39,40,41,42,43,44,45,46,47,48,49,50,51,52,52,53,54,55,56,57,58,59,60,61,62,63,64,65,66,67,67,68,69,70,71,72,73,74,75,76,77,78,79,80,81,82,83,83,84,85,86,87,88,89,90,91,92,93,94,95,96,97,98,99
95,5,6,7,8,9,10,11,12,13,14,15,16,17,18,19,20,21,22,23,24,24,25,26,27,28,29,30,31,32,33,34,35,36,37,38,39,40,41,42,43,43,44,45,46,47,48,49,50,51,52,53,54,55,56,57,58,59,60,61,62,62,63,64,65,66,67,68,69,70,71,72,73,74,75,76,77,78,79,80,81,81,82,83,84,85,86,87,88,89,90,91,92,93,94,95,96,97,98,99,100
96,5,6,7,8,9,10,11,12,13,14,15,16,17,18,19,20,21,22,23,24,25,26,27,28,29,29,30,31,32,33,34,35,36,37,38,39,40,41,42,43,44,45,46,47,48,49,50,51,52,53,53,54,55,56,57,58,59,60,61,62,63,64,65,66,67,68,69,70,71,72,73,74,75,76,77,77,78,79,80,81,82,83,84,85,86,87,88,89,90,91,92,93,94,95,96,97,98,99,100,101
97,5,6,7,8,9,10,11,12,13,14,15,16,17,18,19,20,21,22,23,24,25,26,27,28,29,30,31,32,33,34,35,36,37,37,38,39,40,41,42,43,44,45,46,47,48,49,50,51,52,53,54,55,56,57,58,59,60,61,62,63,64,65,66,67,68,69,69,70,71,72,73,74,75,76,77,78,79,80,81,82,83,84,85,86,87,88,89,90,91,92,93,94,95,96,97,98,99,100,101,102
98,5,6,7,8,9,10,11,12,13,14,15,16,17,18,19,20,21,22,23,24,25,26,27,28,29,30,31,32,33,34,35,36,37,38,39,40,41,42,43,44,45,46,47,48,49,50,51,52,53,54,54,55,56,57,58,59,60,61,62,63,64,65,66,67,68,69,70,71,72,73,74,75,76,77,78,79,80,81,82,83,84,85,86,87,88,89,90,91,92,93,94,95,96,97,98,99,100,101,102,103
99,5,6,7,8,9,10,11,12,13,14,15,16,17,18,19,20,21,22,23,24,25,26,27,28,29,30,31,32,33,34,35,36,37,38,39,40,41,42,43,44,45,46,47,48,49,50,51,52,53,54,55,56,57,58,59,60,61,62,63,64,65,66,67,68,69,70,71,72,73,74,75,76,77,78,79,80,81,82,83,84,85,86,87,88,89,90,91,92,93,94,95,96,97,98,99,100,101,102,103,104
100,6,7,8,9,10,11,12,13,14,15,16,17,18,19,20,21,22,23,24,25,26,27,28,29,30,31,32,33,34,35,36,37,38,39,40,41,42,43,44,45,46,47,48,49,50,51,52,53,54,55,56,57,58,59,60,61,62,63,64,65,66,67,68,69,70,71,72,73,74,75,76,77,78,79,80,81,82,83,84,85,86,87,88,89,90,91,92,93,94,95,96,97,98,99,100,101,102,103,104,105
101,6,7,8,9,10,11,12,13,14,15,16,17,18,19,20,21,22,23,24,25,26,27,28,29,30,31,32,33,34,35,36,37,38,39,40,41,42,43,44,45,46,47,48,49,50,51,52,53,54,55,56,57,58,59,60,61,62,63,64,65,66,67,68,69,70,71,72,73,74,75,76,77,78,79,80,81,82,83,84,85,86,87,88,89,90,91,92,93,94,95,96,97,98,99,100,101,102,103,104,106
102,6,7,8,9,10,11,12,13,14,15,16,17,18,19,20,21,22,23,24,25,26,27,28,29,30,31,32,33,34,35,36,37,38,39,40,41,42,43,44,45,46,47,48,49,50,51,52,53,54,56,57,58,59,60,61,62,63,64,65,66,67,68,69,70,71,72,73,74,75,76,77,78,79,80,81,82,83,84,85,86,87,88,89,90,91,92,93,94,95,96,97,98,99,100,101,102,103,104,105,107
103,6,7,8,9,10,11,12,13,14,15,16,17,18,19,20,21,22,23,24,25,26,27,28,29,30,31,32,33,34,35,36,37,38,40,41,42,43,44,45,46,47,48,49,50,51,52,53,54,55,56,57,58,59,60,61,62,63,64,65,66,67,68,69,70,71,72,74,75,76,77,78,79,80,81,82,83,84,85,86,87,88,89,90,91,92,93,94,95,96,97,98,99,100,101,102,103,104,105,106,108
104,6,7,8,9,10,11,12,13,14,15,16,17,18,19,20,21,22,23,24,25,26,27,28,29,31,32,33,34,35,36,37,38,39,40,41,42,43,44,45,46,47,48,49,50,51,52,53,54,55,57,58,59,60,61,62,63,64,65,66,67,68,69,70,71,72,73,74,75,76,77,78,79,80,81,83,84,85,86,87,88,89,90,91,92,93,94,95,96,97,98,99,100,101,102,103,104,105,106,107,109
105,6,7,8,9,10,11,12,13,14,15,16,17,18,19,20,21,22,23,24,26,27,28,29,30,31,32,33,34,35,36,37,38,39,40,41,42,43,44,45,47,48,49,50,51,52,53,54,55,56,57,58,59,60,61,62,63,64,65,66,68,69,70,71,72,73,74,75,76,77,78,79,80,81,82,83,84,85,86,87,89,90,91,92,93,94,95,96,97,98,99,100,101,102,103,104,105,106,107,108,110
106,6,7,8,9,10,11,12,13,14,15,16,17,18,19,20,21,23,24,25,26,27,28,29,30,31,32,33,34,35,36,37,38,39,41,42,43,44,45,46,47,48,49,50,51,52,53,54,55,56,58,59,60,61,62,63,64,65,66,67,68,69,70,71,72,73,74,76,77,78,79,80,81,82,83,84,85,86,87,88,89,90,91,92,94,95,96,97,98,99,100,101,102,103,104,105,106,107,108,109,111
107,6,7,8,9,10,11,12,13,14,15,16,17,18,19,21,22,23,24,25,26,27,28,29,30,31,32,33,34,36,37,38,39,40,41,42,43,44,45,46,47,48,49,51,52,53,54,55,56,57,58,59,60,61,62,63,64,65,67,68,69,70,71,72,73,74,75,76,77,78,79,80,82,83,84,85,86,87,88,89,90,91,92,93,94,95,97,98,99,100,101,102,103,104,105,106,107,108,109,110,112
108,6,7,8,9,10,11,12,13,14,15,16,17,19,20,21,22,23,24,25,26,27,28,29,30,32,33,34,35,36,37,38,39,40,41,42,43,44,46,47,48,49,50,51,52,53,54,55,56,57,59,60,61,62,63,64,65,66,67,68,69,70,71,73,74,75,76,77,78,79,80,81,82,83,84,86,87,88,89,90,91,92,93,94,95,96,97,98,100,101,102,103,104,105,106,107,108,109,110,111,113
109,6,7,8,9,10,11,12,13,14,15,16,18,19,20,21,22,23,24,25,26,27,28,30,31,32,33,34,35,36,37,38,39,40,42,43,44,45,46,47,48,49,50,51,52,54,55,56,57,58,59,60,61,62,63,64,66,67,68,69,70,71,72,73,74,75,76,78,79,80,81,82,83,84,85,86,87,88,90,91,92,93,94,95,96,97,98,99,100,102,103,104,105,106,107,108,109,110,111,112,114
110,6,7,8,9,10,11,12,13,14,16,17,18,19,20,21,22,23,24,25,27,28,29,30,31,32,33,34,35,36,38,39,40,41,42,43,44,45,46,47,49,50,51,52,53,54,55,56,57,58,60,61,62,63,64,65,66,67,68,69,71,72,73,74,75,76,77,78,79,80,82,83,84,85,86,87,88,89,90,91,93,94,95,96,97,98,99,100,101,102,104,105,106,107,108,109,110,111,112,113,115
111,6,7,8,9,10,11,12,13,14,16,17,18,19,20,21,22,23,24,26,27,28,29,30,31,32,33,34,36,37,38,39,40,41,42,43,44,46,47,48,49,50,51,52,53,54,56,57,58,59,60,61,62,63,64,66,67,68,69,70,71,72,73,74,76,77,78,79,80,81,82,83,84,86,87,88,89,90,91,92,93,94,96,97,98,99,100,101,102,103,104,106,107,108,109,110,111,112,113,114,116
112,6,7,8,9,10,11,12,13,15,16,17,18,19,20,21,22,24,25,26,27,28,29,30,31,33,34,35,36,37,38,39,40,41,43,44,45,46,47,48,49,50,52,53,54,55,56,57,58,59,61,62,63,64,65,66,67,68,69,71,72,73,74,75,76,77,78,80,81,82,83,84,85,86,87,89,90,91,92,93,94,95,96,97,99,100,101,102,103,104,105,106,108,109,110,111,112,113,114,115,117
113,6,7,8,9,10,11,12,14,15,16,17,18,19,20,21,23,24,25,26,27,28,29,30,32,33,34,35,36,37,38,40,41,42,43,44,45,46,47,49,50,51,52,53,54,55,56,58,59,60,61,62,63,64,66,67,68,69,70,71,72,73,75,76,77,78,79,80,81,82,84,85,86,87,88,89,90,92,93,94,95,96,97,98,99,101,102,103,104,105,106,107,108,110,111,112,113,114,115,116,118
114,6,7,8,9,10,11,12,14,15,16,17,18,19,20,22,23,24,25,26,27,28,30,31,32,33,34,35,36,38,39,40,41,42,43,44,46,47,48,49,50,51,52,54,55,56,57,58,59,60,62,63,64,65,66,67,68,69,71,72,73,74,75,76,77,79,80,81,82,83,84,85,87,88,89,90,91,92,93,95,96,97,98,99,100,101,103,104,105,106,107,108,109,111,112,113,114,115,116,117,119
115,6,7,8,9,10,11,13,14,15,16,17,18,19,21,22,23,24,25,26,28,29,30,31,32,33,34,36,37,38,39,40,41,42,44,45,46,47,48,49,51,52,53,54,55,56,57,59,60,61,62,63,64,65,67,68,69,70,71,72,74,75,76,77,78,79,80,82,83,84,85,86,87,88,90,91,92,93,94,95,97,98,99,100,101,102,103,105,106,107,108,109,110,111,113,114,115,116,117,118,120
116,6,7,8,9,10,11,13,14,15,16,17,18,20,21,22,23,24,25,27,28,29,30,31,32,34,35,36,37,38,39,40,42,43,44,45,46,47,49,50,51,52,53,54,56,57,58,59,60,61,63,64,65,66,67,68,69,71,72,73,74,75,76,78,79,80,81,82,83,85,86,87,88,89,90,92,93,94,95,96,97,98,100,101,102,103,104,105,107,108,109,110,111,112,114,115,116,117,118,119,121
117,6,7,8,9,10,12,13,14,15,16,17,19,20,21,22,23,24,26,27,28,29,30,31,33,34,35,36,37,38,40,41,42,43,44,45,47,48,49,50,51,52,54,55,56,57,58,59,61,62,63,64,65,67,68,69,70,71,72,74,75,76,77,78,79,81,82,83,84,85,86,88,89,90,91,92,93,95,96,97,98,99,100,102,103,104,105,106,107,109,110,111,112,113,114,116,117,118,119,120,122
118,6,7,8,9,10,12,13,14,15,16,17,19,20,21,22,23,25,26,27,28,29,30,32,33,34,35,36,38,39,40,41,42,43,45,46,47,48,49,51,52,53,54,55,56,58,59,60,61,62,64,65,66,67,68,69,71,72,73,74,75,76,78,79,80,81,82,84,85,86,87,88,89,91,92,93,94,95,97,98,99,100,101,102,104,105,106,107,108,110,111,112,113,114,115,117,118,119,120,121,123
119,6,7,8,9,10,12,13,14,15,16,18,19,20,21,22,24,25,26,27,28,29,31,32,33,34,35,37,38,39,40,41,43,44,45,46,47,49,50,51,52,53,54,56,57,58,59,60,62,63,64,65,66,68,69,70,71,72,74,75,76,77,78,79,81,82,83,84,85,87,88,89,90,91,93,94,95,96,97,99,100,101,102,103,104,106,107,108,109,110,112,113,114,115,116,118,119,120,121,122,124
120,6,7,8,9,11,12,13,14,15,17,18,19,20,21,23,24,25,26,27,29,30,31,32,33,35,36,37,38,39,41,42,43,44,45,47,48,49,50,51,53,54,55,56,57,59,60,61,62,63,65,66,67,68,69,71,72,73,74,75,77,78,79,80,81,83,84,85,86,87,89,90,91,92,93,95,96,97,98,99,101,102,103,104,105,107,108,109,110,111,113,114,115,116,117,119,120,121,122,123,125
121,6,7,8,9,11,12,13,14,15,17,18,19,20,21,23,24,25,26,27,29,30,31,32,34,35,36,37,38,40,41,42,43,44,46,47,48,49,50,52,53,54,55,57,58,59,60,61,63,64,65,66,67,69,70,71,72,73,75,76,77,78,80,81,82,83,84,86,87,88,89,90,92,93,94,95,96,98,99,100,101,103,104,105,106,107,109,110,111,112,113,115,116,117,118,119,121,122,123,124,126
122,6,7,8,9,11,12,13,14,15,17,18,19,20,22,23,24,25,26,28,29,30,31,33,34,35,36,37,39,40,41,42,44,45,46,47,48,50,51,52,53,55,56,57,58,59,61,62,63,64,66,67,68,69,70,72,73,74,75,76,78,79,80,81,83,84,85,86,87,89,90,91,92,94,95,96,97,98,100,101,102,103,105,106,107,108,109,111,112,113,114,116,117,118,119,120,122,123,124,125,127
123,6,7,8,9,11,12,13,14,16,17,18,19,20,22,23,24,25,27,28,29,30,32,33,34,35,36,38,39,40,41,43,44,45,46,48,49,50,51,52,54,55,56,57,59,60,61,62,64,65,66,67,68,70,71,72,73,75,76,77,78,80,81,82,83,84,86,87,88,89,91,92,93,94,96,97,98,99,100,102,103,104,105,107,108,109,110,112,113,114,115,116,118,119,120,121,123,124,125,126,128
124,6,7,8,9,11,12,13,14,16,17,18,19,21,22,23,24,26,27,28,29,31,32,33,34,36,37,38,39,40,42,43,44,45,47,48,49,50,52,53,54,55,57,58,59,60,62,63,64,65,67,68,69,70,71,73,74,75,76,78,79,80,81,83,84,85,86,88,89,90,91,93,94,95,96,98,99,100,101,102,104,105,106,107,109,110,111,112,114,115,116,117,119,120,121,122,124,125,126,127,129
125,6,7,8,10,11,12,13,15,16,17,18,20,21,22,23,25,26,27,28,30,31,32,33,35,36,37,38,40,41,42,43,45,46,47,48,50,51,52,53,55,56,57,58,60,61,62,63,65,66,67,68,70,71,72,73,75,76,77,78,80,81,82,83,85,86,87,88,90,91,92,93,95,96,97,98,100,101,102,103,105,106,107,108,110,111,112,113,115,116,117,118,120,121,122,123,125,126,127,128,130
126,6,7,8,10,11,12,13,15,16,17,18,20,21,22,23,25,26,27,28,30,31,32,33,35,36,37,39,40,41,42,44,45,46,47,49,50,51,52,54,55,56,57,59,60,61,62,64,65,66,68,69,70,71,73,74,75,76,78,79,80,81,83,84,85,86,88,89,90,91,93,94,95,96,98,99,100,102,103,104,105,107,108,109,110,112,113,114,115,117,118,119,120,122,123,124,125,127,128,129,131
127,6,7,8,10,11,12,13,15,16,17,18,20,21,22,24,25,26,27,29,30,31,32,34,35,36,38,39,40,41,43,44,45,46,48,49,50,51,53,54,55,57,58,59,60,62,63,64,65,67,68,69,71,72,73,74,76,77,78,79,81,82,83,85,86,87,88,90,91,92,93,95,96,97,98,100,101,102,104,105,106,107,109,110,111,112,114,115,116,118,119,120,121,123,124,125,126,128,129,130,132
128,6,7,8,10,11,12,13,15,16,17,19,20,21,22,24,25,26,28,29,30,31,33,34,35,37,38,39,40,42,43,44,45,47,48,49,51,52,53,54,56,57,58,60,61,62,63,65,66,67,69,70,71,72,74,75,76,77,79,80,81,83,84,85,86,88,89,90,92,93,94,95,97,98,99,101,102,103,104,106,107,108,109,111,112,113,115,116,117,118,120,121,122,124,125,126,127,129,130,131,133
129,6,7,8,10,11,12,14,15,16,17,19,20,21,23,24,25,26,28,29,30,32,33,34,35,37,38,39,41,42,43,44,46,47,48,50,51,52,54,55,56,57,59,60,61,63,64,65,66,68,69,70,72,73,74,75,77,78,79,81,82,83,84,86,87,88,90,91,92,94,95,96,97,99,100,101,103,104,105,106,108,109,110,112,113,114,115,117,118,119,121,122,123,124,126,127,128,130,131,132,134
130,6,7,8,10,11,12,14,15,16,18,19,20,21,23,24,25,27,28,29,31,32,33,34,36,37,38,40,41,42,44,45,46,47,49,50,51,53,54,55,57,58,59,60,62,63,64,66,67,68,70,71,72,73,75,76,77,79,80,81,83,84,85,86,88,89,90,92,93,94,96,97,98,99,101,102,103,105,106,107,109,110,111,112,114,115,116,118,119,120,122,123,124,125,127,128,129,131,132,133,135
131,6,7,8,10,11,12,14,15,16,18,19,20,22,23,24,25,27,28,29,31,32,33,35,36,37,39,40,41,42,44,45,46,48,49,50,52,53,54,56,57,58,60,61,62,63,65,66,67,69,70,71,73,74,75,77,78,79,80,82,83,84,86,87,88,90,91,92,94,95,96,98,99,100,101,103,104,105,107,108,109,111,112,113,115,116,117,118,120,121,122,124,125,126,128,129,130,132,133,134,136
132,6,7,8,10,11,12,14,15,16,18,19,20,22,23,24,26,27,28,30,31,32,34,35,36,38,39,40,41,43,44,45,47,48,49,51,52,53,55,56,57,59,60,61,63,64,65,67,68,69,71,72,73,74,76,77,78,80,81,82,84,85,86,88,89,90,92,93,94,96,97,98,100,101,102,104,105,106,107,109,110,111,113,114,115,117,118,119,121,122,123,125,126,127,129,130,131,133,134,135,137
133,6,7,8,10,11,12,14,15,16,18,19,20,22,23,24,26,27,28,30,31,32,34,35,36,38,39,40,42,43,44,46,47,48,50,51,52,54,55,56,58,59,60,62,63,64,66,67,68,70,71,72,74,75,76,78,79,80,82,83,84,86,87,88,90,91,92,94,95,96,98,99,100,102,103,104,106,107,108,110,111,112,114,115,116,118,119,120,122,123,124,126,127,128,130,131,132,134,135,136,138
134,6,7,9,10,11,13,14,15,17,18,19,21,22,23,25,26,27,29,30,31,33,34,35,37,38,39,41,42,43,45,46,47,49,50,51,53,54,55,57,58,59,61,62,63,65,66,67,69,70,72,73,74,76,77,78,80,81,82,84,85,86,88,89,90,92,93,94,96,97,98,100,101,102,104,105,106,108,109,110,112,113,114,116,117,118,120,121,122,124,125,126,128,129,130,132,133,134,136,137,139
135,6,7,9,10,11,13,14,15,17,18,19,21,22,23,25,26,27,29,30,32,33,34,36,37,38,40,41,42,44,45,46,48,49,50,52,53,54,56,57,59,60,61,63,64,65,67,68,69,71,72,73,75,76,77,79,80,81,83,84,86,87,88,90,91,92,94,95,96,98,99,100,102,103,104,106,107,108,110,111,113,114,115,117,118,119,121,122,123,125,126,127,129,130,131,133,134,135,137,138,140
136,6,7,9,10,11,13,14,15,17,18,19,21,22,24,25,26,28,29,30,32,33,34,36,37,39,40,41,43,44,45,47,48,49,51,52,53,55,56,58,59,60,62,63,64,66,67,68,70,71,73,74,75,77,78,79,81,82,83,85,86,87,89,90,92,93,94,96,97,98,100,101,102,104,105,107,108,109,111,112,113,115,116,117,119,120,121,123,124,126,127,128,130,131,132,134,135,136,138,139,141
137,6,7,9,10,11,13,14,15,17,18,20,21,22,24,25,26,28,29,31,32,33,35,36,37,39,40,41,43,44,46,47,48,50,51,52,54,55,57,58,59,61,62,63,65,66,68,69,70,72,73,74,76,77,78,80,81,83,84,85,87,88,89,91,92,94,95,96,98,99,100,102,103,105,106,107,109,110,111,113,114,115,117,118,120,121,122,124,125,126,128,129,131,132,133,135,136,137,139,140,142
138,6,7,9,10,11,13,14,16,17,18,20,21,22,24,25,27,28,29,31,32,33,35,36,38,39,40,42,43,45,46,47,49,50,51,53,54,56,57,58,60,61,62,64,65,67,68,69,71,72,74,75,76,78,79,80,82,83,85,86,87,89,90,91,93,94,96,97,98,100,101,102,104,105,107,108,109,111,112,114,115,116,118,119,120,122,123,125,126,127,129,130,131,133,134,136,137,138,140,141,143
139,6,7,9,10,11,13,14,16,17,18,20,21,23,24,25,27,28,30,31,32,34,35,36,38,39,41,42,43,45,46,48,49,50,52,53,55,56,57,59,60,61,63,64,66,67,68,70,71,73,74,75,77,78,80,81,82,84,85,87,88,89,91,92,93,95,96,98,99,100,102,103,105,106,107,109,110,112,113,114,116,117,118,120,121,123,124,125,127,128,130,131,132,134,135,137,138,139,141,142,144
140,6,7,9,10,12,13,14,16,17,19,20,21,23,24,26,27,28,30,31,33,34,35,37,38,40,41,42,44,45,47,48,49,51,52,54,55,56,58,59,61,62,63,65,66,68,69,70,72,73,75,76,77,79,80,82,83,84,86,87,89,90,91,93,94,96,97,98,100,101,103,104,105,107,108,110,111,112,114,115,117,118,119,121,122,124,125,126,128,129,131,132,133,135,136,138,139,140,142,143,145
141,6,7,9,10,12,13,14,16,17,19,20,21,23,24,26,27,28,30,31,33,34,36,37,38,40,41,43,44,45,47,48,50,51,52,54,55,57,58,59,61,62,64,65,67,68,69,71,72,74,75,76,78,79,81,82,83,85,86,88,89,91,92,93,95,96,98,99,100,102,103,105,106,107,109,110,112,113,114,116,117,119,120,122,123,124,126,127,129,130,131,133,134,136,137,138,140,141,143,144,146
142,6,7,9,10,12,13,14,16,17,19,20,22,23,24,26,27,29,30,31,33,34,36,37,39,40,41,43,44,46,47,49,50,51,53,54,56,57,58,60,61,63,64,66,67,68,70,71,73,74,76,77,78,80,81,83,84,85,87,88,90,91,93,94,95,97,98,100,101,102,104,105,107,108,110,111,112,114,115,117,118,120,121,122,124,125,127,128,129,131,132,134,135,137,138,139,141,142,144,145,147
143,6,7,9,10,12,13,15,16,17,19,20,22,23,25,26,27,29,30,32,33,35,36,37,39,40,42,43,45,46,47,49,50,52,53,55,56,57,59,60,62,63,65,66,67,69,70,72,73,75,76,77,79,80,82,83,85,86,87,89,90,92,93,95,96,97,99,100,102,103,105,106,107,109,110,112,113,115,116,117,119,120,122,123,125,126,127,129,130,132,133,135,136,137,139,140,142,143,145,146,148
144,6,7,9,10,12,13,15,16,17,19,20,22,23,25,26,28,29,30,32,33,35,36,38,39,41,42,43,45,46,48,49,51,52,53,55,56,58,59,61,62,64,65,66,68,69,71,72,74,75,77,78,79,81,82,84,85,87,88,89,91,92,94,95,97,98,100,101,102,104,105,107,108,110,111,113,114,115,117,118,120,121,123,124,125,127,128,130,131,133,134,136,137,138,140,141,143,144,146,147,149
145,6,7,9,10,12,13,15,16,18,19,20,22,23,25,26,28,29,31,32,34,35,36,38,39,41,42,44,45,47,48,49,51,52,54,55,57,58,60,61,63,64,65,67,68,70,71,73,74,76,77,78,80,81,83,84,86,87,89,90,92,93,94,96,97,99,100,102,103,105,106,107,109,110,112,113,115,116,118,119,121,122,123,125,126,128,129,131,132,134,135,136,138,139,141,142,144,145,147,148,150
146,6,7,9,10,12,13,15,16,18,19,21,22,23,25,26,28,29,31,32,34,35,37,38,40,41,42,44,45,47,48,50,51,53,54,56,57,59,60,61,63,64,66,67,69,70,72,73,75,76,78,79,80,82,83,85,86,88,89,91,92,94,95,96,98,99,101,102,104,105,107,108,110,111,113,114,115,117,118,120,121,123,124,126,127,129,130,132,133,134,136,137,139,140,142,143,145,146,148,149,151
147,6,7,9,10,12,13,15,16,18,19,21,22,24,25,27,28,29,31,32,34,35,37,38,40,41,43,44,46,47,49,50,52,53,54,56,57,59,60,62,63,65,66,68,69,71,72,74,75,77,78,79,81,82,84,85,87,88,90,91,93,94,96,97,99,100,102,103,104,106,107,109,110,112,113,115,116,118,119,121,122,124,125,127,128,129,131,132,134,135,137,138,140,141,143,144,146,147,149,150,152
148,6,7,9,10,12,13,15,16,18,19,21,22,24,25,27,28,30,31,33,34,36,37,39,40,42,43,44,46,47,49,50,52,53,55,56,58,59,61,62,64,65,67,68,70,71,73,74,76,77,79,80,81,83,84,86,87,89,90,92,93,95,96,98,99,101,102,104,105,107,108,110,111,113,114,116,117,118,120,121,123,124,126,127,129,130,132,133,135,136,138,139,141,142,144,145,147,148,150,151,153
149,6,7,9,10,12,13,15,16,18,19,21,22,24,25,27,28,30,31,33,34,36,37,39,40,42,43,45,46,48,49,51,52,54,55,57,58,60,61,63,64,66,67,69,70,72,73,75,76,78,79,80,82,83,85,86,88,89,91,92,94,95,97,98,100,101,103,104,106,107,109,110,112,113,115,116,118,119,121,122,124,125,127,128,130,131,133,134,136,137,139,140,142,143,145,146,148,149,151,152,154
150,6,8,9,11,12,14,15,17,18,20,21,23,24,26,27,29,30,32,33,35,36,38,39,41,42,44,45,47,48,50,51,53,54,56,57,59,60,62,63,65,66,68,69,71,72,74,75,77,78,80,81,83,84,86,87,89,90,92,93,95,96,98,99,101,102,104,105,107,108,110,111,113,114,116,117,119,120,122,123,125,126,128,129,131,132,134,135,137,138,140,141,143,144,146,147,149,150,152,153,155
151,6,8,9,11,12,14,15,17,18,20,21,23,24,26,27,29,30,32,33,35,36,38,39,41,42,44,45,47,48,50,51,53,54,56,57,59,60,62,63,65,66,68,69,71,72,74,75,77,78,80,82,83,85,86,88,89,91,92,94,95,97,98,100,101,103,104,106,107,109,110,112,113,115,116,118,119,121,122,124,125,127,128,130,131,133,134,136,137,139,140,142,143,145,146,148,149,151,152,154,156
152,6,8,9,11,12,14,15,17,18,20,21,23,24,26,27,29,30,32,33,35,36,38,39,41,43,44,46,47,49,50,52,53,55,56,58,59,61,62,64,65,67,68,70,71,73,74,76,77,79,81,82,84,85,87,88,90,91,93,94,96,97,99,100,102,103,105,106,108,109,111,112,114,115,117,119,120,122,123,125,126,128,129,131,132,134,135,137,138,140,141,143,144,146,147,149,150,152,153,155,157
153,6,8,9,11,12,14,15,17,18,20,21,23,24,26,27,29,31,32,34,35,37,38,40,41,43,44,46,47,49,50,52,53,55,57,58,60,61,63,64,66,67,69,70,72,73,75,76,78,79,81,83,84,86,87,89,90,92,93,95,96,98,99,101,102,104,105,107,109,110,112,113,115,116,118,119,121,122,124,125,127,128,130,131,133,135,136,138,139,141,142,144,145,147,148,150,151,153,154,156,158
154,6,8,9,11,12,14,15,17,18,20,21,23,25,26,28,29,31,32,34,35,37,38,40,41,43,45,46,48,49,51,52,54,55,57,58,60,61,63,65,66,68,69,71,72,74,75,77,78,80,82,83,85,86,88,89,91,92,94,95,97,98,100,102,103,105,106,108,109,111,112,114,115,117,118,120,122,123,125,126,128,129,131,132,134,135,137,138,140,142,143,145,146,148,149,151,152,154,155,157,159
155,6,8,9,11,12,14,15,17,18,20,22,23,25,26,28,29,31,32,34,36,37,39,40,42,43,45,46,48,49,51,53,54,56,57,59,60,62,63,65,67,68,70,71,73,74,76,77,79,80,82,84,85,87,88,90,91,93,94,96,98,99,101,102,104,105,107,108,110,111,113,115,116,118,119,121,122,124,125,127,129,130,132,133,135,136,138,139,141,142,144,146,147,149,150,152,153,155,156,158,160
156,6,8,9,11,12,14,15,17,19,20,22,23,25,26,28,29,31,33,34,36,37,39,40,42,44,45,47,48,50,51,53,54,56,58,59,61,62,64,65,67,68,70,72,73,75,76,78,79,81,83,84,86,87,89,90,92,93,95,97,98,100,101,103,104,106,107,109,111,112,114,115,117,118,120,122,123,125,126,128,129,131,132,134,136,137,139,140,142,143,145,146,148,150,151,153,154,156,157,159,161
157,6,8,9,11,12,14,15,17,19,20,22,23,25,26,28,30,31,33,34,36,37,39,41,42,44,45,47,48,50,52,53,55,56,58,59,61,63,64,66,67,69,70,72,74,75,77,78,80,81,83,85,86,88,89,91,92,94,96,97,99,100,102,103,105,107,108,110,111,113,114,116,118,119,121,122,124,125,127,129,130,132,133,135,136,138,140,141,143,144,146,147,149,151,152,154,155,157,158,160,162
158,6,8,9,11,12,14,16,17,19,20,22,23,25,27,28,30,31,33,35,36,38,39,41,42,44,46,47,49,50,52,53,55,57,58,60,61,63,65,66,68,69,71,72,74,76,77,79,80,82,84,85,87,88,90,91,93,95,96,98,99,101,102,104,106,107,109,110,112,114,115,117,118,120,121,123,125,126,128,129,131,132,134,136,137,139,140,142,144,145,147,148,150,151,153,155,156,158,159,161,163
159,6,8,9,11,12,14,16,17,19,20,22,24,25,27,28,30,32,33,35,36,38,39,41,43,44,46,47,49,51,52,54,55,57,59,60,62,63,65,67,68,70,71,73,74,76,78,79,81,82,84,86,87,89,90,92,94,95,97,98,100,101,103,105,106,108,109,111,113,114,116,117,119,121,122,124,125,127,129,130,132,133,135,136,138,140,141,143,144,146,148,149,151,152,154,156,157,159,160,162,164
160,6,8,9,11,13,14,16,17,19,21,22,24,25,27,29,30,32,33,35,37,38,40,41,43,45,46,48,49,51,53,54,56,57,59,61,62,64,65,67,69,70,72,73,75,77,78,80,81,83,85,86,88,89,91,93,94,96,97,99,101,102,104,105,107,109,110,112,113,115,117,118,120,121,123,125,126,128,129,131,133,134,136,137,139,141,142,144,145,147,149,150,152,153,155,157,158,160,161,163,165
161,6,8,9,11,13,14,16,17,19,21,22,24,25,27,29,30,32,33,35,37,38,40,42,43,45,46,48,50,51,53,54,56,58,59,61,62,64,66,67,69,71,72,74,75,77,79,80,82,83,85,87,88,90,91,93,95,96,98,99,101,103,104,106,108,109,111,112,114,116,117,119,120,122,124,125,127,128,130,132,133,135,137,138,140,141,143,145,146,148,149,151,153,154,156,157,159,161,162,164,166
162,6,8,9,11,13,14,16,17,19,21,22,24,26,27,29,30,32,34,35,37,39,40,42,43,45,47,48,50,51,53,55,56,58,60,61,63,64,66,68,69,71,73,74,76,77,79,81,82,84,86,87,89,90,92,94,95,97,98,100,102,103,105,107,108,110,111,113,115,116,118,120,121,123,124,126,128,129,131,132,134,136,137,139,141,142,144,145,147,149,150,152,154,155,157,158,160,162,163,165,167
163,6,8,9,11,13,14,16,18,19,21,22,24,26,27,29,31,32,34,35,37,39,40,42,44,45,47,49,50,52,53,55,57,58,60,62,63,65,66,68,70,71,73,75,76,78,79,81,83,84,86,88,89,91,93,94,96,97,99,101,102,104,106,107,109,110,112,114,115,117,119,120,122,123,125,127,128,130,132,133,135,137,138,140,141,143,145,146,148,150,151,153,154,156,158,159,161,163,164,166,168
164,6,8,9,11,13,14,16,18,19,21,23,24,26,27,29,31,32,34,36,37,39,41,42,44,46,47,49,50,52,54,55,57,59,60,62,64,65,67,68,70,72,73,75,77,78,80,82,83,85,87,88,90,91,93,95,96,98,100,101,103,105,106,108,109,111,113,114,116,118,119,121,123,124,126,128,129,131,132,134,136,137,139,141,142,144,146,147,149,150,152,154,155,157,159,160,162,164,165,167,169
165,6,8,9,11,13,14,16,18,19,21,23,24,26,28,29,31,33,34,36,38,39,41,42,44,46,47,49,51,52,54,56,57,59,61,62,64,66,67,69,71,72,74,75,77,79,80,82,84,85,87,89,90,92,94,95,97,99,100,102,104,105,107,108,110,112,113,115,117,118,120,122,123,125,127,128,130,132,133,135,137,138,140,141,143,145,146,148,150,151,153,155,156,158,160,161,163,165,166,168,170
166,6,8,9,11,13,14,16,18,19,21,23,24,26,28,29,31,33,34,36,38,39,41,43,44,46,48,49,51,53,54,56,58,59,61,63,64,66,68,69,71,73,74,76,78,79,81,83,84,86,88,89,91,92,94,96,97,99,101,102,104,106,107,109,111,112,114,116,117,119,121,122,124,126,127,129,131,132,134,136,137,139,141,142,144,146,147,149,151,152,154,156,157,159,161,162,164,166,167,169,171
167,6,8,10,11,13,15,16,18,20,21,23,25,26,28,30,31,33,35,36,38,40,41,43,45,46,48,50,51,53,55,56,58,60,61,63,65,66,68,70,71,73,75,76,78,80,81,83,85,86,88,90,91,93,95,96,98,100,101,103,105,106,108,110,111,113,115,116,118,120,121,123,125,126,128,130,131,133,135,136,138,140,141,143,145,146,148,150,151,153,155,156,158,160,161,163,165,166,168,170,172
168,6,8,10,11,13,15,16,18,20,21,23,25,26,28,30,31,33,35,36,38,40,41,43,45,47,48,50,52,53,55,57,58,60,62,63,65,67,68,70,72,73,75,77,78,80,82,83,85,87,89,90,92,94,95,97,99,100,102,104,105,107,109,110,112,114,115,117,119,120,122,124,125,127,129,131,132,134,136,137,139,141,142,144,146,147,149,151,152,154,156,157,159,161,162,164,166,167,169,171,173
169,6,8,10,11,13,15,16,18,20,21,23,25,26,28,30,32,33,35,37,38,40,42,43,45,47,48,50,52,54,55,57,59,60,62,64,65,67,69,70,72,74,75,77,79,81,82,84,86,87,89,91,92,94,96,97,99,101,103,104,106,108,109,111,113,114,116,118,119,121,123,124,126,128,130,131,133,135,136,138,140,141,143,145,146,148,150,152,153,155,157,158,160,162,163,165,167,168,170,172,174
170,6,8,10,11,13,15,16,18,20,22,23,25,27,28,30,32,33,35,37,39,40,42,44,45,47,49,50,52,54,56,57,59,61,62,64,66,67,69,71,73,74,76,78,79,81,83,84,86,88,90,91,93,95,96,98,100,101,103,105,107,108,110,112,113,115,117,118,120,122,124,125,127,129,130,132,134,135,137,139,141,142,144,146,147,149,151,152,154,156,158,159,161,163,164,166,168,169,171,173,175
171,6,8,10,11,13,15,16,18,20,22,23,25,27,28,30,32,34,35,37,39,40,42,44,46,47,49,51,52,54,56,58,59,61,63,64,66,68,69,71,73,75,76,78,80,81,83,85,87,88,90,92,93,95,97,99,100,102,104,105,107,109,111,112,114,116,117,119,121,122,124,126,128,129,131,133,134,136,138,140,141,143,145,146,148,150,152,153,155,157,158,160,162,164,165,167,169,170,172,174,176
172,6,8,10,11,13,15,17,18,20,22,23,25,27,29,30,32,34,35,37,39,41,42,44,46,48,49,51,53,54,56,58,60,61,63,65,66,68,70,72,73,75,77,78,80,82,84,85,87,89,91,92,94,96,97,99,101,103,104,106,108,109,111,113,115,116,118,120,121,123,125,127,128,130,132,134,135,137,139,140,142,144,146,147,149,151,152,154,156,158,159,161,163,164,166,168,170,171,173,175,177
173,6,8,10,11,13,15,17,18,20,22,24,25,27,29,30,32,34,36,37,39,41,43,44,46,48,49,51,53,55,56,58,60,62,63,65,67,69,70,72,74,75,77,79,81,82,84,86,88,89,91,93,94,96,98,100,101,103,105,107,108,110,112,113,115,117,119,120,122,124,126,127,129,131,133,134,136,138,139,141,143,145,146,148,150,152,153,155,157,158,160,162,164,165,167,169,171,172,174,176,178
174,6,8,10,11,13,15,17,18,20,22,24,25,27,29,31,32,34,36,38,39,41,43,45,46,48,50,51,53,55,57,58,60,62,64,65,67,69,71,72,74,76,78,79,81,83,85,86,88,90,92,93,95,97,98,100,102,104,105,107,109,111,112,114,116,118,119,121,123,125,126,128,130,132,133,135,137,138,140,142,144,145,147,149,151,152,154,156,158,159,161,163,165,166,168,170,172,173,175,177,179
175,6,8,10,12,13,15,17,19,20,22,24,26,27,29,31,33,34,36,38,40,41,43,45,47,48,50,52,54,55,57,59,61,62,64,66,68,69,71,73,75,76,78,80,82,83,85,87,89,90,92,94,96,97,99,101,103,104,106,108,110,111,113,115,117,118,120,122,124,125,127,129,131,132,134,136,138,139,141,143,145,146,148,150,152,153,155,157,159,160,162,164,166,167,169,171,173,174,176,178,180
176,6,8,10,12,13,15,17,19,20,22,24,26,27,29,31,33,34,36,38,40,41,43,45,47,49,50,52,54,56,57,59,61,63,64,66,68,70,71,73,75,77,78,80,82,84,85,87,89,91,93,94,96,98,100,101,103,105,107,108,110,112,114,115,117,119,121,122,124,126,128,129,131,133,135,137,138,140,142,144,145,147,149,151,152,154,156,158,159,161,163,165,166,168,170,172,173,175,177,179,181
177,6,8,10,12,13,15,17,19,20,22,24,26,28,29,31,33,35,36,38,40,42,43,45,47,49,51,52,54,56,58,59,61,63,65,66,68,70,72,74,75,77,79,81,82,84,86,88,89,91,93,95,97,98,100,102,104,105,107,109,111,112,114,116,118,120,121,123,125,127,128,130,132,134,135,137,139,141,143,144,146,148,150,151,153,155,157,158,160,162,164,166,167,169,171,173,174,176,178,180,182
178,6,8,10,12,13,15,17,19,21,22,24,26,28,29,31,33,35,37,38,40,42,44,45,47,49,51,53,54,56,58,60,61,63,65,67,69,70,72,74,76,77,79,81,83,85,86,88,90,92,94,95,97,99,101,102,104,106,108,110,111,113,115,117,118,120,122,124,126,127,129,131,133,134,136,138,140,142,143,145,147,149,150,152,154,156,158,159,161,163,165,166,168,170,172,174,175,177,179,181,183
179,6,8,10,12,13,15,17,19,21,22,24,26,28,30,31,33,35,37,39,40,42,44,46,47,49,51,53,55,56,58,60,62,64,65,67,69,71,73,74,76,78,80,81,83,85,87,89,90,92,94,96,98,99,101,103,105,107,108,110,112,114,115,117,119,121,123,124,126,128,130,132,133,135,137,139,141,142,144,146,148,149,151,153,155,157,158,160,162,164,166,167,169,171,173,175,176,178,180,182,184
180,6,8,10,12,14,15,17,19,21,23,24,26,28,30,32,33,35,37,39,41,42,44,46,48,50,51,53,55,57,59,60,62,64,66,68,69,71,73,75,77,78,80,82,84,86,87,89,91,93,95,96,98,100,102,104,105,107,109,111,113,114,116,118,120,122,123,125,127,129,131,132,134,136,138,140,141,143,145,147,149,150,152,154,156,158,159,161,163,165,167,168,170,172,174,176,177,179,181,183,185
181,6,8,10,12,14,15,17,19,21,23,24,26,28,30,32,33,35,37,39,41,43,44,46,48,50,52,53,55,57,59,61,62,64,66,68,70,71,73,75,77,79,81,82,84,86,88,90,91,93,95,97,99,100,102,104,106,108,109,111,113,115,117,119,120,122,124,126,128,129,131,133,135,137,138,140,142,144,146,147,149,151,153,155,157,158,160,162,164,166,167,169,171,173,175,176,178,180,182,184,186
182,6,8,10,12,14,15,17,19,21,23,25,26,28,30,32,34,35,37,39,41,43,45,46,48,50,52,54,55,57,59,61,63,65,66,68,70,72,74,75,77,79,81,83,85,86,88,90,92,94,96,97,99,101,103,105,106,108,110,112,114,116,117,119,121,123,125,126,128,130,132,134,136,137,139,141,143,145,146,148,150,152,154,156,157,159,161,163,165,166,168,170,172,174,176,177,179,181,183,185,187
183,6,8,10,12,14,15,17,19,21,23,25,26,28,30,32,34,36,37,39,41,43,45,47,48,50,52,54,56,58,59,61,63,65,67,69,70,72,74,76,78,80,81,83,85,87,89,91,92,94,96,98,100,101,103,105,107,109,111,112,114,116,118,120,122,123,125,127,129,131,133,134,136,138,140,142,144,145,147,149,151,153,155,156,158,160,162,164,166,167,169,171,173,175,177,178,180,182,184,186,188
184,6,8,10,12,14,16,17,19,21,23,25,27,28,30,32,34,36,38,39,41,43,45,47,49,51,52,54,56,58,60,62,63,65,67,69,71,73,74,76,78,80,82,84,85,87,89,91,93,95,97,98,100,102,104,106,108,109,111,113,115,117,119,120,122,124,126,128,130,131,133,135,137,139,141,143,144,146,148,150,152,154,155,157,159,161,163,165,166,168,170,172,174,176,177,179,181,183,185,187,189
185,6,8,10,12,14,16,17,19,21,23,25,27,29,30,32,34,36,38,40,42,43,45,47,49,51,53,54,56,58,60,62,64,66,67,69,71,73,75,77,79,80,82,84,86,88,90,91,93,95,97,99,101,103,104,106,108,110,112,114,116,117,119,121,123,125,127,128,130,132,134,136,138,140,141,143,145,147,149,151,153,154,156,158,160,162,164,165,167,169,171,173,175,177,178,180,182,184,186,188,190
186,6,8,10,12,14,16,18,19,21,23,25,27,29,31,32,34,36,38,40,42,44,45,47,49,51,53,55,57,58,60,62,64,66,68,70,71,73,75,77,79,81,83,84,86,88,90,92,94,96,98,99,101,103,105,107,109,111,112,114,116,118,120,122,124,125,127,129,131,133,135,137,138,140,142,144,146,148,150,151,153,155,157,159,161,163,164,166,168,170,172,174,176,177,179,181,183,185,187,189,191
187,6,8,10,12,14,16,18,19,21,23,25,27,29,31,33,34,36,38,40,42,44,46,48,49,51,53,55,57,59,61,62,64,66,68,70,72,74,76,77,79,81,83,85,87,89,91,92,94,96,98,100,102,104,105,107,109,111,113,115,117,119,120,122,124,126,128,130,132,134,135,137,139,141,143,145,147,148,150,152,154,156,158,160,162,163,165,167,169,171,173,175,177,178,180,182,184,186,188,190,192
188,6,8,10,12,14,16,18,20,21,23,25,27,29,31,33,35,36,38,40,42,44,46,48,50,52,53,55,57,59,61,63,65,67,68,70,72,74,76,78,80,82,83,85,87,89,91,93,95,97,99,100,102,104,106,108,110,112,114,115,117,119,121,123,125,127,129,130,132,134,136,138,140,142,144,146,147,149,151,153,155,157,159,161,162,164,166,168,170,172,174,176,177,179,181,183,185,187,189,191,193
189,6,8,10,12,14,16,18,20,22,23,25,27,29,31,33,35,37,39,40,42,44,46,48,50,52,54,56,57,59,61,63,65,67,69,71,73,74,76,78,80,82,84,86,88,90,91,93,95,97,99,101,103,105,107,108,110,112,114,116,118,120,122,124,125,127,129,131,133,135,137,139,141,142,144,146,148,150,152,154,156,158,159,161,163,165,167,169,171,173,175,176,178,180,182,184,186,188,190,192,194
190,6,8,10,12,14,16,18,20,22,24,25,27,29,31,33,35,37,39,41,43,44,46,48,50,52,54,56,58,60,62,63,65,67,69,71,73,75,77,79,81,82,84,86,88,90,92,94,96,98,100,101,103,105,107,109,111,113,115,117,119,120,122,124,126,128,130,132,134,136,138,139,141,143,145,147,149,151,153,155,157,158,160,162,164,166,168,170,172,174,176,177,179,181,183,185,187,189,191,193,195
191,6,8,10,12,14,16,18,20,22,24,26,27,29,31,33,35,37,39,41,43,45,47,48,50,52,54,56,58,60,62,64,66,68,69,71,73,75,77,79,81,83,85,87,89,90,92,94,96,98,100,102,104,106,108,110,111,113,115,117,119,121,123,125,127,129,131,132,134,136,138,140,142,144,146,148,150,152,153,155,157,159,161,163,165,167,169,171,173,174,176,178,180,182,184,186,188,190,192,194,196
192,6,8,10,12,14,16,18,20,22,24,26,28,29,31,33,35,37,39,41,43,45,47,49,51,53,54,56,58,60,62,64,66,68,70,72,74,76,77,79,81,83,85,87,89,91,93,95,97,99,101,102,104,106,108,110,112,114,116,118,120,122,124,125,127,129,131,133,135,137,139,141,143,145,147,149,150,152,154,156,158,160,162,164,166,168,170,172,173,175,177,179,181,183,185,187,189,191,193,195,197
193,6,8,10,12,14,16,18,20,22,24,26,28,30,32,33,35,37,39,41,43,45,47,49,51,53,55,57,59,60,62,64,66,68,70,72,74,76,78,80,82,84,86,87,89,91,93,95,97,99,101,103,105,107,109,111,113,115,116,118,120,122,124,126,128,130,132,134,136,138,140,142,143,145,147,149,151,153,155,157,159,161,163,165,167,169,170,172,174,176,178,180,182,184,186,188,190,192,194,196,198
194,6,8,10,12,14,16,18,20,22,24,26,28,30,32,34,36,37,39,41,43,45,47,49,51,53,55,57,59,61,63,65,67,69,70,72,74,76,78,80,82,84,86,88,90,92,94,96,98,100,102,103,105,107,109,111,113,115,117,119,121,123,125,127,129,131,133,134,136,138,140,142,144,146,148,150,152,154,156,158,160,162,164,166,167,169,171,173,175,177,179,181,183,185,187,189,191,193,195,197,199
195,6,8,10,12,14,16,18,20,22,24,26,28,30,32,34,36,38,40,42,44,45,47,49,51,53,55,57,59,61,63,65,67,69,71,73,75,77,79,81,83,84,86,88,90,92,94,96,98,100,102,104,106,108,110,112,114,116,118,120,122,123,125,127,129,131,133,135,137,139,141,143,145,147,149,151,153,155,157,159,161,162,164,166,168,170,172,174,176,178,180,182,184,186,188,190,192,194,196,198,200
196,6,8,10,12,14,16,18,20,22,24,26,28,30,32,34,36,38,40,42,44,46,48,50,52,54,55,57,59,61,63,65,67,69,71,73,75,77,79,81,83,85,87,89,91,93,95,97,99,101,103,104,106,108,110,112,114,116,118,120,122,124,126,128,130,132,134,136,138,140,142,144,146,148,150,152,153,155,157,159,161,163,165,167,169,171,173,175,177,179,181,183,185,187,189,191,193,195,197,199,201
197,6,8,10,12,14,16,18,20,22,24,26,28,30,32,34,36,38,40,42,44,46,48,50,52,54,56,58,60,62,64,66,68,70,71,73,75,77,79,81,83,85,87,89,91,93,95,97,99,101,103,105,107,109,111,113,115,117,119,121,123,125,127,129,131,133,135,136,138,140,142,144,146,148,150,152,154,156,158,160,162,164,166,168,170,172,174,176,178,180,182,184,186,188,190,192,194,196,198,200,202
198,6,8,10,12,14,16,18,20,22,24,26,28,30,32,34,36,38,40,42,44,46,48,50,52,54,56,58,60,62,64,66,68,70,72,74,76,78,80,82,84,86,88,90,92,94,96,98,100,102,104,105,107,109,111,113,115,117,119,121,123,125,127,129,131,133,135,137,139,141,143,145,147,149,151,153,155,157,159,161,163,165,167,169,171,173,175,177,179,181,183,185,187,189,191,193,195,197,199,201,203
199,6,8,10,12,14,16,18,20,22,24,26,28,30,32,34,36,38,40,42,44,46,48,50,52,54,56,58,60,62,64,66,68,70,72,74,76,78,80,82,84,86,88,90,92,94,96,98,100,102,104,106,108,110,112,114,116,118,120,122,124,126,128,130,132,134,136,138,140,142,144,146,148,150,152,154,156,158,160,162,164,166,168,170,172,174,176,178,180,182,184,186,188,190,192,194,196,198,200,202,204
200,7,9,11,13,15,17,19,21,23,25,27,29,31,33,35,37,39,41,43,45,47,49,51,53,55,57,59,61,63,65,67,69,71,73,75,77,79,81,83,85,87,89,91,93,95,97,99,101,103,105,107,109,111,113,115,117,119,121,123,125,127,129,131,133,135,137,139,141,143,145,147,149,151,153,155,157,159,161,163,165,167,169,171,173,175,177,179,181,183,185,187,189,191,193,195,197,199,201,203,205
201,7,9,11,13,15,17,19,21,23,25,27,29,31,33,35,37,39,41,43,45,47,49,51,53,55,57,59,61,63,65,67,69,71,73,75,77,79,81,83,85,87,89,91,93,95,97,99,101,103,105,107,109,111,113,115,117,119,121,123,125,127,129,131,133,135,137,139,141,143,145,147,149,151,153,155,157,159,161,163,165,167,169,171,173,175,177,179,181,183,185,187,189,191,193,195,197,199,201,203,206
202,7,9,11,13,15,17,19,21,23,25,27,29,31,33,35,37,39,41,43,45,47,49,51,53,55,57,59,61,63,65,67,69,71,73,75,77,79,81,83,85,87,89,91,93,95,97,99,101,103,106,108,110,112,114,116,118,120,122,124,126,128,130,132,134,136,138,140,142,144,146,148,150,152,154,156,158,160,162,164,166,168,170,172,174,176,178,180,182,184,186,188,190,192,194,196,198,200,202,204,207
203,7,9,11,13,15,17,19,21,23,25,27,29,31,33,35,37,39,41,43,45,47,49,51,53,55,57,59,61,63,65,67,69,71,74,76,78,80,82,84,86,88,90,92,94,96,98,100,102,104,106,108,110,112,114,116,118,120,122,124,126,128,130,132,134,136,138,141,143,145,147,149,151,153,155,157,159,161,163,165,167,169,171,173,175,177,179,181,183,185,187,189,191,193,195,197,199,201,203,205,208
204,7,9,11,13,15,17,19,21,23,25,27,29,31,33,35,37,39,41,43,45,47,49,51,53,56,58,60,62,64,66,68,70,72,74,76,78,80,82,84,86,88,90,92,94,96,98,100,102,104,107,109,111,113,115,117,119,121,123,125,127,129,131,133,135,137,139,141,143,145,147,149,151,153,155,158,160,162,164,166,168,170,172,174,176,178,180,182,184,186,188,190,192,194,196,198,200,202,204,206,209
205,7,9,11,13,15,17,19,21,23,25,27,29,31,33,35,37,39,41,43,46,48,50,52,54,56,58,60,62,64,66,68,70,72,74,76,78,80,82,84,87,89,91,93,95,97,99,101,103,105,107,109,111,113,115,117,119,121,123,125,128,130,132,134,136,138,140,142,144,146,148,150,152,154,156,158,160,162,164,166,169,171,173,175,177,179,181,183,185,187,189,191,193,195,197,199,201,203,205,207,210
206,7,9,11,13,15,17,19,21,23,25,27,29,31,33,35,37,40,42,44,46,48,50,52,54,56,58,60,62,64,66,68,70,72,75,77,79,81,83,85,87,89,91,93,95,97,99,101,103,105,108,110,112,114,116,118,120,122,124,126,128,130,132,134,136,138,140,143,145,147,149,151,153,155,157,159,161,163,165,167,169,171,173,175,178,180,182,184,186,188,190,192,194,196,198,200,202,204,206,208,211
207,7,9,11,13,15,17,19,21,23,25,27,29,31,33,36,38,40,42,44,46,48,50,52,54,56,58,60,62,65,67,69,71,73,75,77,79,81,83,85,87,89,91,94,96,98,100,102,104,106,108,110,112,114,116,118,120,122,125,127,129,131,133,135,137,139,141,143,145,147,149,151,154,156,158,160,162,164,166,168,170,172,174,176,178,180,183,185,187,189,191,193,195,197,199,201,203,205,207,209,212
208,7,9,11,13,15,17,19,21,23,25,27,29,32,34,36,38,40,42,44,46,48,50,52,54,57,59,61,63,65,67,69,71,73,75,77,79,81,84,86,88,90,92,94,96,98,100,102,104,106,109,111,113,115,117,119,121,123,125,127,129,131,133,136,138,140,142,144,146,148,150,152,154,156,158,161,163,165,167,169,171,173,175,177,179,181,183,185,188,190,192,194,196,198,200,202,204,206,208,210,213
209,7,9,11,13,15,17,19,21,23,25,27,30,32,34,36,38,40,42,44,46,48,50,53,55,57,59,61,63,65,67,69,71,73,76,78,80,82,84,86,88,90,92,94,96,99,101,103,105,107,109,111,113,115,117,119,122,124,126,128,130,132,134,136,138,140,142,145,147,149,151,153,155,157,159,161,163,165,168,170,172,174,176,178,180,182,184,186,188,191,193,195,197,199,201,203,205,207,209,211,214
210,7,9,11,13,15,17,19,21,23,26,28,30,32,34,36,38,40,42,44,47,49,51,53,55,57,59,61,63,65,68,70,72,74,76,78,80,82,84,86,89,91,93,95,97,99,101,103,105,107,110,112,114,116,118,120,122,124,126,128,131,133,135,137,139,141,143,145,147,149,152,154,156,158,160,162,164,166,168,170,173,175,177,179,181,183,185,187,189,191,194,196,198,200,202,204,206,208,210,212,215
211,7,9,11,13,15,17,19,21,23,26,28,30,32,34,36,38,40,42,45,47,49,51,53,55,57,59,61,64,66,68,70,72,74,76,78,80,83,85,87,89,91,93,95,97,99,102,104,106,108,110,112,114,116,118,121,123,125,127,129,131,133,135,137,140,142,144,146,148,150,152,154,156,159,161,163,165,167,169,171,173,175,178,180,182,184,186,188,190,192,194,197,199,201,203,205,207,209,211,213,216
212,7,9,11,13,15,17,19,21,24,26,28,30,32,34,36,38,41,43,45,47,49,51,53,55,58,60,62,64,66,68,70,72,74,77,79,81,83,85,87,89,91,94,96,98,100,102,104,106,108,111,113,115,117,119,121,123,125,127,130,132,134,136,138,140,142,144,147,149,151,153,155,157,159,161,164,166,168,170,172,174,176,178,180,183,185,187,189,191,193,195,197,200,202,204,206,208,210,212,214,217
213,7,9,11,13,15,17,19,22,24,26,28,30,32,34,36,39,41,43,45,47,49,51,53,56,58,60,62,64,66,68,71,73,75,77,79,81,83,85,88,90,92,94,96,98,100,102,105,107,109,111,113,115,117,120,122,124,126,128,130,132,134,137,139,141,143,145,147,149,151,154,156,158,160,162,164,166,169,171,173,175,177,179,181,183,186,188,190,192,194,196,198,200,203,205,207,209,211,213,215,218
214,7,9,11,13,15,17,19,22,24,26,28,30,32,34,37,39,41,43,45,47,49,52,54,56,58,60,62,64,67,69,71,73,75,77,79,82,84,86,88,90,92,94,97,99,101,103,105,107,109,112,114,116,118,120,122,124,126,129,131,133,135,137,139,141,144,146,148,150,152,154,156,159,161,163,165,167,169,171,174,176,178,180,182,184,186,189,191,193,195,197,199,201,204,206,208,210,212,214,216,219
215,7,9,11,13,15,17,20,22,24,26,28,30,32,35,37,39,41,43,45,48,50,52,54,56,58,60,63,65,67,69,71,73,75,78,80,82,84,86,88,91,93,95,97,99,101,103,106,108,110,112,114,116,118,121,123,125,127,129,131,134,136,138,140,142,144,146,149,151,153,155,157,159,161,164,166,168,170,172,174,177,179,181,183,185,187,189,192,194,196,198,200,202,204,207,209,211,213,215,217,220
216,7,9,11,13,15,17,20,22,24,26,28,30,33,35,37,39,41,43,46,48,50,52,54,56,59,61,63,65,67,69,71,74,76,78,80,82,84,87,89,91,93,95,97,100,102,104,106,108,110,113,115,117,119,121,123,125,128,130,132,134,136,138,141,143,145,147,149,151,154,156,158,160,162,164,167,169,171,173,175,177,179,182,184,186,188,190,192,195,197,199,201,203,205,208,210,212,214,216,218,221
217,7,9,11,13,15,18,20,22,24,26,28,31,33,35,37,39,41,44,46,48,50,52,54,57,59,61,63,65,67,70,72,74,76,78,80,83,85,87,89,91,93,96,98,100,102,104,106,109,111,113,115,117,120,122,124,126,128,130,133,135,137,139,141,143,146,148,150,152,154,156,159,161,163,165,167,169,172,174,176,178,180,182,185,187,189,191,193,195,198,200,202,204,206,208,211,213,215,217,219,222
218,7,9,11,13,15,18,20,22,24,26,28,31,33,35,37,39,42,44,46,48,50,52,55,57,59,61,63,66,68,70,72,74,76,79,81,83,85,87,90,92,94,96,98,100,103,105,107,109,111,114,116,118,120,122,124,127,129,131,133,135,137,140,142,144,146,148,151,153,155,157,159,161,164,166,168,170,172,175,177,179,181,183,185,188,190,192,194,196,199,201,203,205,207,209,212,214,216,218,220,223
219,7,9,11,13,15,18,20,22,24,26,29,31,33,35,37,40,42,44,46,48,50,53,55,57,59,61,64,66,68,70,72,75,77,79,81,83,86,88,90,92,94,96,99,101,103,105,107,110,112,114,116,118,121,123,125,127,129,132,134,136,138,140,142,145,147,149,151,153,156,158,160,162,164,167,169,171,173,175,178,180,182,184,186,188,191,193,195,197,199,202,204,206,208,210,213,215,217,219,221,224
220,7,9,11,13,16,18,20,22,24,27,29,31,33,35,38,40,42,44,46,49,51,53,55,57,60,62,64,66,68,71,73,75,77,79,82,84,86,88,90,93,95,97,99,101,104,106,108,110,112,115,117,119,121,123,126,128,130,132,134,137,139,141,143,145,148,150,152,154,156,159,161,163,165,167,170,172,174,176,178,181,183,185,187,189,192,194,196,198,200,203,205,207,209,211,214,216,218,220,222,225
221,7,9,11,13,16,18,20,22,24,27,29,31,33,35,38,40,42,44,46,49,51,53,55,58,60,62,64,66,69,71,73,75,77,80,82,84,86,88,91,93,95,97,100,102,104,106,108,111,113,115,117,119,122,124,126,128,130,133,135,137,139,142,144,146,148,150,153,155,157,159,161,164,166,168,170,172,175,177,179,181,184,186,188,190,192,195,197,199,201,203,206,208,210,212,214,217,219,221,223,226
222,7,9,11,13,16,18,20,22,24,27,29,31,33,36,38,40,42,44,47,49,51,53,56,58,60,62,64,67,69,71,73,76,78,80,82,84,87,89,91,93,96,98,100,102,104,107,109,111,113,116,118,120,122,124,127,129,131,133,135,138,140,142,144,147,149,151,153,155,158,160,162,164,167,169,171,173,175,178,180,182,184,187,189,191,193,195,198,200,202,204,207,209,211,213,215,218,220,222,224,227
223,7,9,11,13,16,18,20,22,25,27,29,31,33,36,38,40,42,45,47,49,51,54,56,58,60,62,65,67,69,71,74,76,78,80,83,85,87,89,91,94,96,98,100,103,105,107,109,112,114,116,118,120,123,125,127,129,132,134,136,138,141,143,145,147,149,152,154,156,158,161,163,165,167,170,172,174,176,178,181,183,185,187,190,192,194,196,199,201,203,205,207,210,212,214,216,219,221,223,225,228
224,7,9,11,13,16,18,20,22,25,27,29,31,34,36,38,40,43,45,47,49,52,54,56,58,61,63,65,67,69,72,74,76,78,81,83,85,87,90,92,94,96,99,101,103,105,108,110,112,114,117,119,121,123,125,128,130,132,134,137,139,141,143,146,148,150,152,155,157,159,161,164,166,168,170,173,175,177,179,181,184,186,188,190,193,195,197,199,202,204,206,208,211,213,215,217,220,222,224,226,229
225,7,9,11,14,16,18,20,23,25,27,29,32,34,36,38,41,43,45,47,50,52,54,56,59,61,63,65,68,70,72,74,77,79,81,83,86,88,90,92,95,97,99,101,104,106,108,110,113,115,117,119,122,124,126,128,131,133,135,137,140,142,144,146,149,151,153,155,158,160,162,164,167,169,171,173,176,178,180,182,185,187,189,191,194,196,198,200,203,205,207,209,212,214,216,218,221,223,225,227,230
226,7,9,11,14,16,18,20,23,25,27,29,32,34,36,38,41,43,45,47,50,52,54,56,59,61,63,66,68,70,72,75,77,79,81,84,86,88,90,93,95,97,99,102,104,106,108,111,113,115,118,120,122,124,127,129,131,133,136,138,140,142,145,147,149,151,154,156,158,160,163,165,167,169,172,174,176,179,181,183,185,188,190,192,194,197,199,201,203,206,208,210,212,215,217,219,221,224,226,228,231
227,7,9,11,14,16,18,20,23,25,27,29,32,34,36,39,41,43,45,48,50,52,54,57,59,61,64,66,68,70,73,75,77,79,82,84,86,88,91,93,95,98,100,102,104,107,109,111,113,116,118,120,123,125,127,129,132,134,136,138,141,143,145,148,150,152,154,157,159,161,163,166,168,170,172,175,177,179,182,184,186,188,191,193,195,197,200,202,204,207,209,211,213,216,218,220,222,225,227,229,232
228,7,9,11,14,16,18,20,23,25,27,30,32,34,36,39,41,43,46,48,50,52,55,57,59,62,64,66,68,71,73,75,77,80,82,84,87,89,91,93,96,98,100,103,105,107,109,112,114,116,119,121,123,125,128,130,132,134,137,139,141,144,146,148,150,153,155,157,160,162,164,166,169,171,173,176,178,180,182,185,187,189,191,194,196,198,201,203,205,207,210,212,214,217,219,221,223,226,228,230,233
229,7,9,11,14,16,18,21,23,25,27,30,32,34,37,39,41,43,46,48,50,53,55,57,59,62,64,66,69,71,73,75,78,80,82,85,87,89,92,94,96,98,101,103,105,108,110,112,114,117,119,121,124,126,128,130,133,135,137,140,142,144,146,149,151,153,156,158,160,163,165,167,169,172,174,176,179,181,183,185,188,190,192,195,197,199,201,204,206,208,211,213,215,217,220,222,224,227,229,231,234
230,7,9,11,14,16,18,21,23,25,28,30,32,34,37,39,41,44,46,48,51,53,55,57,60,62,64,67,69,71,74,76,78,80,83,85,87,90,92,94,97,99,101,103,106,108,110,113,115,117,120,122,124,126,129,131,133,136,138,140,143,145,147,149,152,154,156,159,161,163,166,168,170,172,175,177,179,182,184,186,189,191,193,195,198,200,202,205,207,209,212,214,216,218,221,223,225,228,230,232,235
231,7,9,11,14,16,18,21,23,25,28,30,32,35,37,39,41,44,46,48,51,53,55,58,60,62,65,67,69,71,74,76,78,81,83,85,88,90,92,95,97,99,102,104,106,108,111,113,115,118,120,122,125,127,129,132,134,136,138,141,143,145,148,150,152,155,157,159,162,164,166,169,171,173,175,178,180,182,185,187,189,192,194,196,199,201,203,205,208,210,212,215,217,219,222,224,226,229,231,233,236
232,7,9,11,14,16,18,21,23,25,28,30,32,35,37,39,42,44,46,49,51,53,56,58,60,63,65,67,69,72,74,76,79,81,83,86,88,90,93,95,97,100,102,104,107,109,111,114,116,118,121,123,125,127,130,132,134,137,139,141,144,146,148,151,153,155,158,160,162,165,167,169,172,174,176,179,181,183,185,188,190,192,195,197,199,202,204,206,209,211,213,216,218,220,223,225,227,230,232,234,237
233,7,9,11,14,16,18,21,23,25,28,30,32,35,37,39,42,44,46,49,51,53,56,58,60,63,65,67,70,72,74,77,79,81,84,86,88,91,93,95,98,100,102,105,107,109,112,114,116,119,121,123,126,128,130,133,135,137,140,142,144,147,149,151,154,156,158,161,163,165,168,170,172,175,177,179,182,184,186,189,191,193,196,198,200,203,205,207,210,212,214,217,219,221,224,226,228,231,233,235,238
234,7,9,12,14,16,19,21,23,26,28,30,33,35,37,40,42,44,47,49,51,54,56,58,61,63,65,68,70,72,75,77,79,82,84,86,89,91,93,96,98,100,103,105,107,110,112,114,117,119,122,124,126,129,131,133,136,138,140,143,145,147,150,152,154,157,159,161,164,166,168,171,173,175,178,180,182,185,187,189,192,194,196,199,201,203,206,208,210,213,215,217,220,222,224,227,229,231,234,236,239
235,7,9,12,14,16,19,21,23,26,28,30,33,35,37,40,42,44,47,49,52,54,56,59,61,63,66,68,70,73,75,77,80,82,84,87,89,91,94,96,99,101,103,106,108,110,113,115,117,120,122,124,127,129,131,134,136,138,141,143,146,148,150,153,155,157,160,162,164,167,169,171,174,176,178,181,183,185,188,190,193,195,197,200,202,204,207,209,211,214,216,218,221,223,225,228,230,232,235,237,240
236,7,9,12,14,16,19,21,23,26,28,30,33,35,38,40,42,45,47,49,52,54,56,59,61,64,66,68,71,73,75,78,80,82,85,87,89,92,94,97,99,101,104,106,108,111,113,115,118,120,123,125,127,130,132,134,137,139,141,144,146,148,151,153,156,158,160,163,165,167,170,172,174,177,179,182,184,186,189,191,193,196,198,200,203,205,207,210,212,215,217,219,222,224,226,229,231,233,236,238,241
237,7,9,12,14,16,19,21,23,26,28,31,33,35,38,40,42,45,47,50,52,54,57,59,61,64,66,68,71,73,76,78,80,83,85,87,90,92,95,97,99,102,104,106,109,111,114,116,118,121,123,125,128,130,132,135,137,140,142,144,147,149,151,154,156,159,161,163,166,168,170,173,175,178,180,182,185,187,189,192,194,196,199,201,204,206,208,211,213,215,218,220,223,225,227,230,232,234,237,239,242
238,7,9,12,14,16,19,21,24,26,28,31,33,35,38,40,43,45,47,50,52,54,57,59,62,64,66,69,71,74,76,78,81,83,85,88,90,93,95,97,100,102,104,107,109,112,114,116,119,121,124,126,128,131,133,135,138,140,143,145,147,150,152,154,157,159,162,164,166,169,171,173,176,178,181,183,185,188,190,193,195,197,200,202,204,207,209,212,214,216,219,221,223,226,228,231,233,235,238,240,243
239,7,9,12,14,16,19,21,24,26,28,31,33,36,38,40,43,45,48,50,52,55,57,59,62,64,67,69,71,74,76,79,81,83,86,88,91,93,95,98,100,102,105,107,110,112,114,117,119,122,124,126,129,131,134,136,138,141,143,146,148,150,153,155,157,160,162,165,167,169,172,174,177,179,181,184,186,189,191,193,196,198,200,203,205,208,210,212,215,217,220,222,224,227,229,232,234,236,239,241,244
240,7,9,12,14,17,19,21,24,26,29,31,33,36,38,41,43,45,48,50,53,55,57,60,62,65,67,69,72,74,77,79,81,84,86,89,91,93,96,98,101,103,105,108,110,113,115,117,120,122,125,127,129,132,134,137,139,141,144,146,149,151,153,156,158,161,163,165,168,170,173,175,177,180,182,185,187,189,192,194,197,199,201,204,206,209,211,213,216,218,221,223,225,228,230,233,235,237,240,242,245
241,7,9,12,14,17,19,21,24,26,29,31,33,36,38,41,43,45,48,50,53,55,58,60,62,65,67,70,72,74,77,79,82,84,86,89,91,94,96,98,101,103,106,108,111,113,115,118,120,123,125,127,130,132,135,137,139,142,144,147,149,152,154,156,159,161,164,166,168,171,173,176,178,180,183,185,188,190,192,195,197,200,202,205,207,209,212,214,217,219,221,224,226,229,231,233,236,238,241,243,246
242,7,9,12,14,17,19,21,24,26,29,31,34,36,38,41,43,46,48,50,53,55,58,60,63,65,67,70,72,75,77,80,82,84,87,89,92,94,96,99,101,104,106,109,111,113,116,118,121,123,126,128,130,133,135,138,140,142,145,147,150,152,155,157,159,162,164,167,169,171,174,176,179,181,184,186,188,191,193,196,198,201,203,205,208,210,213,215,217,220,222,225,227,230,232,234,237,239,242,244,247
243,7,9,12,14,17,19,22,24,26,29,31,34,36,39,41,43,46,48,51,53,56,58,60,63,65,68,70,73,75,77,80,82,85,87,90,92,94,97,99,102,104,107,109,111,114,116,119,121,124,126,128,131,133,136,138,141,143,145,148,150,153,155,158,160,162,165,167,170,172,175,177,179,182,184,187,189,192,194,196,199,201,204,206,209,211,213,216,218,221,223,226,228,230,233,235,238,240,243,245,248
244,7,9,12,14,17,19,22,24,26,29,31,34,36,39,41,44,46,48,51,53,56,58,61,63,66,68,70,73,75,78,80,83,85,87,90,92,95,97,100,102,105,107,109,112,114,117,119,122,124,127,129,131,134,136,139,141,144,146,148,151,153,156,158,161,163,166,168,170,173,175,178,180,183,185,188,190,192,195,197,200,202,205,207,209,212,214,217,219,222,224,227,229,231,234,236,239,241,244,246,249
245,7,9,12,14,17,19,22,24,27,29,31,34,36,39,41,44,46,49,51,54,56,58,61,63,66,68,71,73,76,78,80,83,85,88,90,93,95,98,100,103,105,107,110,112,115,117,120,122,125,127,129,132,134,137,139,142,144,147,149,152,154,156,159,161,164,166,169,171,174,176,178,181,183,186,188,191,193,196,198,201,203,205,208,210,213,215,218,220,223,225,227,230,232,235,237,240,242,245,247,250
246,7,9,12,14,17,19,22,24,27,29,32,34,36,39,41,44,46,49,51,54,56,59,61,64,66,68,71,73,76,78,81,83,86,88,91,93,96,98,100,103,105,108,110,113,115,118,120,123,125,128,130,132,135,137,140,142,145,147,150,152,155,157,159,162,164,167,169,172,174,177,179,182,184,187,189,191,194,196,199,201,204,206,209,211,214,216,219,221,223,226,228,231,233,236,238,241,243,246,248,251
247,7,9,12,14,17,19,22,24,27,29,32,34,37,39,42,44,46,49,51,54,56,59,61,64,66,69,71,74,76,79,81,84,86,88,91,93,96,98,101,103,106,108,111,113,116,118,121,123,126,128,130,133,135,138,140,143,145,148,150,153,155,158,160,163,165,168,170,172,175,177,180,182,185,187,190,192,195,197,200,202,205,207,210,212,214,217,219,222,224,227,229,232,234,237,239,242,244,247,249,252
248,7,9,12,14,17,19,22,24,27,29,32,34,37,39,42,44,47,49,52,54,57,59,62,64,67,69,71,74,76,79,81,84,86,89,91,94,96,99,101,104,106,109,111,114,116,119,121,124,126,129,131,133,136,138,141,143,146,148,151,153,156,158,161,163,166,168,171,173,176,178,181,183,186,188,191,193,195,198,200,203,205,208,210,213,215,218,220,223,225,228,230,233,235,238,240,243,245,248,250,253
249,7,9,12,14,17,19,22,24,27,29,32,34,37,39,42,44,47,49,52,54,57,59,62,64,67,69,72,74,77,79,82,84,87,89,92,94,97,99,102,104,107,109,112,114,117,119,122,124,127,129,131,134,136,139,141,144,146,149,151,154,156,159,161,164,166,169,171,174,176,179,181,184,186,189,191,194,196,199,201,204,206,209,211,214,216,219,221,224,226,229,231,234,236,239,241,244,246,249,251,254
250,7,10,12,15,17,20,22,25,27,30,32,35,37,40,42,45,47,50,52,55,57,60,62,65,67,70,72,75,77,80,82,85,87,90,92,95,97,100,102,105,107,110,112,115,117,120,122,125,127,130,132,135,137,140,142,145,147,150,152,155,157,160,162,165,167,170,172,175,177,180,182,185,187,190,192,195,197,200,202,205,207,210,212,215,217,220,222,225,227,230,232,235,237,240,242,245,247,250,252,255
251,7,10,12,15,17,20,22,25,27,30,32,35,37,40,42,45,47,50,52,55,57,60,62,65,67,70,72,75,77,80,82,85,87,90,92,95,97,100,102,105,107,110,112,115,117,120,122,125,127,130,133,135,138,140,143,145,148,150,153,155,158,160,163,165,168,170,173,175,178,180,183,185,188,190,193,195,198,200,203,205,208,210,213,215,218,220,223,225,228,230,233,235,238,240,243,245,248,250,253,256
252,7,10,12,15,17,20,22,25,27,30,32,35,37,40,42,45,47,50,52,55,57,60,62,65,68,70,73,75,78,80,83,85,88,90,93,95,98,100,103,105,108,110,113,115,118,120,123,125,128,131,133,136,138,141,143,146,148,151,153,156,158,161,163,166,168,171,173,176,178,181,183,186,188,191,194,196,199,201,204,206,209,211,214,216,219,221,224,226,229,231,234,236,239,241,244,246,249,251,254,257
253,7,10,12,15,17,20,22,25,27,30,32,35,37,40,42,45,48,50,53,55,58,60,63,65,68,70,73,75,78,80,83,85,88,91,93,96,98,101,103,106,108,111,113,116,118,121,123,126,128,131,134,136,139,141,144,146,149,151,154,156,159,161,164,166,169,171,174,177,179,182,184,187,189,192,194,197,199,202,204,207,209,212,214,217,220,222,225,227,230,232,235,237,240,242,245,247,250,252,255,258
254,7,10,12,15,17,20,22,25,27,30,32,35,38,40,43,45,48,50,53,55,58,60,63,65,68,71,73,76,78,81,83,86,88,91,93,96,98,101,104,106,109,111,114,116,119,121,124,126,129,132,134,137,139,142,144,147,149,152,154,157,159,162,165,167,170,172,175,177,180,182,185,187,190,192,195,198,200,203,205,208,210,213,215,218,220,223,225,228,231,233,236,238,241,243,246,248,251,253,256,259
255,7,10,12,15,17,20,22,25,27,30,33,35,38,40,43,45,48,50,53,56,58,61,63,66,68,71,73,76,78,81,84,86,89,91,94,96,99,101,104,107,109,112,114,117,119,122,124,127,129,132,135,137,140,142,145,147,150,152,155,158,160,163,165,168,170,173,175,178,180,183,186,188,191,193,196,198,201,203,206,209,211,214,216,219,221,224,226,229,231,234,237,239,242,244,247,249,252,254,257,260
256,7,10,12,15,17,20,22,25,28,30,33,35,38,40,43,45,48,51,53,56,58,61,63,66,69,71,74,76,79,81,84,86,89,92,94,97,99,102,104,107,109,112,115,117,120,122,125,127,130,133,135,138,140,143,145,148,150,153,156,158,161,163,166,168,171,173,176,179,181,184,186,189,191,194,197,199,202,204,207,209,212,214,217,220,222,225,227,230,232,235,237,240,243,245,248,250,253,255,258,261
257,7,10,12,15,17,20,22,25,28,30,33,35,38,40,43,46,48,51,53,56,58,61,64,66,69,71,74,76,79,82,84,87,89,92,94,97,100,102,105,107,110,112,115,118,120,123,125,128,130,133,136,138,141,143,146,148,151,154,156,159,161,164,166,169,172,174,177,179,182,184,187,190,192,195,197,200,202,205,208,210,213,215,218,220,223,226,228,231,233,236,238,241,244,246,249,251,254,256,259,262
258,7,10,12,15,17,20,23,25,28,30,33,35,38,41,43,46,48,51,54,56,59,61,64,66,69,72,74,77,79,82,84,87,90,92,95,97,100,103,105,108,110,113,115,118,121,123,126,128,131,134,136,139,141,144,146,149,152,154,157,159,162,164,167,170,172,175,177,180,183,185,188,190,193,195,198,201,203,206,208,211,213,216,219,221,224,226,229,232,234,237,239,242,244,247,250,252,255,257,260,263
259,7,10,12,15,17,20,23,25,28,30,33,36,38,41,43,46,49,51,54,56,59,61,64,67,69,72,74,77,80,82,85,87,90,93,95,98,100,103,106,108,111,113,116,118,121,124,126,129,131,134,137,139,142,144,147,150,152,155,157,160,162,165,168,170,173,175,178,181,183,186,188,191,194,196,199,201,204,207,209,212,214,217,219,222,225,227,230,232,235,238,240,243,245,248,251,253,256,258,261,264
260,7,10,12,15,18,20,23,25,28,31,33,36,38,41,44,46,49,51,54,57,59,62,64,67,70,72,75,77,80,83,85,88,90,93,96,98,101,103,106,109,111,114,116,119,122,124,127,129,132,135,137,140,142,145,148,150,153,155,158,161,163,166,168,171,174,176,179,181,184,187,189,192,194,197,200,202,205,207,210,213,215,218,220,223,226,228,231,233,236,239,241,244,246,249,252,254,257,259,262,265
261,7,10,12,15,18,20,23,25,28,31,33,36,38,41,44,46,49,51,54,57,59,62,65,67,70,72,75,78,80,83,85,88,91,93,96,98,101,104,106,109,112,114,117,119,122,125,127,130,132,135,138,140,143,145,148,151,153,156,158,161,164,166,169,172,174,177,179,182,185,187,190,192,195,198,200,203,205,208,211,213,216,219,221,224,226,229,232,234,237,239,242,245,247,250,252,255,258,260,263,266
262,7,10,12,15,18,20,23,25,28,31,33,36,39,41,44,46,49,52,54,57,60,62,65,67,70,73,75,78,80,83,86,88,91,94,96,99,101,104,107,109,112,115,117,120,122,125,128,130,133,136,138,141,143,146,149,151,154,156,159,162,164,167,170,172,175,177,180,183,185,188,191,193,196,198,201,204,206,209,211,214,217,219,222,225,227,230,232,235,238,240,243,246,248,251,253,256,259,261,264,267
263,7,10,12,15,18,20,23,26,28,31,33,36,39,41,44,47,49,52,54,57,60,62,65,68,70,73,76,78,81,83,86,89,91,94,97,99,102,104,107,110,112,115,118,120,123,125,128,131,133,136,139,141,144,147,149,152,154,157,160,162,165,168,170,173,175,178,181,183,186,189,191,194,196,199,202,204,207,210,212,215,218,220,223,225,228,231,233,236,239,241,244,246,249,252,254,257,260,262,265,268
264,7,10,12,15,18,20,23,26,28,31,34,36,39,41,44,47,49,52,55,57,60,63,65,68,71,73,76,78,81,84,86,89,92,94,97,100,102,105,107,110,113,115,118,121,123,126,129,131,134,137,139,142,144,147,150,152,155,158,160,163,166,168,171,173,176,179,181,184,187,189,192,195,197,200,203,205,208,210,213,216,218,221,224,226,229,232,234,237,239,242,245,247,250,253,255,258,261,263,266,269
265,7,10,12,15,18,20,23,26,28,31,34,36,39,42,44,47,50,52,55,58,60,63,65,68,71,73,76,79,81,84,87,89,92,95,97,100,103,105,108,111,113,116,118,121,124,126,129,132,134,137,140,142,145,148,150,153,156,158,161,164,166,169,171,174,177,179,182,185,187,190,193,195,198,201,203,206,209,211,214,217,219,222,224,227,230,232,235,238,240,243,246,248,251,254,256,259,262,264,267,270
266,7,10,12,15,18,20,23,26,28,31,34,36,39,42,44,47,50,52,55,58,60,63,66,68,71,74,76,79,82,84,87,90,92,95,98,100,103,106,108,111,114,116,119,122,124,127,130,132,135,138,140,143,145,148,151,153,156,159,161,164,167,169,172,175,177,180,183,185,188,191,193,196,199,201,204,207,209,212,215,217,220,223,225,228,231,233,236,239,241,244,247,249,252,255,257,260,263,265,268,271
267,7,10,13,15,18,21,23,26,29,31,34,37,39,42,45,47,50,53,55,58,61,63,66,69,71,74,77,79,82,85,87,90,93,95,98,101,103,106,109,111,114,117,119,122,125,127,130,133,135,138,141,143,146,149,151,154,157,159,162,165,167,170,173,175,178,181,183,186,189,191,194,197,199,202,205,207,210,213,215,218,221,223,226,229,231,234,237,239,242,245,247,250,253,255,258,261,263,266,269,272
268,7,10,13,15,18,21,23,26,29,31,34,37,39,42,45,47,50,53,55,58,61,63,66,69,72,74,77,80,82,85,88,90,93,96,98,101,104,106,109,112,114,117,120,122,125,128,130,133,136,139,141,144,147,149,152,155,157,160,163,165,168,171,173,176,179,181,184,187,189,192,195,197,200,203,206,208,211,214,216,219,222,224,227,230,232,235,238,240,243,246,248,251,254,256,259,262,264,267,270,273
269,7,10,13,15,18,21,23,26,29,31,34,37,39,42,45,48,50,53,56,58,61,64,66,69,72,74,77,80,83,85,88,91,93,96,99,101,104,107,109,112,115,117,120,123,126,128,131,134,136,139,142,144,147,150,152,155,158,161,163,166,169,171,174,177,179,182,185,187,190,193,195,198,201,204,206,209,212,214,217,220,222,225,228,230,233,236,239,241,244,247,249,252,255,257,260,263,265,268,271,274
270,7,10,13,15,18,21,23,26,29,32,34,37,40,42,45,48,50,53,56,59,61,64,67,69,72,75,77,80,83,86,88,91,94,96,99,102,104,107,110,113,115,118,121,123,126,129,131,134,137,140,142,145,148,150,153,156,158,161,164,167,169,172,175,177,180,183,185,188,191,194,196,199,202,204,207,210,212,215,218,221,223,226,229,231,234,237,239,242,245,248,250,253,256,258,261,264,266,269,272,275
271,7,10,13,15,18,21,23,26,29,32,34,37,40,42,45,48,51,53,56,59,61,64,67,70,72,75,78,80,83,86,89,91,94,97,99,102,105,107,110,113,116,118,121,124,126,129,132,135,137,140,143,145,148,151,154,156,159,162,164,167,170,173,175,178,181,183,186,189,191,194,197,200,202,205,208,210,213,216,219,221,224,227,229,232,235,238,240,243,246,248,251,254,257,259,262,265,267,270,273,276
272,7,10,13,15,18,21,24,26,29,32,34,37,40,43,45,48,51,53,56,59,62,64,67,70,73,75,78,81,83,86,89,92,94,97,100,102,105,108,111,113,116,119,121,124,127,130,132,135,138,141,143,146,149,151,154,157,160,162,165,168,170,173,176,179,181,184,187,189,192,195,198,200,203,206,209,211,214,217,219,222,225,228,230,233,236,238,241,244,247,249,252,255,257,260,263,266,268,271,274,277
273,7,10,13,15,18,21,24,26,29,32,35,37,40,43,45,48,51,54,56,59,62,65,67,70,73,75,78,81,84,86,89,92,95,97,100,103,106,108,111,114,116,119,122,125,127,130,133,136,138,141,144,146,149,152,155,157,160,163,166,168,171,174,176,179,182,185,187,190,193,196,198,201,204,207,209,212,215,217,220,223,226,228,231,234,237,239,242,245,247,250,253,256,258,261,264,267,269,272,275,278
274,7,10,13,15,18,21,24,26,29,32,35,37,40,43,46,48,51,54,57,59,62,65,68,70,73,76,78,81,84,87,89,92,95,98,100,103,106,109,111,114,117,120,122,125,128,131,133,136,139,142,144,147,150,152,155,158,161,163,166,169,172,174,177,180,183,185,188,191,194,196,199,202,205,207,210,213,215,218,221,224,226,229,232,235,237,240,243,246,248,251,254,257,259,262,265,268,270,273,276,279
275,7,10,13,16,18,21,24,27,29,32,35,38,40,43,46,49,51,54,57,60,62,65,68,71,73,76,79,82,84,87,90,93,95,98,101,104,106,109,112,115,117,120,123,126,128,131,134,137,139,142,145,148,150,153,156,159,161,164,167,170,172,175,178,181,183,186,189,192,194,197,200,203,205,208,211,214,216,219,222,225,227,230,233,236,238,241,244,247,249,252,255,258,260,263,266,269,271,274,277,280
276,7,10,13,16,18,21,24,27,29,32,35,38,40,43,46,49,51,54,57,60,62,65,68,71,74,76,79,82,85,87,90,93,96,98,101,104,107,109,112,115,118,120,123,126,129,131,134,137,140,143,145,148,151,154,156,159,162,165,167,170,173,176,178,181,184,187,189,192,195,198,200,203,206,209,212,214,217,220,223,225,228,231,234,236,239,242,245,247,250,253,256,258,261,264,267,269,272,275,278,281
277,7,10,13,16,18,21,24,27,29,32,35,38,41,43,46,49,52,54,57,60,63,65,68,71,74,77,79,82,85,88,90,93,96,99,101,104,107,110,113,115,118,121,124,126,129,132,135,137,140,143,146,149,151,154,157,160,162,165,168,171,173,176,179,182,185,187,190,193,196,198,201,204,207,209,212,215,218,221,223,226,229,232,234,237,240,243,245,248,251,254,257,259,262,265,268,270,273,276,279,282
278,7,10,13,16,18,21,24,27,30,32,35,38,41,43,46,49,52,55,57,60,63,66,68,71,74,77,80,82,85,88,91,93,96,99,102,105,107,110,113,116,118,121,124,127,130,132,135,138,141,144,146,149,152,155,157,160,163,166,169,171,174,177,180,182,185,188,191,194,196,199,202,205,207,210,213,216,219,221,224,227,230,232,235,238,241,244,246,249,252,255,257,260,263,266,269,271,274,277,280,283
279,7,10,13,16,18,21,24,27,30,32,35,38,41,44,46,49,52,55,58,60,63,66,69,71,74,77,80,83,85,88,91,94,97,99,102,105,108,111,113,116,119,122,124,127,130,133,136,138,141,144,147,150,152,155,158,161,164,166,169,172,175,177,180,183,186,189,191,194,197,200,203,205,208,211,214,217,219,222,225,228,230,233,236,239,242,244,247,250,253,256,258,261,264,267,270,272,275,278,281,284
280,7,10,13,16,19,21,24,27,30,33,35,38,41,44,47,49,52,55,58,61,63,66,69,72,75,77,80,83,86,89,91,94,97,100,103,105,108,111,114,117,119,122,125,128,131,133,136,139,142,145,147,150,153,156,159,161,164,167,170,173,175,178,181,184,187,189,192,195,198,201,203,206,209,212,215,217,220,223,226,229,231,234,237,240,243,245,248,251,254,257,259,262,265,268,271,273,276,279,282,285
281,7,10,13,16,19,21,24,27,30,33,35,38,41,44,47,49,52,55,58,61,64,66,69,72,75,78,80,83,86,89,92,94,97,100,103,106,108,111,114,117,120,123,125,128,131,134,137,139,142,145,148,151,153,156,159,162,165,167,170,173,176,179,182,184,187,190,193,196,198,201,204,207,210,212,215,218,221,224,226,229,232,235,238,241,243,246,249,252,255,257,260,263,266,269,271,274,277,280,283,286
282,7,10,13,16,19,21,24,27,30,33,36,38,41,44,47,50,52,55,58,61,64,67,69,72,75,78,81,83,86,89,92,95,98,100,103,106,109,112,114,117,120,123,126,129,131,134,137,140,143,146,148,151,154,157,160,162,165,168,171,174,177,179,182,185,188,191,193,196,199,202,205,208,210,213,216,219,222,224,227,230,233,236,239,241,244,247,250,253,255,258,261,264,267,270,272,275,278,281,284,287
283,7,10,13,16,19,21,24,27,30,33,36,38,41,44,47,50,53,55,58,61,64,67,70,72,75,78,81,84,87,89,92,95,98,101,104,106,109,112,115,118,121,123,126,129,132,135,138,140,143,146,149,152,154,157,160,163,166,169,171,174,177,180,183,186,188,191,194,197,200,203,205,208,211,214,217,220,222,225,228,231,234,237,239,242,245,248,251,254,256,259,262,265,268,271,273,276,279,282,285,288
284,7,10,13,16,19,22,24,27,30,33,36,39,41,44,47,50,53,56,58,61,64,67,70,73,76,78,81,84,87,90,93,95,98,101,104,107,110,112,115,118,121,124,127,129,132,135,138,141,144,147,149,152,155,158,161,164,166,169,172,175,178,181,183,186,189,192,195,198,200,203,206,209,212,215,218,220,223,226,229,232,235,237,240,243,246,249,252,254,257,260,263,266,269,271,274,277,280,283,286,289
285,7,10,13,16,19,22,24,27,30,33,36,39,42,44,47,50,53,56,59,62,64,67,70,73,76,79,81,84,87,90,93,96,99,101,104,107,110,113,116,119,121,124,127,130,133,136,138,141,144,147,150,153,156,158,161,164,167,170,173,176,178,181,184,187,190,193,195,198,201,204,207,210,213,215,218,221,224,227,230,233,235,238,241,244,247,250,252,255,258,261,264,267,270,272,275,278,281,284,287,290
286,7,10,13,16,19,22,25,27,30,33,36,39,42,45,47,50,53,56,59,62,65,67,70,73,76,79,82,85,87,90,93,96,99,102,105,107,110,113,116,119,122,125,127,130,133,136,139,142,145,148,150,153,156,159,162,165,168,170,173,176,179,182,185,188,190,193,196,199,202,205,208,210,213,216,219,222,225,228,230,233,236,239,242,245,248,250,253,256,259,262,265,268,270,273,276,279,282,285,288,291
287,7,10,13,16,19,22,25,27,30,33,36,39,42,45,48,50,53,56,59,62,65,68,71,73,76,79,82,85,88,91,93,96,99,102,105,108,111,114,116,119,122,125,128,131,134,137,139,142,145,148,151,154,157,159,162,165,168,171,174,177,180,182,185,188,191,194,197,200,203,205,208,211,214,217,220,223,225,228,231,234,237,240,243,246,248,251,254,257,260,263,266,269,271,274,277,280,283,286,289,292
288,7,10,13,16,19,22,25,28,30,33,36,39,42,45,48,51,53,56,59,62,65,68,71,74,77,79,82,85,88,91,94,97,100,102,105,108,111,114,117,120,123,125,128,131,134,137,140,143,146,149,151,154,157,160,163,166,169,172,174,177,180,183,186,189,192,195,197,200,203,206,209,212,215,218,221,223,226,229,232,235,238,241,244,246,249,252,255,258,261,264,267,269,272,275,278,281,284,287,290,293
289,7,10,13,16,19,22,25,28,31,33,36,39,42,45,48,51,54,57,59,62,65,68,71,74,77,80,83,85,88,91,94,97,100,103,106,109,111,114,117,120,123,126,129,132,135,137,140,143,146,149,152,155,158,161,163,166,169,172,175,178,181,184,187,189,192,195,198,201,204,207,210,213,215,218,221,224,227,230,233,236,239,241,244,247,250,253,256,259,262,265,267,270,273,276,279,282,285,288,291,294
290,7,10,13,16,19,22,25,28,31,34,36,39,42,45,48,51,54,57,60,63,65,68,71,74,77,80,83,86,89,92,94,97,100,103,106,109,112,115,118,121,123,126,129,132,135,138,141,144,147,150,152,155,158,161,164,167,170,173,176,179,181,184,187,190,193,196,199,202,205,208,210,213,216,219,222,225,228,231,234,237,239,242,245,248,251,254,257,260,263,266,268,271,274,277,280,283,286,289,292,295
291,7,10,13,16,19,22,25,28,31,34,37,39,42,45,48,51,54,57,60,63,66,69,71,74,77,80,83,86,89,92,95,98,101,103,106,109,112,115,118,121,124,127,130,133,135,138,141,144,147,150,153,156,159,162,165,167,170,173,176,179,182,185,188,191,194,197,199,202,205,208,211,214,217,220,223,226,229,231,234,237,240,243,246,249,252,255,258,261,263,266,269,272,275,278,281,284,287,290,293,296
292,7,10,13,16,19,22,25,28,31,34,37,40,42,45,48,51,54,57,60,63,66,69,72,75,78,80,83,86,89,92,95,98,101,104,107,110,113,115,118,121,124,127,130,133,136,139,142,145,148,151,153,156,159,162,165,168,171,174,177,180,183,186,188,191,194,197,200,203,206,209,212,215,218,221,224,226,229,232,235,238,241,244,247,250,253,256,259,261,264,267,270,273,276,279,282,285,288,291,294,297
293,7,10,13,16,19,22,25,28,31,34,37,40,43,46,48,51,54,57,60,63,66,69,72,75,78,81,84,87,89,92,95,98,101,104,107,110,113,116,119,122,125,128,130,133,136,139,142,145,148,151,154,157,160,163,166,169,172,174,177,180,183,186,189,192,195,198,201,204,207,210,213,215,218,221,224,227,230,233,236,239,242,245,248,251,254,256,259,262,265,268,271,274,277,280,283,286,289,292,295,298
294,7,10,13,16,19,22,25,28,31,34,37,40,43,46,49,52,54,57,60,63,66,69,72,75,78,81,84,87,90,93,96,99,102,104,107,110,113,116,119,122,125,128,131,134,137,140,143,146,149,152,154,157,160,163,166,169,172,175,178,181,184,187,190,193,196,199,201,204,207,210,213,216,219,222,225,228,231,234,237,240,243,246,249,251,254,257,260,263,266,269,272,275,278,281,284,287,290,293,296,299
295,7,10,13,16,19,22,25,28,31,34,37,40,43,46,49,52,55,58,61,64,66,69,72,75,78,81,84,87,90,93,96,99,102,105,108,111,114,117,120,123,125,128,131,134,137,140,143,146,149,152,155,158,161,164,167,170,173,176,179,182,184,187,190,193,196,199,202,205,208,211,214,217,220,223,226,229,232,235,238,241,243,246,249,252,255,258,261,264,267,270,273,276,279,282,285,288,291,294,297,300
296,7,10,13,16,19,22,25,28,31,34,37,40,43,46,49,52,55,58,61,64,67,70,73,76,79,81,84,87,90,93,96,99,102,105,108,111,114,117,120,123,126,129,132,135,138,141,144,147,150,153,155,158,161,164,167,170,173,176,179,182,185,188,191,194,197,200,203,206,209,212,215,218,221,224,227,229,232,235,238,241,244,247,250,253,256,259,262,265,268,271,274,277,280,283,286,289,292,295,298,301
297,7,10,13,16,19,22,25,28,31,34,37,40,43,46,49,52,55,58,61,64,67,70,73,76,79,82,85,88,91,94,97,100,103,105,108,111,114,117,120,123,126,129,132,135,138,141,144,147,150,153,156,159,162,165,168,171,174,177,180,183,186,189,192,195,198,201,203,206,209,212,215,218,221,224,227,230,233,236,239,242,245,248,251,254,257,260,263,266,269,272,275,278,281,284,287,290,293,296,299,302
298,7,10,13,16,19,22,25,28,31,34,37,40,43,46,49,52,55,58,61,64,67,70,73,76,79,82,85,88,91,94,97,100,103,106,109,112,115,118,121,124,127,130,133,136,139,142,145,148,151,154,156,159,162,165,168,171,174,177,180,183,186,189,192,195,198,201,204,207,210,213,216,219,222,225,228,231,234,237,240,243,246,249,252,255,258,261,264,267,270,273,276,279,282,285,288,291,294,297,300,303
299,7,10,13,16,19,22,25,28,31,34,37,40,43,46,49,52,55,58,61,64,67,70,73,76,79,82,85,88,91,94,97,100,103,106,109,112,115,118,121,124,127,130,133,136,139,142,145,148,151,154,157,160,163,166,169,172,175,178,181,184,187,190,193,196,199,202,205,208,211,214,217,220,223,226,229,232,235,238,241,244,247,250,253,256,259,262,265,268,271,274,277,280,283,286,289,292,295,298,301,304
300,8,11,14,17,20,23,26,29,32,35,38,41,44,47,50,53,56,59,62,65,68,71,74,77,80,83,86,89,92,95,98,101,104,107,110,113,116,119,122,125,128,131,134,137,140,143,146,149,152,155,158,161,164,167,170,173,176,179,182,185,188,191,194,197,200,203,206,209,212,215,218,221,224,227,230,233,236,239,242,245,248,251,254,257,260,263,266,269,272,275,278,281,284,287,290,293,296,299,302,305
301,8,11,14,17,20,23,26,29,32,35,38,41,44,47,50,53,56,59,62,65,68,71,74,77,80,83,86,89,92,95,98,101,104,107,110,113,116,119,122,125,128,131,134,137,140,143,146,149,152,155,158,161,164,167,170,173,176,179,182,185,188,191,194,197,200,203,206,209,212,215,218,221,224,227,230,233,236,239,242,245,248,251,254,257,260,263,266,269,272,275,278,281,284,287,290,293,296,299,302,306
302,8,11,14,17,20,23,26,29,32,35,38,41,44,47,50,53,56,59,62,65,68,71,74,77,80,83,86,89,92,95,98,101,104,107,110,113,116,119,122,125,128,131,134,137,140,143,146,149,152,156,159,162,165,168,171,174,177,180,183,186,189,192,195,198,201,204,207,210,213,216,219,222,225,228,231,234,237,240,243,246,249,252,255,258,261,264,267,270,273,276,279,282,285,288,291,294,297,300,303,307
303,8,11,14,17,20,23,26,29,32,35,38,41,44,47,50,53,56,59,62,65,68,71,74,77,80,83,86,89,92,95,98,101,104,108,111,114,117,120,123,126,129,132,135,138,141,144,147,150,153,156,159,162,165,168,171,174,177,180,183,186,189,192,195,198,201,204,208,211,214,217,220,223,226,229,232,235,238,241,244,247,250,253,256,259,262,265,268,271,274,277,280,283,286,289,292,295,298,301,304,308
304,8,11,14,17,20,23,26,29,32,35,38,41,44,47,50,53,56,59,62,65,68,71,74,77,81,84,87,90,93,96,99,102,105,108,111,114,117,120,123,126,129,132,135,138,141,144,147,150,153,157,160,163,166,169,172,175,178,181,184,187,190,193,196,199,202,205,208,211,214,217,220,223,226,229,233,236,239,242,245,248,251,254,257,260,263,266,269,272,275,278,281,284,287,290,293,296,299,302,305,309
305,8,11,14,17,20,23,26,29,32,35,38,41,44,47,50,53,56,59,62,66,69,72,75,78,81,84,87,90,93,96,99,102,105,108,111,114,117,120,123,127,130,133,136,139,142,145,148,151,154,157,160,163,166,169,172,175,178,181,184,188,191,194,197,200,203,206,209,212,215,218,221,224,227,230,233,236,239,242,245,249,252,255,258,261,264,267,270,273,276,279,282,285,288,291,294,297,300,303,306,310
306,8,11,14,17,20,23,26,29,32,35,38,41,44,47,50,53,57,60,63,66,69,72,75,78,81,84,87,90,93,96,99,102,105,109,112,115,118,121,124,127,130,133,136,139,142,145,148,151,154,158,161,164,167,170,173,176,179,182,185,188,191,194,197,200,203,206,210,213,216,219,222,225,228,231,234,237,240,243,246,249,252,255,258,262,265,268,271,274,277,280,283,286,289,292,295,298,301,304,307,311
307,8,11,14,17,20,23,26,29,32,35,38,41,44,47,51,54,57,60,63,66,69,72,75,78,81,84,87,90,94,97,100,103,106,109,112,115,118,121,124,127,130,133,137,140,143,146,149,152,155,158,161,164,167,170,173,176,179,183,186,189,192,195,198,201,204,207,210,213,216,219,222,226,229,232,235,238,241,244,247,250,253,256,259,262,265,269,272,275,278,281,284,287,290,293,296,299,302,305,308,312
308,8,11,14,17,20,23,26,29,32,35,38,41,45,48,51,54,57,60,63,66,69,72,75,78,82,85,88,91,94,97,100,103,106,109,112,115,118,122,125,128,131,134,137,140,143,146,149,152,155,159,162,165,168,171,174,177,180,183,186,189,192,195,199,202,205,208,211,214,217,220,223,226,229,232,236,239,242,245,248,251,254,257,260,263,266,269,272,276,279,282,285,288,291,294,297,300,303,306,309,313
309,8,11,14,17,20,23,26,29,32,35,38,42,45,48,51,54,57,60,63,66,69,72,76,79,82,85,88,91,94,97,100,103,106,110,113,116,119,122,125,128,131,134,137,140,144,147,150,153,156,159,162,165,168,171,174,178,181,184,187,190,193,196,199,202,205,208,212,215,218,221,224,227,230,233,236,239,242,246,249,252,255,258,261,264,267,270,273,276,280,283,286,289,292,295,298,301,304,307,310,314
310,8,11,14,17,20,23,26,29,32,36,39,42,45,48,51,54,57,60,63,67,70,73,76,79,82,85,88,91,94,98,101,104,107,110,113,116,119,122,125,129,132,135,138,141,144,147,150,153,156,160,163,166,169,172,175,178,181,184,187,191,194,197,200,203,206,209,212,215,218,222,225,228,231,234,237,240,243,246,249,253,256,259,262,265,268,271,274,277,280,284,287,290,293,296,299,302,305,308,311,315
311,8,11,14,17,20,23,26,29,32,36,39,42,45,48,51,54,57,60,64,67,70,73,76,79,82,85,88,92,95,98,101,104,107,110,113,116,120,123,126,129,132,135,138,141,144,148,151,154,157,160,163,166,169,172,176,179,182,185,188,191,194,197,200,204,207,210,213,216,219,222,225,228,232,235,238,241,244,247,250,253,256,260,263,266,269,272,275,278,281,284,288,291,294,297,300,303,306,309,312,316
312,8,11,14,17,20,23,26,29,33,36,39,42,45,48,51,54,58,61,64,67,70,73,76,79,83,86,89,92,95,98,101,104,107,111,114,117,120,123,126,129,132,136,139,142,145,148,151,154,157,161,164,167,170,173,176,179,182,185,189,192,195,198,201,204,207,210,214,217,220,223,226,229,232,235,239,242,245,248,251,254,257,260,263,267,270,273,276,279,282,285,288,292,295,298,301,304,307,310,313,317
313,8,11,14,17,20,23,26,30,33,36,39,42,45,48,51,55,58,61,64,67,70,73,76,80,83,86,89,92,95,98,102,105,108,111,114,117,120,123,127,130,133,136,139,142,145,148,152,155,158,161,164,167,170,174,177,180,183,186,189,192,195,199,202,205,208,211,214,217,220,224,227,230,233,236,239,242,246,249,252,255,258,261,264,267,271,274,277,280,283,286,289,292,296,299,302,305,308,311,314,318
314,8,11,14,17,20,23,26,30,33,36,39,42,45,48,52,55,58,61,64,67,70,74,77,80,83,86,89,92,96,99,102,105,108,111,114,118,121,124,127,130,133,136,140,143,146,149,152,155,158,162,165,168,171,174,177,180,183,187,190,193,196,199,202,205,209,212,215,218,221,224,227,231,234,237,240,243,246,249,253,256,259,262,265,268,271,275,278,281,284,287,290,293,297,300,303,306,309,312,315,319
315,8,11,14,17,20,23,27,30,33,36,39,42,45,49,52,55,58,61,64,68,71,74,77,80,83,86,90,93,96,99,102,105,108,112,115,118,121,124,127,131,134,137,140,143,146,149,153,156,159,162,165,168,171,175,178,181,184,187,190,194,197,200,203,206,209,212,216,219,222,225,228,231,234,238,241,244,247,250,253,257,260,263,266,269,272,275,279,282,285,288,291,294,297,301,304,307,310,313,316,320
316,8,11,14,17,20,23,27,30,33,36,39,42,46,49,52,55,58,61,65,68,71,74,77,80,84,87,90,93,96,99,102,106,109,112,115,118,121,125,128,131,134,137,140,144,147,150,153,156,159,163,166,169,172,175,178,181,185,188,191,194,197,200,204,207,210,213,216,219,223,226,229,232,235,238,242,245,248,251,254,257,260,264,267,270,273,276,279,283,286,289,292,295,298,302,305,308,311,314,317,321
317,8,11,14,17,20,24,27,30,33,36,39,43,46,49,52,55,58,62,65,68,71,74,77,81,84,87,90,93,96,100,103,106,109,112,115,119,122,125,128,131,134,138,141,144,147,150,153,157,160,163,166,169,173,176,179,182,185,188,192,195,198,201,204,207,211,214,217,220,223,226,230,233,236,239,242,245,249,252,255,258,261,264,268,271,274,277,280,283,287,290,293,296,299,302,306,309,312,315,318,322
318,8,11,14,17,20,24,27,30,33,36,39,43,46,49,52,55,59,62,65,68,71,74,78,81,84,87,90,94,97,100,103,106,109,113,116,119,122,125,129,132,135,138,141,144,148,151,154,157,160,164,167,170,173,176,179,183,186,189,192,195,198,202,205,208,211,214,218,221,224,227,230,233,237,240,243,246,249,253,256,259,262,265,268,272,275,278,281,284,288,291,294,297,300,303,307,310,313,316,319,323
319,8,11,14,17,20,24,27,30,33,36,40,43,46,49,52,56,59,62,65,68,71,75,78,81,84,87,91,94,97,100,103,107,110,113,116,119,123,126,129,132,135,138,142,145,148,151,154,158,161,164,167,170,174,177,180,183,186,190,193,196,199,202,205,209,212,215,218,221,225,228,231,234,237,241,244,247,250,253,257,260,263,266,269,272,276,279,282,285,288,292,295,298,301,304,308,311,314,317,320,324
320,8,11,14,17,21,24,27,30,33,37,40,43,46,49,53,56,59,62,65,69,72,75,78,81,85,88,91,94,97,101,104,107,110,113,117,120,123,126,129,133,136,139,142,145,149,152,155,158,161,165,168,171,174,177,181,184,187,190,193,197,200,203,206,209,213,216,219,222,225,229,232,235,238,241,245,248,251,254,257,261,264,267,270,273,277,280,283,286,289,293,296,299,302,305,309,312,315,318,321,325
321,8,11,14,17,21,24,27,30,33,37,40,43,46,49,53,56,59,62,65,69,72,75,78,82,85,88,91,94,98,101,104,107,110,114,117,120,123,126,130,133,136,139,143,146,149,152,155,159,162,165,168,171,175,178,181,184,187,191,194,197,200,204,207,210,213,216,220,223,226,229,232,236,239,242,245,248,252,255,258,261,265,268,271,274,277,281,284,287,290,293,297,300,303,306,309,313,316,319,322,326
322,8,11,14,17,21,24,27,30,33,37,40,43,46,50,53,56,59,62,66,69,72,75,79,82,85,88,91,95,98,101,104,108,111,114,117,120,124,127,130,133,137,140,143,146,149,153,156,159,162,166,169,172,175,178,182,185,188,191,194,198,201,204,207,211,214,217,220,223,227,230,233,236,240,243,246,249,252,256,259,262,265,269,272,275,278,281,285,288,291,294,298,301,304,307,310,314,317,320,323,327
323,8,11,14,17,21,24,27,30,34,37,40,43,46,50,53,56,59,63,66,69,72,76,79,82,85,88,92,95,98,101,105,108,111,114,118,121,124,127,130,134,137,140,143,147,150,153,156,160,163,166,169,172,176,179,182,185,189,192,195,198,202,205,208,211,214,218,221,224,227,231,234,237,240,244,247,250,253,256,260,263,266,269,273,276,279,282,286,289,292,295,298,302,305,308,311,315,318,321,324,328
324,8,11,14,17,21,24,27,30,34,37,40,43,47,50,53,56,60,63,66,69,73,76,79,82,86,89,92,95,98,102,105,108,111,115,118,121,124,128,131,134,137,141,144,147,150,154,157,160,163,167,170,173,176,179,183,186,189,192,196,199,202,205,209,212,215,218,222,225,228,231,235,238,241,244,248,251,254,257,260,264,267,270,273,277,280,283,286,290,293,296,299,303,306,309,312,316,319,322,325,329
325,8,11,14,18,21,24,27,31,34,37,40,44,47,50,53,57,60,63,66,70,73,76,79,83,86,89,92,96,99,102,105,109,112,115,118,122,125,128,131,135,138,141,144,148,151,154,157,161,164,167,170,174,177,180,183,187,190,193,196,200,203,206,209,213,216,219,222,226,229,232,235,239,242,245,248,252,255,258,261,265,268,271,274,278,281,284,287,291,294,297,300,304,307,310,313,317,320,323,326,330
326,8,11,14,18,21,24,27,31,34,37,40,44,47,50,53,57,60,63,66,70,73,76,79,83,86,89,93,96,99,102,106,109,112,115,119,122,125,128,132,135,138,141,145,148,151,154,158,161,164,168,171,174,177,181,184,187,190,194,197,200,203,207,210,213,216,220,223,226,229,233,236,239,242,246,249,252,256,259,262,265,269,272,275,278,282,285,288,291,295,298,301,304,308,311,314,317,321,324,327,331
327,8,11,14,18,21,24,27,31,34,37,40,44,47,50,54,57,60,63,67,70,73,76,80,83,86,90,93,96,99,103,106,109,112,116,119,122,125,129,132,135,139,142,145,148,152,155,158,161,165,168,171,175,178,181,184,188,191,194,197,201,204,207,211,214,217,220,224,227,230,233,237,240,243,246,250,253,256,260,263,266,269,273,276,279,282,286,289,292,296,299,302,305,309,312,315,318,322,325,328,332
328,8,11,14,18,21,24,27,31,34,37,41,44,47,50,54,57,60,64,67,70,73,77,80,83,87,90,93,96,100,103,106,109,113,116,119,123,126,129,132,136,139,142,146,149,152,155,159,162,165,169,172,175,178,182,185,188,191,195,198,201,205,208,211,214,218,221,224,228,231,234,237,241,244,247,251,254,257,260,264,267,270,273,277,280,283,287,290,293,296,300,303,306,310,313,316,319,323,326,329,333
329,8,11,14,18,21,24,28,31,34,37,41,44,47,51,54,57,60,64,67,70,74,77,80,83,87,90,93,97,100,103,106,110,113,116,120,123,126,130,133,136,139,143,146,149,153,156,159,162,166,169,172,176,179,182,185,189,192,195,199,202,205,208,212,215,218,222,225,228,232,235,238,241,245,248,251,255,258,261,264,268,271,274,278,281,284,287,291,294,297,301,304,307,310,314,317,320,324,327,330,334
330,8,11,14,18,21,24,28,31,34,38,41,44,47,51,54,57,61,64,67,71,74,77,80,84,87,90,94,97,100,104,107,110,113,117,120,123,127,130,133,137,140,143,146,150,153,156,160,163,166,170,173,176,179,183,186,189,193,196,199,203,206,209,212,216,219,222,226,229,232,236,239,242,245,249,252,255,259,262,265,269,272,275,278,282,285,288,292,295,298,302,305,308,311,315,318,321,325,328,331,335
331,8,11,14,18,21,24,28,31,34,38,41,44,48,51,54,57,61,64,67,71,74,77,81,84,87,91,94,97,100,104,107,110,114,117,120,124,127,130,134,137,140,144,147,150,153,157,160,163,167,170,173,177,180,183,187,190,193,196,200,203,206,210,213,216,220,223,226,230,233,236,240,243,246,249,253,256,259,263,266,269,273,276,279,283,286,289,292,296,299,302,306,309,312,316,319,322,326,329,332,336
332,8,11,14,18,21,24,28,31,34,38,41,44,48,51,54,58,61,64,68,71,74,78,81,84,88,91,94,97,101,104,107,111,114,117,121,124,127,131,134,137,141,144,147,151,154,157,161,164,167,171,174,177,180,184,187,190,194,197,200,204,207,210,214,217,220,224,227,230,234,237,240,244,247,250,254,257,260,263,267,270,273,277,280,283,287,290,293,297,300,303,307,310,313,317,320,323,327,330,333,337
333,8,11,14,18,21,24,28,31,34,38,41,44,48,51,54,58,61,64,68,71,74,78,81,84,88,91,94,98,101,104,108,111,114,118,121,124,128,131,134,138,141,144,148,151,154,158,161,164,168,171,174,178,181,184,188,191,194,198,201,204,208,211,214,218,221,224,228,231,234,238,241,244,248,251,254,258,261,264,268,271,274,278,281,284,288,291,294,298,301,304,308,311,314,318,321,324,328,331,334,338
334,8,11,15,18,21,25,28,31,35,38,41,45,48,51,55,58,61,65,68,71,75,78,81,85,88,91,95,98,101,105,108,111,115,118,121,125,128,131,135,138,141,145,148,151,155,158,161,165,168,172,175,178,182,185,188,192,195,198,202,205,208,212,215,218,222,225,228,232,235,238,242,245,248,252,255,258,262,265,268,272,275,278,282,285,288,292,295,298,302,305,308,312,315,318,322,325,328,332,335,339
335,8,11,15,18,21,25,28,31,35,38,41,45,48,51,55,58,61,65,68,72,75,78,82,85,88,92,95,98,102,105,108,112,115,118,122,125,128,132,135,139,142,145,149,152,155,159,162,165,169,172,175,179,182,185,189,192,195,199,202,206,209,212,216,219,222,226,229,232,236,239,242,246,249,252,256,259,262,266,269,273,276,279,283,286,289,293,296,299,303,306,309,313,316,319,323,326,329,333,336,340
336,8,11,15,18,21,25,28,31,35,38,41,45,48,52,55,58,62,65,68,72,75,78,82,85,89,92,95,99,102,105,109,112,115,119,122,125,129,132,136,139,142,146,149,152,156,159,162,166,169,173,176,179,183,186,189,193,196,199,203,206,209,213,216,220,223,226,230,233,236,240,243,246,250,253,257,260,263,267,270,273,277,280,283,287,290,293,297,300,304,307,310,314,317,320,324,327,330,334,337,341
337,8,11,15,18,21,25,28,31,35,38,42,45,48,52,55,58,62,65,69,72,75,79,82,85,89,92,95,99,102,106,109,112,116,119,122,126,129,133,136,139,143,146,149,153,156,160,163,166,170,173,176,180,183,186,190,193,197,200,203,207,210,213,217,220,224,227,230,234,237,240,244,247,251,254,257,261,264,267,271,274,277,281,284,288,291,294,298,301,304,308,311,315,318,321,325,328,331,335,338,342
338,8,11,15,18,21,25,28,32,35,38,42,45,48,52,55,59,62,65,69,72,75,79,82,86,89,92,96,99,103,106,109,113,116,119,123,126,130,133,136,140,143,146,150,153,157,160,163,167,170,174,177,180,184,187,190,194,197,201,204,207,211,214,217,221,224,228,231,234,238,241,244,248,251,255,258,261,265,268,272,275,278,282,285,288,292,295,299,302,305,309,312,315,319,322,326,329,332,336,339,343
339,8,11,15,18,21,25,28,32,35,38,42,45,49,52,55,59,62,66,69,72,76,79,82,86,89,93,96,99,103,106,110,113,116,120,123,127,130,133,137,140,143,147,150,154,157,160,164,167,171,174,177,181,184,188,191,194,198,201,205,208,211,215,218,221,225,228,232,235,238,242,245,249,252,255,259,262,266,269,272,276,279,282,286,289,293,296,299,303,306,310,313,316,320,323,327,330,333,337,340,344
340,8,11,15,18,22,25,28,32,35,39,42,45,49,52,56,59,62,66,69,73,76,79,83,86,90,93,96,100,103,107,110,113,117,120,124,127,130,134,137,141,144,147,151,154,158,161,164,168,171,175,178,181,185,188,192,195,198,202,205,209,212,215,219,222,226,229,232,236,239,243,246,249,253,256,260,263,266,270,273,277,280,283,287,290,294,297,300,304,307,311,314,317,321,324,328,331,334,338,341,345
341,8,11,15,18,22,25,28,32,35,39,42,45,49,52,56,59,62,66,69,73,76,80,83,86,90,93,97,100,103,107,110,114,117,120,124,127,131,134,137,141,144,148,151,155,158,161,165,168,172,175,178,182,185,189,192,195,199,202,206,209,213,216,219,223,226,230,233,236,240,243,247,250,253,257,260,264,267,270,274,277,281,284,288,291,294,298,301,305,308,311,315,318,322,325,328,332,335,339,342,346
342,8,11,15,18,22,25,28,32,35,39,42,46,49,52,56,59,63,66,69,73,76,80,83,87,90,93,97,100,104,107,111,114,117,121,124,128,131,134,138,141,145,148,152,155,158,162,165,169,172,176,179,182,186,189,193,196,199,203,206,210,213,217,220,223,227,230,234,237,240,244,247,251,254,258,261,264,268,271,275,278,282,285,288,292,295,299,302,305,309,312,316,319,323,326,329,333,336,340,343,347
343,8,11,15,18,22,25,29,32,35,39,42,46,49,53,56,59,63,66,70,73,77,80,83,87,90,94,97,101,104,107,111,114,118,121,125,128,131,135,138,142,145,149,152,155,159,162,166,169,173,176,179,183,186,190,193,197,200,203,207,210,214,217,221,224,227,231,234,238,241,245,248,251,255,258,262,265,269,272,275,279,282,286,289,293,296,299,303,306,310,313,317,320,323,327,330,334,337,341,344,348
344,8,11,15,18,22,25,29,32,35,39,42,46,49,53,56,60,63,66,70,73,77,80,84,87,91,94,97,101,104,108,111,115,118,121,125,128,132,135,139,142,146,149,152,156,159,163,166,170,173,177,180,183,187,190,194,197,201,204,207,211,214,218,221,225,228,232,235,238,242,245,249,252,256,259,263,266,269,273,276,280,283,287,290,293,297,300,304,307,311,314,318,321,324,328,331,335,338,342,345,349
345,8,11,15,18,22,25,29,32,36,39,42,46,49,53,56,60,63,67,70,74,77,80,84,87,91,94,98,101,105,108,111,115,118,122,125,129,132,136,139,143,146,149,153,156,160,163,167,170,174,177,180,184,187,191,194,198,201,205,208,212,215,218,222,225,229,232,236,239,243,246,249,253,256,260,263,267,270,274,277,281,284,287,291,294,298,301,305,308,312,315,318,322,325,329,332,336,339,343,346,350
346,8,11,15,18,22,25,29,32,36,39,43,46,49,53,56,60,63,67,70,74,77,81,84,88,91,94,98,101,105,108,112,115,119,122,126,129,133,136,139,143,146,150,153,157,160,164,167,171,174,178,181,184,188,191,195,198,202,205,209,212,216,219,222,226,229,233,236,240,243,247,250,254,257,261,264,267,271,274,278,281,285,288,292,295,299,302,306,309,312,316,319,323,326,330,333,337,340,344,347,351
347,8,11,15,18,22,25,29,32,36,39,43,46,50,53,57,60,63,67,70,74,77,81,84,88,91,95,98,102,105,109,112,116,119,122,126,129,133,136,140,143,147,150,154,157,161,164,168,171,175,178,181,185,188,192,195,199,202,206,209,213,216,220,223,227,230,234,237,240,244,247,251,254,258,261,265,268,272,275,279,282,286,289,293,296,299,303,306,310,313,317,320,324,327,331,334,338,341,345,348,352
348,8,11,15,18,22,25,29,32,36,39,43,46,50,53,57,60,64,67,71,74,78,81,85,88,92,95,98,102,105,109,112,116,119,123,126,130,133,137,140,144,147,151,154,158,161,165,168,172,175,179,182,185,189,192,196,199,203,206,210,213,217,220,224,227,231,234,238,241,245,248,252,255,259,262,266,269,272,276,279,283,286,290,293,297,300,304,307,311,314,318,321,325,328,332,335,339,342,346,349,353
349,8,11,15,18,22,25,29,32,36,39,43,46,50,53,57,60,64,67,71,74,78,81,85,88,92,95,99,102,106,109,113,116,120,123,127,130,134,137,141,144,148,151,155,158,162,165,169,172,176,179,182,186,189,193,196,200,203,207,210,214,217,221,224,228,231,235,238,242,245,249,252,256,259,263,266,270,273,277,280,284,287,291,294,298,301,305,308,312,315,319,322,326,329,333,336,340,343,347,350,354
350,8,12,15,19,22,26,29,33,36,40,43,47,50,54,57,61,64,68,71,75,78,82,85,89,92,96,99,103,106,110,113,117,120,124,127,131,134,138,141,145,148,152,155,159,162,166,169,173,176,180,183,187,190,194,197,201,204,208,211,215,218,222,225,229,232,236,239,243,246,250,253,257,260,264,267,271,274,278,281,285,288,292,295,299,302,306,309,313,316,320,323,327,330,334,337,341,344,348,351,355
351,8,12,15,19,22,26,29,33,36,40,43,47,50,54,57,61,64,68,71,75,78,82,85,89,92,96,99,103,106,110,113,117,120,124,127,131,134,138,141,145,148,152,155,159,162,166,169,173,176,180,184,187,191,194,198,201,205,208,212,215,219,222,226,229,233,236,240,243,247,250,254,257,261,264,268,271,275,278,282,285,289,292,296,299,303,306,310,313,317,320,324,327,331,334,338,341,345,348,352,356
352,8,12,15,19,22,26,29,33,36,40,43,47,50,54,57,61,64,68,71,75,78,82,85,89,93,96,100,103,107,110,114,117,121,124,128,131,135,138,142,145,149,152,156,159,163,166,170,173,177,181,184,188,191,195,198,202,205,209,212,216,219,223,226,230,233,237,240,244,247,251,254,258,261,265,269,272,276,279,283,286,290,293,297,300,304,307,311,314,318,321,325,328,332,335,339,342,346,349,353,357
353,8,12,15,19,22,26,29,33,36,40,43,47,50,54,57,61,65,68,72,75,79,82,86,89,93,96,100,103,107,110,114,117,121,125,128,132,135,139,142,146,149,153,156,160,163,167,170,174,177,181,185,188,192,195,199,202,206,209,213,216,220,223,227,230,234,237,241,245,248,252,255,259,262,266,269,273,276,280,283,287,290,294,297,301,305,308,312,315,319,322,326,329,333,336,340,343,347,350,354,358
354,8,12,15,19,22,26,29,33,36,40,43,47,51,54,58,61,65,68,72,75,79,82,86,89,93,97,100,104,107,111,114,118,121,125,128,132,135,139,143,146,150,153,157,160,164,167,171,174,178,182,185,189,192,196,199,203,206,210,213,217,220,224,228,231,235,238,242,245,249,252,256,259,263,266,270,274,277,281,284,288,291,295,298,302,305,309,312,316,320,323,327,330,334,337,341,344,348,351,355,359
355,8,12,15,19,22,26,29,33,36,40,44,47,51,54,58,61,65,68,72,76,79,83,86,90,93,97,100,104,107,111,115,118,122,125,129,132,136,139,143,147,150,154,157,161,164,168,171,175,178,182,186,189,193,196,200,203,207,210,214,218,221,225,228,232,235,239,242,246,249,253,257,260,264,267,271,274,278,281,285,289,292,296,299,303,306,310,313,317,320,324,328,331,335,338,342,345,349,352,356,360
356,8,12,15,19,22,26,29,33,37,40,44,47,51,54,58,61,65,69,72,76,79,83,86,90,94,97,101,104,108,111,115,118,122,126,129,133,136,140,143,147,150,154,158,161,165,168,172,175,179,183,186,190,193,197,200,204,207,211,215,218,222,225,229,232,236,239,243,247,250,254,257,261,264,268,272,275,279,282,286,289,293,296,300,304,307,311,314,318,321,325,328,332,336,339,343,346,350,353,357,361
357,8,12,15,19,22,26,29,33,37,40,44,47,51,54,58,62,65,69,72,76,79,83,87,90,94,97,101,104,108,112,115,119,122,126,129,133,137,140,144,147,151,154,158,162,165,169,172,176,179,183,187,190,194,197,201,204,208,212,215,219,222,226,229,233,237,240,244,247,251,254,258,262,265,269,272,276,279,283,287,290,294,297,301,304,308,312,315,319,322,326,329,333,337,340,344,347,351,354,358,362
358,8,12,15,19,22,26,30,33,37,40,44,47,51,55,58,62,65,69,73,76,80,83,87,90,94,98,101,105,108,112,115,119,123,126,130,133,137,141,144,148,151,155,158,162,166,169,173,176,180,184,187,191,194,198,201,205,209,212,216,219,223,226,230,234,237,241,244,248,252,255,259,262,266,269,273,277,280,284,287,291,294,298,302,305,309,312,316,320,323,327,330,334,337,341,345,348,352,355,359,363
359,8,12,15,19,22,26,30,33,37,40,44,48,51,55,58,62,66,69,73,76,80,83,87,91,94,98,101,105,109,112,116,119,123,127,130,134,137,141,145,148,152,155,159,162,166,170,173,177,180,184,188,191,195,198,202,206,209,213,216,220,223,227,231,234,238,241,245,249,252,256,259,263,267,270,274,277,281,285,288,292,295,299,302,306,310,313,317,320,324,328,331,335,338,342,346,349,353,356,360,364
360,8,12,15,19,23,26,30,33,37,41,44,48,51,55,59,62,66,69,73,77,80,84,87,91,95,98,102,105,109,113,116,120,123,127,131,134,138,141,145,149,152,156,159,163,167,170,174,177,181,185,188,192,195,199,203,206,210,213,217,221,224,228,231,235,239,242,246,249,253,257,260,264,267,271,275,278,282,285,289,293,296,300,303,307,311,314,318,321,325,329,332,336,339,343,347,350,354,357,361,365
361,8,12,15,19,23,26,30,33,37,41,44,48,51,55,59,62,66,69,73,77,80,84,88,91,95,98,102,106,109,113,116,120,124,127,131,134,138,142,145,149,153,156,160,163,167,171,174,178,181,185,189,192,196,199,203,207,210,214,217,221,225,228,232,236,239,243,246,250,254,257,261,264,268,272,275,279,282,286,290,293,297,301,304,308,311,315,319,322,326,329,333,337,340,344,347,351,355,358,362,366
362,8,12,15,19,23,26,30,33,37,41,44,48,52,55,59,62,66,70,73,77,81,84,88,91,95,99,102,106,109,113,117,120,124,128,131,135,138,142,146,149,153,157,160,164,167,171,175,178,182,186,189,193,196,200,204,207,211,214,218,222,225,229,233,236,240,243,247,251,254,258,262,265,269,272,276,280,283,287,290,294,298,301,305,309,312,316,319,323,327,330,334,338,341,345,348,352,356,359,363,367
363,8,12,15,19,23,26,30,34,37,41,44,48,52,55,59,63,66,70,73,77,81,84,88,92,95,99,103,106,110,113,117,121,124,128,132,135,139,142,146,150,153,157,161,164,168,171,175,179,182,186,190,193,197,201,204,208,211,215,219,222,226,230,233,237,240,244,248,251,255,259,262,266,269,273,277,280,284,288,291,295,299,302,306,309,313,317,320,324,328,331,335,338,342,346,349,353,357,360,364,368
364,8,12,15,19,23,26,30,34,37,41,45,48,52,55,59,63,66,70,74,77,81,85,88,92,96,99,103,106,110,114,117,121,125,128,132,136,139,143,146,150,154,157,161,165,168,172,176,179,183,187,190,194,197,201,205,208,212,216,219,223,227,230,234,237,241,245,248,252,256,259,263,267,270,274,278,281,285,288,292,296,299,303,307,310,314,318,321,325,328,332,336,339,343,347,350,354,358,361,365,369
365,8,12,15,19,23,26,30,34,37,41,45,48,52,56,59,63,67,70,74,78,81,85,88,92,96,99,103,107,110,114,118,121,125,129,132,136,140,143,147,151,154,158,161,165,169,172,176,180,183,187,191,194,198,202,205,209,213,216,220,224,227,231,234,238,242,245,249,253,256,260,264,267,271,275,278,282,286,289,293,297,300,304,307,311,315,318,322,326,329,333,337,340,344,348,351,355,359,362,366,370
366,8,12,15,19,23,26,30,34,37,41,45,48,52,56,59,63,67,70,74,78,81,85,89,92,96,100,103,107,111,114,118,122,125,129,133,136,140,144,147,151,155,158,162,166,169,173,177,180,184,188,191,195,198,202,206,209,213,217,220,224,228,231,235,239,242,246,250,253,257,261,264,268,272,275,279,283,286,290,294,297,301,305,308,312,316,319,323,327,330,334,338,341,345,349,352,356,360,363,367,371
367,8,12,16,19,23,27,30,34,38,41,45,49,52,56,60,63,67,71,74,78,82,85,89,93,96,100,104,107,111,115,118,122,126,129,133,137,140,144,148,151,155,159,162,166,170,173,177,181,184,188,192,195,199,203,206,210,214,217,221,225,228,232,236,239,243,247,250,254,258,261,265,269,272,276,280,283,287,291,294,298,302,305,309,313,316,320,324,327,331,335,338,342,346,349,353,357,360,364,368,372
368,8,12,16,19,23,27,30,34,38,41,45,49,52,56,60,63,67,71,74,78,82,85,89,93,97,100,104,108,111,115,119,122,126,130,133,137,141,144,148,152,155,159,163,166,170,174,177,181,185,189,192,196,200,203,207,211,214,218,222,225,229,233,236,240,244,247,251,255,258,262,266,269,273,277,281,284,288,292,295,299,303,306,310,314,317,321,325,328,332,336,339,343,347,350,354,358,361,365,369,373
369,8,12,16,19,23,27,30,34,38,41,45,49,52,56,60,64,67,71,75,78,82,86,89,93,97,100,104,108,112,115,119,123,126,130,134,137,141,145,148,152,156,159,163,167,171,174,178,182,185,189,193,196,200,204,207,211,215,219,222,226,230,233,237,241,244,248,252,255,259,263,266,270,274,278,281,285,289,292,296,300,303,307,311,314,318,322,326,329,333,337,340,344,348,351,355,359,362,366,370,374
370,8,12,16,19,23,27,30,34,38,42,45,49,53,56,60,64,67,71,75,79,82,86,90,93,97,101,104,108,112,116,119,123,127,130,134,138,141,145,149,153,156,160,164,167,171,175,178,182,186,190,193,197,201,204,208,212,215,219,223,227,230,234,238,241,245,249,252,256,260,264,267,271,275,278,282,286,289,293,297,301,304,308,312,315,319,323,326,330,334,338,341,345,349,352,356,360,363,367,371,375
371,8,12,16,19,23,27,30,34,38,42,45,49,53,56,60,64,68,71,75,79,82,86,90,94,97,101,105,108,112,116,120,123,127,131,134,138,142,145,149,153,157,160,164,168,171,175,179,183,186,190,194,197,201,205,209,212,216,220,223,227,231,235,238,242,246,249,253,257,260,264,268,272,275,279,283,286,290,294,298,301,305,309,312,316,320,324,327,331,335,338,342,346,350,353,357,361,364,368,372,376
372,8,12,16,19,23,27,31,34,38,42,45,49,53,57,60,64,68,71,75,79,83,86,90,94,98,101,105,109,112,116,120,124,127,131,135,138,142,146,150,153,157,161,164,168,172,176,179,183,187,191,194,198,202,205,209,213,217,220,224,228,231,235,239,243,246,250,254,257,261,265,269,272,276,280,284,287,291,295,298,302,306,310,313,317,321,324,328,332,336,339,343,347,350,354,358,362,365,369,373,377
373,8,12,16,19,23,27,31,34,38,42,46,49,53,57,60,64,68,72,75,79,83,87,90,94,98,101,105,109,113,116,120,124,128,131,135,139,143,146,150,154,157,161,165,169,172,176,180,184,187,191,195,198,202,206,210,213,217,221,225,228,232,236,239,243,247,251,254,258,262,266,269,273,277,281,284,288,292,295,299,303,307,310,314,318,322,325,329,333,336,340,344,348,351,355,359,363,366,370,374,378
374,8,12,16,19,23,27,31,34,38,42,46,49,53,57,61,64,68,72,76,79,83,87,91,94,98,102,105,109,113,117,120,124,128,132,135,139,143,147,150,154,158,162,165,169,173,177,180,184,188,192,195,199,203,206,210,214,218,221,225,229,233,236,240,244,248,251,255,259,263,266,270,274,278,281,285,289,292,296,300,304,307,311,315,319,322,326,330,334,337,341,345,349,352,356,360,364,367,371,375,379
375,8,12,16,20,23,27,31,35,38,42,46,50,53,57,61,65,68,72,76,80,83,87,91,95,98,102,106,110,113,117,121,125,128,132,136,140,143,147,151,155,158,162,166,170,173,177,181,185,188,192,196,200,203,207,211,215,218,222,226,230,233,237,241,245,248,252,256,260,263,267,271,275,278,282,286,290,293,297,301,305,308,312,316,320,323,327,331,335,338,342,346,350,353,357,361,365,368,372,376,380
376,8,12,16,20,23,27,31,35,38,42,46,50,53,57,61,65,68,72,76,80,83,87,91,95,99,102,106,110,114,117,121,125,129,132,136,140,144,147,151,155,159,162,166,170,174,177,181,185,189,193,196,200,204,208,211,215,219,223,226,230,234,238,241,245,249,253,256,260,264,268,271,275,279,283,287,290,294,298,302,305,309,313,317,320,324,328,332,335,339,343,347,350,354,358,362,365,369,373,377,381
377,8,12,16,20,23,27,31,35,38,42,46,50,54,57,61,65,69,72,76,80,84,87,91,95,99,103,106,110,114,118,121,125,129,133,136,140,144,148,152,155,159,163,167,170,174,178,182,185,189,193,197,201,204,208,212,216,219,223,227,231,234,238,242,246,250,253,257,261,265,268,272,276,280,283,287,291,295,299,302,306,310,314,317,321,325,329,332,336,340,344,348,351,355,359,363,366,370,374,378,382
378,8,12,16,20,23,27,31,35,39,42,46,50,54,57,61,65,69,73,76,80,84,88,91,95,99,103,107,110,114,118,122,125,129,133,137,141,144,148,152,156,159,163,167,171,175,178,182,186,190,194,197,201,205,209,212,216,220,224,228,231,235,239,243,246,250,254,258,262,265,269,273,277,280,284,288,292,296,299,303,307,311,314,318,322,326,330,333,337,341,345,348,352,356,360,364,367,371,375,379,383
379,8,12,16,20,23,27,31,35,39,42,46,50,54,58,61,65,69,73,77,80,84,88,92,95,99,103,107,111,114,118,122,126,130,133,137,141,145,149,152,156,160,164,167,171,175,179,183,186,190,194,198,202,205,209,213,217,221,224,228,232,236,239,243,247,251,255,258,262,266,270,274,277,281,285,289,293,296,300,304,308,311,315,319,323,327,330,334,338,342,346,349,353,357,361,365,368,372,376,380,384
380,8,12,16,20,24,27,31,35,39,43,46,50,54,58,62,65,69,73,77,81,84,88,92,96,100,103,107,111,115,119,122,126,130,134,138,141,145,149,153,157,160,164,168,172,176,179,183,187,191,195,198,202,206,210,214,217,221,225,229,233,236,240,244,248,252,255,259,263,267,271,274,278,282,286,290,293,297,301,305,309,312,316,320,324,328,331,335,339,343,347,350,354,358,362,366,369,373,377,381,385
381,8,12,16,20,24,27,31,35,39,43,46,50,54,58,62,65,69,73,77,81,85,88,92,96,100,104,107,111,115,119,123,126,130,134,138,142,145,149,153,157,161,165,168,172,176,180,184,187,191,195,199,203,206,210,214,218,222,225,229,233,237,241,245,248,252,256,260,264,267,271,275,279,283,286,290,294,298,302,305,309,313,317,321,325,328,332,336,340,344,347,351,355,359,363,366,370,374,378,382,386
382,8,12,16,20,24,27,31,35,39,43,47,50,54,58,62,66,69,73,77,81,85,89,92,96,100,104,108,111,115,119,123,127,131,134,138,142,146,150,153,157,161,165,169,173,176,180,184,188,192,196,199,203,207,211,215,218,222,226,230,234,238,241,245,249,253,257,260,264,268,272,276,280,283,287,291,295,299,302,306,310,314,318,322,325,329,333,337,341,344,348,352,356,360,364,367,371,375,379,383,387
383,8,12,16,20,24,27,31,35,39,43,47,50,54,58,62,66,70,73,77,81,85,89,93,96,100,104,108,112,116,119,123,127,131,135,139,142,146,150,154,158,162,165,169,173,177,181,185,188,192,196,200,204,207,211,215,219,223,227,230,234,238,242,246,250,253,257,261,265,269,273,276,280,284,288,292,296,299,303,307,311,315,319,322,326,330,334,338,342,345,349,353,357,361,365,368,372,376,380,384,388
384,8,12,16,20,24,28,31,35,39,43,47,51,54,58,62,66,70,74,77,81,85,89,93,97,101,104,108,112,116,120,124,127,131,135,139,143,147,150,154,158,162,166,170,173,177,181,185,189,193,197,200,204,208,212,216,220,223,227,231,235,239,243,246,250,254,258,262,266,269,273,277,281,285,289,293,296,300,304,308,312,316,319,323,327,331,335,339,342,346,350,354,358,362,365,369,373,377,381,385,389
385,8,12,16,20,24,28,31,35,39,43,47,51,55,58,62,66,70,74,78,82,85,89,93,97,101,105,108,112,116,120,124,128,132,135,139,143,147,151,155,159,162,166,170,174,178,182,185,189,193,197,201,205,209,212,216,220,224,228,232,236,239,243,247,251,255,259,262,266,270,274,278,282,286,289,293,297,301,305,309,313,316,320,324,328,332,336,339,343,347,351,355,359,363,366,370,374,378,382,386,390
386,8,12,16,20,24,28,32,35,39,43,47,51,55,59,62,66,70,74,78,82,86,89,93,97,101,105,109,113,116,120,124,128,132,136,140,143,147,151,155,159,163,167,170,174,178,182,186,190,194,198,201,205,209,213,217,221,225,228,232,236,240,244,248,252,255,259,263,267,271,275,279,282,286,290,294,298,302,306,309,313,317,321,325,329,333,336,340,344,348,352,356,360,363,367,371,375,379,383,387,391
387,8,12,16,20,24,28,32,35,39,43,47,51,55,59,63,66,70,74,78,82,86,90,94,97,101,105,109,113,117,121,124,128,132,136,140,144,148,152,155,159,163,167,171,175,179,183,186,190,194,198,202,206,210,213,217,221,225,229,233,237,241,244,248,252,256,260,264,268,272,275,279,283,287,291,295,299,302,306,310,314,318,322,326,330,333,337,341,345,349,353,357,361,364,368,372,376,380,384,388,392
388,8,12,16,20,24,28,32,36,39,43,47,51,55,59,63,67,70,74,78,82,86,90,94,98,102,105,109,113,117,121,125,129,133,136,140,144,148,152,156,160,164,167,171,175,179,183,187,191,195,199,202,206,210,214,218,222,226,230,233,237,241,245,249,253,257,261,264,268,272,276,280,284,288,292,296,299,303,307,311,315,319,323,327,330,334,338,342,346,350,354,358,361,365,369,373,377,381,385,389,393
389,8,12,16,20,24,28,32,36,40,43,47,51,55,59,63,67,71,75,78,82,86,90,94,98,102,106,110,113,117,121,125,129,133,137,141,145,148,152,156,160,164,168,172,176,180,183,187,191,195,199,203,207,211,215,218,222,226,230,234,238,242,246,250,253,257,261,265,269,273,277,281,285,288,292,296,300,304,308,312,316,320,323,327,331,335,339,343,347,351,355,358,362,366,370,374,378,382,386,390,394
390,8,12,16,20,24,28,32,36,40,44,47,51,55,59,63,67,71,75,79,83,86,90,94,98,102,106,110,114,118,122,125,129,133,137,141,145,149,153,157,161,164,168,172,176,180,184,188,192,196,200,203,207,211,215,219,223,227,231,235,239,242,246,250,254,258,262,266,270,274,278,281,285,289,293,297,301,305,309,313,317,320,324,328,332,336,340,344,348,352,356,359,363,367,371,375,379,383,387,391,395
391,8,12,16,20,24,28,32,36,40,44,48,51,55,59,63,67,71,75,79,83,87,91,94,98,102,106,110,114,118,122,126,130,134,137,141,145,149,153,157,161,165,169,173,177,180,184,188,192,196,200,204,208,212,216,220,223,227,231,235,239,243,247,251,255,259,263,266,270,274,278,282,286,290,294,298,302,306,309,313,317,321,325,329,333,337,341,345,349,352,356,360,364,368,372,376,380,384,388,392,396
392,8,12,16,20,24,28,32,36,40,44,48,52,55,59,63,67,71,75,79,83,87,91,95,99,103,106,110,114,118,122,126,130,134,138,142,146,150,153,157,161,165,169,173,177,181,185,189,193,197,201,204,208,212,216,220,224,228,232,236,240,244,248,251,255,259,263,267,271,275,279,283,287,291,295,299,302,306,310,314,318,322,326,330,334,338,342,346,349,353,357,361,365,369,373,377,381,385,389,393,397
393,8,12,16,20,24,28,32,36,40,44,48,52,56,60,63,67,71,75,79,83,87,91,95,99,103,107,111,115,118,122,126,130,134,138,142,146,150,154,158,162,166,170,173,177,181,185,189,193,197,201,205,209,213,217,221,225,229,232,236,240,244,248,252,256,260,264,268,272,276,280,284,287,291,295,299,303,307,311,315,319,323,327,331,335,339,342,346,350,354,358,362,366,370,374,378,382,386,390,394,398
394,8,12,16,20,24,28,32,36,40,44,48,52,56,60,64,68,71,75,79,83,87,91,95,99,103,107,111,115,119,123,127,131,135,138,142,146,150,154,158,162,166,170,174,178,182,186,190,194,198,202,205,209,213,217,221,225,229,233,237,241,245,249,253,257,261,265,268,272,276,280,284,288,292,296,300,304,308,312,316,320,324,328,332,335,339,343,347,351,355,359,363,367,371,375,379,383,387,391,395,399
395,8,12,16,20,24,28,32,36,40,44,48,52,56,60,64,68,72,76,80,84,87,91,95,99,103,107,111,115,119,123,127,131,135,139,143,147,151,155,159,163,166,170,174,178,182,186,190,194,198,202,206,210,214,218,222,226,230,234,238,242,245,249,253,257,261,265,269,273,277,281,285,289,293,297,301,305,309,313,317,321,324,328,332,336,340,344,348,352,356,360,364,368,372,376,380,384,388,392,396,400
396,8,12,16,20,24,28,32,36,40,44,48,52,56,60,64,68,72,76,80,84,88,92,96,100,104,107,111,115,119,123,127,131,135,139,143,147,151,155,159,163,167,171,175,179,183,187,191,195,199,203,206,210,214,218,222,226,230,234,238,242,246,250,254,258,262,266,270,274,278,282,286,290,294,298,302,305,309,313,317,321,325,329,333,337,341,345,349,353,357,361,365,369,373,377,381,385,389,393,397,401
397,8,12,16,20,24,28,32,36,40,44,48,52,56,60,64,68,72,76,80,84,88,92,96,100,104,108,112,116,120,124,128,132,136,139,143,147,151,155,159,163,167,171,175,179,183,187,191,195,199,203,207,211,215,219,223,227,231,235,239,243,247,251,255,259,263,267,270,274,278,282,286,290,294,298,302,306,310,314,318,322,326,330,334,338,342,346,350,354,358,362,366,370,374,378,382,386,390,394,398,402
398,8,12,16,20,24,28,32,36,40,44,48,52,56,60,64,68,72,76,80,84,88,92,96,100,104,108,112,116,120,124,128,132,136,140,144,148,152,156,160,164,168,172,176,180,184,188,192,196,200,204,207,211,215,219,223,227,231,235,239,243,247,251,255,259,263,267,271,275,279,283,287,291,295,299,303,307,311,315,319,323,327,331,335,339,343,347,351,355,359,363,367,371,375,379,383,387,391,395,399,403
399,8,12,16,20,24,28,32,36,40,44,48,52,56,60,64,68,72,76,80,84,88,92,96,100,104,108,112,116,120,124,128,132,136,140,144,148,152,156,160,164,168,172,176,180,184,188,192,196,200,204,208,212,216,220,224,228,232,236,240,244,248,252,256,260,264,268,272,276,280,284,288,292,296,300,304,308,312,316,320,324,328,332,336,340,344,348,352,356,360,364,368,372,376,380,384,388,392,396,400,404
400,9,13,17,21,25,29,33,37,41,45,49,53,57,61,65,69,73,77,81,85,89,93,97,101,105,109,113,117,121,125,129,133,137,141,145,149,153,157,161,165,169,173,177,181,185,189,193,197,201,205,209,213,217,221,225,229,233,237,241,245,249,253,257,261,265,269,273,277,281,285,289,293,297,301,305,309,313,317,321,325,329,333,337,341,345,349,353,357,361,365,369,373,377,381,385,389,393,397,401,405
401,9,13,17,21,25,29,33,37,41,45,49,53,57,61,65,69,73,77,81,85,89,93,97,101,105,109,113,117,121,125,129,133,137,141,145,149,153,157,161,165,169,173,177,181,185,189,193,197,201,205,209,213,217,221,225,229,233,237,241,245,249,253,257,261,265,269,273,277,281,285,289,293,297,301,305,309,313,317,321,325,329,333,337,341,345,349,353,357,361,365,369,373,377,381,385,389,393,397,401,406
402,9,13,17,21,25,29,33,37,41,45,49,53,57,61,65,69,73,77,81,85,89,93,97,101,105,109,113,117,121,125,129,133,137,141,145,149,153,157,161,165,169,173,177,181,185,189,193,197,201,206,210,214,218,222,226,230,234,238,242,246,250,254,258,262,266,270,274,278,282,286,290,294,298,302,306,310,314,318,322,326,330,334,338,342,346,350,354,358,362,366,370,374,378,382,386,390,394,398,402,407
403,9,13,17,21,25,29,33,37,41,45,49,53,57,61,65,69,73,77,81,85,89,93,97,101,105,109,113,117,121,125,129,133,137,142,146,150,154,158,162,166,170,174,178,182,186,190,194,198,202,206,210,214,218,222,226,230,234,238,242,246,250,254,258,262,266,270,275,279,283,287,291,295,299,303,307,311,315,319,323,327,331,335,339,343,347,351,355,359,363,367,371,375,379,383,387,391,395,399,403,408
404,9,13,17,21,25,29,33,37,41,45,49,53,57,61,65,69,73,77,81,85,89,93,97,101,106,110,114,118,122,126,130,134,138,142,146,150,154,158,162,166,170,174,178,182,186,190,194,198,202,207,211,215,219,223,227,231,235,239,243,247,251,255,259,263,267,271,275,279,283,287,291,295,299,303,308,312,316,320,324,328,332,336,340,344,348,352,356,360,364,368,372,376,380,384,388,392,396,400,404,409
405,9,13,17,21,25,29,33,37,41,45,49,53,57,61,65,69,73,77,81,86,90,94,98,102,106,110,114,118,122,126,130,134,138,142,146,150,154,158,162,167,171,175,179,183,187,191,195,199,203,207,211,215,219,223,227,231,235,239,243,248,252,256,260,264,268,272,276,280,284,288,292,296,300,304,308,312,316,320,324,329,333,337,341,345,349,353,357,361,365,369,373,377,381,385,389,393,397,401,405,410
406,9,13,17,21,25,29,33,37,41,45,49,53,57,61,65,69,74,78,82,86,90,94,98,102,106,110,114,118,122,126,130,134,138,143,147,151,155,159,163,167,171,175,179,183,187,191,195,199,203,208,212,216,220,224,228,232,236,240,244,248,252,256,260,264,268,272,277,281,285,289,293,297,301,305,309,313,317,321,325,329,333,337,341,346,350,354,358,362,366,370,374,378,382,386,390,394,398,402,406,411
407,9,13,17,21,25,29,33,37,41,45,49,53,57,61,66,70,74,78,82,86,90,94,98,102,106,110,114,118,123,127,131,135,139,143,147,151,155,159,163,167,171,175,180,184,188,192,196,200,204,208,212,216,220,224,228,232,236,241,245,249,253,257,261,265,269,273,277,281,285,289,293,298,302,306,310,314,318,322,326,330,334,338,342,346,350,355,359,363,367,371,375,379,383,387,391,395,399,403,407,412
408,9,13,17,21,25,29,33,37,41,45,49,53,58,62,66,70,74,78,82,86,90,94,98,102,107,111,115,119,123,127,131,135,139,143,147,151,155,160,164,168,172,176,180,184,188,192,196,200,204,209,213,217,221,225,229,233,237,241,245,249,253,257,262,266,270,274,278,282,286,290,294,298,302,306,311,315,319,323,327,331,335,339,343,347,351,355,359,364,368,372,376,380,384,388,392,396,400,404,408,413
409,9,13,17,21,25,29,33,37,41,45,49,54,58,62,66,70,74,78,82,86,90,94,99,103,107,111,115,119,123,127,131,135,139,144,148,152,156,160,164,168,172,176,180,184,189,193,197,201,205,209,213,217,221,225,229,234,238,242,246,250,254,258,262,266,270,274,279,283,287,291,295,299,303,307,311,315,319,324,328,332,336,340,344,348,352,356,360,364,369,373,377,381,385,389,393,397,401,405,409,414
410,9,13,17,21,25,29,33,37,41,46,50,54,58,62,66,70,74,78,82,87,91,95,99,103,107,111,115,119,123,128,132,136,140,144,148,152,156,160,164,169,173,177,181,185,189,193,197,201,205,210,214,218,222,226,230,234,238,242,246,251,255,259,263,267,271,275,279,283,287,292,296,300,304,308,312,316,320,324,328,333,337,341,345,349,353,357,361,365,369,374,378,382,386,390,394,398,402,406,410,415
411,9,13,17,21,25,29,33,37,41,46,50,54,58,62,66,70,74,78,83,87,91,95,99,103,107,111,115,120,124,128,132,136,140,144,148,152,157,161,165,169,173,177,181,185,189,194,198,202,206,210,214,218,222,226,231,235,239,243,247,251,255,259,263,268,272,276,280,284,288,292,296,300,305,309,313,317,321,325,329,333,337,342,346,350,354,358,362,366,370,374,379,383,387,391,395,399,403,407,411,416
412,9,13,17,21,25,29,33,37,42,46,50,54,58,62,66,70,75,79,83,87,91,95,99,103,108,112,116,120,124,128,132,136,140,145,149,153,157,161,165,169,173,178,182,186,190,194,198,202,206,211,215,219,223,227,231,235,239,243,248,252,256,260,264,268,272,276,281,285,289,293,297,301,305,309,314,318,322,326,330,334,338,342,346,351,355,359,363,367,371,375,379,384,388,392,396,400,404,408,412,417
413,9,13,17,21,25,29,33,38,42,46,50,54,58,62,66,71,75,79,83,87,91,95,99,104,108,112,116,120,124,128,133,137,141,145,149,153,157,161,166,170,174,178,182,186,190,194,199,203,207,211,215,219,223,228,232,236,240,244,248,252,256,261,265,269,273,277,281,285,289,294,298,302,306,310,314,318,323,327,331,335,339,343,347,351,356,360,364,368,372,376,380,384,389,393,397,401,405,409,413,418
414,9,13,17,21,25,29,33,38,42,46,50,54,58,62,67,71,75,79,83,87,91,96,100,104,108,112,116,120,125,129,133,137,141,145,149,154,158,162,166,170,174,178,183,187,191,195,199,203,207,212,216,220,224,228,232,236,240,245,249,253,257,261,265,269,274,278,282,286,290,294,298,303,307,311,315,319,323,327,332,336,340,344,348,352,356,361,365,369,373,377,381,385,390,394,398,402,406,410,414,419
415,9,13,17,21,25,29,34,38,42,46,50,54,58,63,67,71,75,79,83,88,92,96,100,104,108,112,117,121,125,129,133,137,141,146,150,154,158,162,166,171,175,179,183,187,191,195,200,204,208,212,216,220,224,229,233,237,241,245,249,254,258,262,266,270,274,278,283,287,291,295,299,303,307,312,316,320,324,328,332,337,341,345,349,353,357,361,366,370,374,378,382,386,390,395,399,403,407,411,415,420
416,9,13,17,21,25,29,34,38,42,46,50,54,59,63,67,71,75,79,84,88,92,96,100,104,109,113,117,121,125,129,133,138,142,146,150,154,158,163,167,171,175,179,183,188,192,196,200,204,208,213,217,221,225,229,233,237,242,246,250,254,258,262,267,271,275,279,283,287,292,296,300,304,308,312,317,321,325,329,333,337,341,346,350,354,358,362,366,371,375,379,383,387,391,396,400,404,408,412,416,421
417,9,13,17,21,25,30,34,38,42,46,50,55,59,63,67,71,75,80,84,88,92,96,100,105,109,113,117,121,125,130,134,138,142,146,150,155,159,163,167,171,175,180,184,188,192,196,200,205,209,213,217,221,226,230,234,238,242,246,251,255,259,263,267,271,276,280,284,288,292,296,301,305,309,313,317,321,326,330,334,338,342,346,351,355,359,363,367,371,376,380,384,388,392,396,401,405,409,413,417,422
418,9,13,17,21,25,30,34,38,42,46,50,55,59,63,67,71,76,80,84,88,92,96,101,105,109,113,117,122,126,130,134,138,142,147,151,155,159,163,168,172,176,180,184,188,193,197,201,205,209,214,218,222,226,230,234,239,243,247,251,255,259,264,268,272,276,280,285,289,293,297,301,305,310,314,318,322,326,331,335,339,343,347,351,356,360,364,368,372,377,381,385,389,393,397,402,406,410,414,418,423
419,9,13,17,21,25,30,34,38,42,46,51,55,59,63,67,72,76,80,84,88,92,97,101,105,109,113,118,122,126,130,134,139,143,147,151,155,160,164,168,172,176,180,185,189,193,197,201,206,210,214,218,222,227,231,235,239,243,248,252,256,260,264,268,273,277,281,285,289,294,298,302,306,310,315,319,323,327,331,336,340,344,348,352,356,361,365,369,373,377,382,386,390,394,398,403,407,411,415,419,424
420,9,13,17,21,26,30,34,38,42,47,51,55,59,63,68,72,76,80,84,89,93,97,101,105,110,114,118,122,126,131,135,139,143,147,152,156,160,164,168,173,177,181,185,189,194,198,202,206,210,215,219,223,227,231,236,240,244,248,252,257,261,265,269,273,278,282,286,290,294,299,303,307,311,315,320,324,328,332,336,341,345,349,353,357,362,366,370,374,378,383,387,391,395,399,404,408,412,416,420,425
421,9,13,17,21,26,30,34,38,42,47,51,55,59,63,68,72,76,80,84,89,93,97,101,106,110,114,118,122,127,131,135,139,143,148,152,156,160,164,169,173,177,181,186,190,194,198,202,207,211,215,219,223,228,232,236,240,244,249,253,257,261,266,270,274,278,282,287,291,295,299,303,308,312,316,320,324,329,333,337,341,346,350,354,358,362,367,371,375,379,383,388,392,396,400,404,409,413,417,421,426
422,9,13,17,21,26,30,34,38,42,47,51,55,59,64,68,72,76,80,85,89,93,97,102,106,110,114,118,123,127,131,135,140,144,148,152,156,161,165,169,173,178,182,186,190,194,199,203,207,211,216,220,224,228,232,237,241,245,249,253,258,262,266,270,275,279,283,287,291,296,300,304,308,313,317,321,325,329,334,338,342,346,351,355,359,363,367,372,376,380,384,389,393,397,401,405,410,414,418,422,427
423,9,13,17,21,26,30,34,38,43,47,51,55,59,64,68,72,76,81,85,89,93,98,102,106,110,114,119,123,127,131,136,140,144,148,153,157,161,165,169,174,178,182,186,191,195,199,203,208,212,216,220,224,229,233,237,241,246,250,254,258,263,267,271,275,279,284,288,292,296,301,305,309,313,318,322,326,330,334,339,343,347,351,356,360,364,368,373,377,381,385,389,394,398,402,406,411,415,419,423,428
424,9,13,17,21,26,30,34,38,43,47,51,55,60,64,68,72,77,81,85,89,94,98,102,106,111,115,119,123,127,132,136,140,144,149,153,157,161,166,170,174,178,183,187,191,195,200,204,208,212,217,221,225,229,233,238,242,246,250,255,259,263,267,272,276,280,284,289,293,297,301,306,310,314,318,323,327,331,335,339,344,348,352,356,361,365,369,373,378,382,386,390,395,399,403,407,412,416,420,424,429
425,9,13,17,22,26,30,34,39,43,47,51,56,60,64,68,73,77,81,85,90,94,98,102,107,111,115,119,124,128,132,136,141,145,149,153,158,162,166,170,175,179,183,187,192,196,200,204,209,213,217,221,226,230,234,238,243,247,251,255,260,264,268,272,277,281,285,289,294,298,302,306,311,315,319,323,328,332,336,340,345,349,353,357,362,366,370,374,379,383,387,391,396,400,404,408,413,417,421,425,430
426,9,13,17,22,26,30,34,39,43,47,51,56,60,64,68,73,77,81,85,90,94,98,102,107,111,115,120,124,128,132,137,141,145,149,154,158,162,166,171,175,179,183,188,192,196,200,205,209,213,218,222,226,230,235,239,243,247,252,256,260,264,269,273,277,281,286,290,294,298,303,307,311,315,320,324,328,333,337,341,345,350,354,358,362,367,371,375,379,384,388,392,396,401,405,409,413,418,422,426,431
427,9,13,17,22,26,30,34,39,43,47,51,56,60,64,69,73,77,81,86,90,94,98,103,107,111,116,120,124,128,133,137,141,145,150,154,158,162,167,171,175,180,184,188,192,197,201,205,209,214,218,222,227,231,235,239,244,248,252,256,261,265,269,274,278,282,286,291,295,299,303,308,312,316,320,325,329,333,338,342,346,350,355,359,363,367,372,376,380,385,389,393,397,402,406,410,414,419,423,427,432
428,9,13,17,22,26,30,34,39,43,47,52,56,60,64,69,73,77,82,86,90,94,99,103,107,112,116,120,124,129,133,137,141,146,150,154,159,163,167,171,176,180,184,189,193,197,201,206,210,214,219,223,227,231,236,240,244,248,253,257,261,266,270,274,278,283,287,291,296,300,304,308,313,317,321,326,330,334,338,343,347,351,355,360,364,368,373,377,381,385,390,394,398,403,407,411,415,420,424,428,433
429,9,13,17,22,26,30,35,39,43,47,52,56,60,65,69,73,77,82,86,90,95,99,103,107,112,116,120,125,129,133,137,142,146,150,155,159,163,168,172,176,180,185,189,193,198,202,206,210,215,219,223,228,232,236,240,245,249,253,258,262,266,270,275,279,283,288,292,296,301,305,309,313,318,322,326,331,335,339,343,348,352,356,361,365,369,373,378,382,386,391,395,399,403,408,412,416,421,425,429,434
430,9,13,17,22,26,30,35,39,43,48,52,56,60,65,69,73,78,82,86,91,95,99,103,108,112,116,121,125,129,134,138,142,146,151,155,159,164,168,172,177,181,185,189,194,198,202,207,211,215,220,224,228,232,237,241,245,250,254,258,263,267,271,275,280,284,288,293,297,301,306,310,314,318,323,327,331,336,340,344,349,353,357,361,366,370,374,379,383,387,392,396,400,404,409,413,417,422,426,430,435
431,9,13,17,22,26,30,35,39,43,48,52,56,61,65,69,73,78,82,86,91,95,99,104,108,112,117,121,125,129,134,138,142,147,151,155,160,164,168,173,177,181,186,190,194,198,203,207,211,216,220,224,229,233,237,242,246,250,254,259,263,267,272,276,280,285,289,293,298,302,306,311,315,319,323,328,332,336,341,345,349,354,358,362,367,371,375,379,384,388,392,397,401,405,410,414,418,423,427,431,436
432,9,13,17,22,26,30,35,39,43,48,52,56,61,65,69,74,78,82,87,91,95,100,104,108,113,117,121,125,130,134,138,143,147,151,156,160,164,169,173,177,182,186,190,195,199,203,208,212,216,221,225,229,233,238,242,246,251,255,259,264,268,272,277,281,285,290,294,298,303,307,311,316,320,324,329,333,337,341,346,350,354,359,363,367,372,376,380,385,389,393,398,402,406,411,415,419,424,428,432,437
433,9,13,17,22,26,30,35,39,43,48,52,56,61,65,69,74,78,82,87,91,95,100,104,108,113,117,121,126,130,134,139,143,147,152,156,160,165,169,173,178,182,186,191,195,199,204,208,212,217,221,225,230,234,238,243,247,251,256,260,264,269,273,277,282,286,290,295,299,303,308,312,316,321,325,329,334,338,342,347,351,355,360,364,368,373,377,381,386,390,394,399,403,407,412,416,420,425,429,433,438
434,9,13,18,22,26,31,35,39,44,48,52,57,61,65,70,74,78,83,87,91,96,100,104,109,113,117,122,126,130,135,139,143,148,152,156,161,165,169,174,178,182,187,191,195,200,204,208,213,217,222,226,230,235,239,243,248,252,256,261,265,269,274,278,282,287,291,295,300,304,308,313,317,321,326,330,334,339,343,347,352,356,360,365,369,373,378,382,386,391,395,399,404,408,412,417,421,425,430,434,439
435,9,13,18,22,26,31,35,39,44,48,52,57,61,65,70,74,78,83,87,92,96,100,105,109,113,118,122,126,131,135,139,144,148,152,157,161,165,170,174,179,183,187,192,196,200,205,209,213,218,222,226,231,235,239,244,248,252,257,261,266,270,274,279,283,287,292,296,300,305,309,313,318,322,326,331,335,339,344,348,353,357,361,366,370,374,379,383,387,392,396,400,405,409,413,418,422,426,431,435,440
436,9,13,18,22,26,31,35,39,44,48,52,57,61,66,70,74,79,83,87,92,96,100,105,109,114,118,122,127,131,135,140,144,148,153,157,161,166,170,175,179,183,188,192,196,201,205,209,214,218,223,227,231,236,240,244,249,253,257,262,266,270,275,279,284,288,292,297,301,305,310,314,318,323,327,332,336,340,345,349,353,358,362,366,371,375,379,384,388,393,397,401,406,410,414,419,423,427,432,436,441
437,9,13,18,22,26,31,35,39,44,48,53,57,61,66,70,74,79,83,88,92,96,101,105,109,114,118,122,127,131,136,140,144,149,153,157,162,166,171,175,179,184,188,192,197,201,206,210,214,219,223,227,232,236,240,245,249,254,258,262,267,271,275,280,284,289,293,297,302,306,310,315,319,324,328,332,337,341,345,350,354,358,363,367,372,376,380,385,389,393,398,402,407,411,415,420,424,428,433,437,442
438,9,13,18,22,26,31,35,40,44,48,53,57,61,66,70,75,79,83,88,92,96,101,105,110,114,118,123,127,132,136,140,145,149,153,158,162,167,171,175,180,184,188,193,197,202,206,210,215,219,224,228,232,237,241,245,250,254,259,263,267,272,276,280,285,289,294,298,302,307,311,315,320,324,329,333,337,342,346,351,355,359,364,368,372,377,381,386,390,394,399,403,407,412,416,421,425,429,434,438,443
439,9,13,18,22,26,31,35,40,44,48,53,57,62,66,70,75,79,84,88,92,97,101,105,110,114,119,123,127,132,136,141,145,149,154,158,163,167,171,176,180,184,189,193,198,202,206,211,215,220,224,228,233,237,242,246,250,255,259,264,268,272,277,281,285,290,294,299,303,307,312,316,321,325,329,334,338,343,347,351,356,360,364,369,373,378,382,386,391,395,400,404,408,413,417,422,426,430,435,439,444
440,9,13,18,22,27,31,35,40,44,49,53,57,62,66,71,75,79,84,88,93,97,101,106,110,115,119,123,128,132,137,141,145,150,154,159,163,167,172,176,181,185,189,194,198,203,207,211,216,220,225,229,233,238,242,247,251,255,260,264,269,273,277,282,286,291,295,299,304,308,313,317,321,326,330,335,339,343,348,352,357,361,365,370,374,379,383,387,392,396,401,405,409,414,418,423,427,431,436,440,445
441,9,13,18,22,27,31,35,40,44,49,53,57,62,66,71,75,79,84,88,93,97,102,106,110,115,119,124,128,132,137,141,146,150,154,159,163,168,172,176,181,185,190,194,199,203,207,212,216,221,225,229,234,238,243,247,251,256,260,265,269,274,278,282,287,291,296,300,304,309,313,318,322,326,331,335,340,344,348,353,357,362,366,371,375,379,384,388,393,397,401,406,410,415,419,423,428,432,437,441,446
442,9,13,18,22,27,31,35,40,44,49,53,58,62,66,71,75,80,84,88,93,97,102,106,111,115,119,124,128,133,137,142,146,150,155,159,164,168,172,177,181,186,190,195,199,203,208,212,217,221,226,230,234,239,243,248,252,256,261,265,270,274,279,283,287,292,296,301,305,309,314,318,323,327,332,336,340,345,349,354,358,363,367,371,376,380,385,389,393,398,402,407,411,416,420,424,429,433,438,442,447
443,9,13,18,22,27,31,36,40,44,49,53,58,62,67,71,75,80,84,89,93,98,102,106,111,115,120,124,129,133,137,142,146,151,155,160,164,168,173,177,182,186,191,195,199,204,208,213,217,222,226,230,235,239,244,248,253,257,261,266,270,275,279,284,288,292,297,301,306,310,315,319,323,328,332,337,341,346,350,354,359,363,368,372,377,381,385,390,394,399,403,408,412,416,421,425,430,434,439,443,448
444,9,13,18,22,27,31,36,40,44,49,53,58,62,67,71,76,80,84,89,93,98,102,107,111,116,120,124,129,133,138,142,147,151,155,160,164,169,173,178,182,187,191,195,200,204,209,213,218,222,227,231,235,240,244,249,253,258,262,266,271,275,280,284,289,293,298,302,306,311,315,320,324,329,333,338,342,346,351,355,360,364,369,373,377,382,386,391,395,400,404,409,413,417,422,426,431,435,440,444,449
445,9,13,18,22,27,31,36,40,45,49,53,58,62,67,71,76,80,85,89,94,98,102,107,111,116,120,125,129,134,138,142,147,151,156,160,165,169,174,178,183,187,191,196,200,205,209,214,218,223,227,231,236,240,245,249,254,258,263,267,272,276,280,285,289,294,298,303,307,312,316,320,325,329,334,338,343,347,352,356,361,365,369,374,378,383,387,392,396,401,405,409,414,418,423,427,432,436,441,445,450
446,9,13,18,22,27,31,36,40,45,49,54,58,62,67,71,76,80,85,89,94,98,103,107,112,116,120,125,129,134,138,143,147,152,156,161,165,170,174,178,183,187,192,196,201,205,210,214,219,223,228,232,236,241,245,250,254,259,263,268,272,277,281,285,290,294,299,303,308,312,317,321,326,330,335,339,343,348,352,357,361,366,370,375,379,384,388,393,397,401,406,410,415,419,424,428,433,437,442,446,451
447,9,13,18,22,27,31,36,40,45,49,54,58,63,67,72,76,80,85,89,94,98,103,107,112,116,121,125,130,134,139,143,148,152,156,161,165,170,174,179,183,188,192,197,201,206,210,215,219,224,228,232,237,241,246,250,255,259,264,268,273,277,282,286,291,295,300,304,308,313,317,322,326,331,335,340,344,349,353,358,362,367,371,376,380,384,389,393,398,402,407,411,416,420,425,429,434,438,443,447,452
448,9,13,18,22,27,31,36,40,45,49,54,58,63,67,72,76,81,85,90,94,99,103,108,112,117,121,125,130,134,139,143,148,152,157,161,166,170,175,179,184,188,193,197,202,206,211,215,220,224,229,233,237,242,246,251,255,260,264,269,273,278,282,287,291,296,300,305,309,314,318,323,327,332,336,341,345,349,354,358,363,367,372,376,381,385,390,394,399,403,408,412,417,421,426,430,435,439,444,448,453
449,9,13,18,22,27,31,36,40,45,49,54,58,63,67,72,76,81,85,90,94,99,103,108,112,117,121,126,130,135,139,144,148,153,157,162,166,171,175,180,184,189,193,198,202,207,211,216,220,225,229,233,238,242,247,251,256,260,265,269,274,278,283,287,292,296,301,305,310,314,319,323,328,332,337,341,346,350,355,359,364,368,373,377,382,386,391,395,400,404,409,413,418,422,427,431,436,440,445,449,454
450,9,14,18,23,27,32,36,41,45,50,54,59,63,68,72,77,81,86,90,95,99,104,108,113,117,122,126,131,135,140,144,149,153,158,162,167,171,176,180,185,189,194,198,203,207,212,216,221,225,230,234,239,243,248,252,257,261,266,270,275,279,284,288,293,297,302,306,311,315,320,324,329,333,338,342,347,351,356,360,365,369,374,378,383,387,392,396,401,405,410,414,419,423,428,432,437,441,446,450,455
451,9,14,18,23,27,32,36,41,45,50,54,59,63,68,72,77,81,86,90,95,99,104,108,113,117,122,126,131,135,140,144,149,153,158,162,167,171,176,180,185,189,194,198,203,207,212,216,221,225,230,235,239,244,248,253,257,262,266,271,275,280,284,289,293,298,302,307,311,316,320,325,329,334,338,343,347,352,356,361,365,370,374,379,383,388,392,397,401,406,410,415,419,424,428,433,437,442,446,451,456
452,9,14,18,23,27,32,36,41,45,50,54,59,63,68,72,77,81,86,90,95,99,104,108,113,118,122,127,131,136,140,145,149,154,158,163,167,172,176,181,185,190,194,199,203,208,212,217,221,226,231,235,240,244,249,253,258,262,267,271,276,280,285,289,294,298,303,307,312,316,321,325,330,334,339,344,348,353,357,362,366,371,375,380,384,389,393,398,402,407,411,416,420,425,429,434,438,443,447,452,457
453,9,14,18,23,27,32,36,41,45,50,54,59,63,68,72,77,82,86,91,95,100,104,109,113,118,122,127,131,136,140,145,149,154,159,163,168,172,177,181,186,190,195,199,204,208,213,217,222,226,231,236,240,245,249,254,258,263,267,272,276,281,285,290,294,299,303,308,313,317,322,326,331,335,340,344,349,353,358,362,367,371,376,380,385,390,394,399,403,408,412,417,421,426,430,435,439,444,448,453,458
454,9,14,18,23,27,32,36,41,45,50,54,59,64,68,73,77,82,86,91,95,100,104,109,113,118,123,127,132,136,141,145,150,154,159,163,168,172,177,182,186,191,195,200,204,209,213,218,222,227,232,236,241,245,250,254,259,263,268,272,277,281,286,291,295,300,304,309,313,318,322,327,331,336,340,345,350,354,359,363,368,372,377,381,386,390,395,399,404,409,413,418,422,427,431,436,440,445,449,454,459
455,9,14,18,23,27,32,36,41,45,50,55,59,64,68,73,77,82,86,91,96,100,105,109,114,118,123,127,132,136,141,146,150,155,159,164,168,173,177,182,187,191,196,200,205,209,214,218,223,227,232,237,241,246,250,255,259,264,268,273,278,282,287,291,296,300,305,309,314,318,323,328,332,337,341,346,350,355,359,364,369,373,378,382,387,391,396,400,405,409,414,419,423,428,432,437,441,446,450,455,460
456,9,14,18,23,27,32,36,41,46,50,55,59,64,68,73,77,82,87,91,96,100,105,109,114,119,123,128,132,137,141,146,150,155,160,164,169,173,178,182,187,191,196,201,205,210,214,219,223,228,233,237,242,246,251,255,260,264,269,274,278,283,287,292,296,301,305,310,315,319,324,328,333,337,342,347,351,356,360,365,369,374,378,383,388,392,397,401,406,410,415,419,424,429,433,438,442,447,451,456,461
457,9,14,18,23,27,32,36,41,46,50,55,59,64,68,73,78,82,87,91,96,100,105,110,114,119,123,128,132,137,142,146,151,155,160,164,169,174,178,183,187,192,196,201,206,210,215,219,224,228,233,238,242,247,251,256,260,265,270,274,279,283,288,292,297,302,306,311,315,320,324,329,334,338,343,347,352,356,361,366,370,375,379,384,388,393,398,402,407,411,416,420,425,430,434,439,443,448,452,457,462
458,9,14,18,23,27,32,37,41,46,50,55,59,64,69,73,78,82,87,92,96,101,105,110,114,119,124,128,133,137,142,146,151,156,160,165,169,174,179,183,188,192,197,201,206,211,215,220,224,229,234,238,243,247,252,256,261,266,270,275,279,284,288,293,298,302,307,311,316,321,325,330,334,339,343,348,353,357,362,366,371,375,380,385,389,394,398,403,408,412,417,421,426,430,435,440,444,449,453,458,463
459,9,14,18,23,27,32,37,41,46,50,55,60,64,69,73,78,83,87,92,96,101,105,110,115,119,124,128,133,138,142,147,151,156,161,165,170,174,179,184,188,193,197,202,206,211,216,220,225,229,234,239,243,248,252,257,262,266,271,275,280,284,289,294,298,303,307,312,317,321,326,330,335,340,344,349,353,358,363,367,372,376,381,385,390,395,399,404,408,413,418,422,427,431,436,441,445,450,454,459,464
460,9,14,18,23,28,32,37,41,46,51,55,60,64,69,74,78,83,87,92,97,101,106,110,115,120,124,129,133,138,143,147,152,156,161,166,170,175,179,184,189,193,198,202,207,212,216,221,225,230,235,239,244,248,253,258,262,267,271,276,281,285,290,294,299,304,308,313,317,322,327,331,336,340,345,350,354,359,363,368,373,377,382,386,391,396,400,405,409,414,419,423,428,432,437,442,446,451,455,460,465
461,9,14,18,23,28,32,37,41,46,51,55,60,64,69,74,78,83,87,92,97,101,106,111,115,120,124,129,134,138,143,147,152,157,161,166,170,175,180,184,189,194,198,203,207,212,217,221,226,230,235,240,244,249,253,258,263,267,272,276,281,286,290,295,300,304,309,313,318,323,327,332,336,341,346,350,355,359,364,369,373,378,383,387,392,396,401,406,410,415,419,424,429,433,438,442,447,452,456,461,466
462,9,14,18,23,28,32,37,41,46,51,55,60,65,69,74,78,83,88,92,97,102,106,111,115,120,125,129,134,138,143,148,152,157,162,166,171,175,180,185,189,194,199,203,208,212,217,222,226,231,236,240,245,249,254,259,263,268,272,277,282,286,291,296,300,305,309,314,319,323,328,333,337,342,346,351,356,360,365,369,374,379,383,388,393,397,402,406,411,416,420,425,430,434,439,443,448,453,457,462,467
463,9,14,18,23,28,32,37,42,46,51,55,60,65,69,74,79,83,88,92,97,102,106,111,116,120,125,130,134,139,143,148,153,157,162,167,171,176,180,185,190,194,199,204,208,213,217,222,227,231,236,241,245,250,255,259,264,268,273,278,282,287,292,296,301,305,310,315,319,324,329,333,338,342,347,352,356,361,366,370,375,380,384,389,393,398,403,407,412,417,421,426,430,435,440,444,449,454,458,463,468
464,9,14,18,23,28,32,37,42,46,51,56,60,65,69,74,79,83,88,93,97,102,107,111,116,121,125,130,134,139,144,148,153,158,162,167,172,176,181,185,190,195,199,204,209,213,218,223,227,232,237,241,246,250,255,260,264,269,274,278,283,288,292,297,301,306,311,315,320,325,329,334,339,343,348,353,357,362,366,371,376,380,385,390,394,399,404,408,413,417,422,427,431,436,441,445,450,455,459,464,469
465,9,14,18,23,28,32,37,42,46,51,56,60,65,70,74,79,84,88,93,98,102,107,111,116,121,125,130,135,139,144,149,153,158,163,167,172,177,181,186,191,195,200,204,209,214,218,223,228,232,237,242,246,251,256,260,265,270,274,279,284,288,293,297,302,307,311,316,321,325,330,335,339,344,349,353,358,363,367,372,377,381,386,390,395,400,404,409,414,418,423,428,432,437,442,446,451,456,460,465,470
466,9,14,18,23,28,32,37,42,46,51,56,60,65,70,74,79,84,88,93,98,102,107,112,116,121,126,130,135,140,144,149,154,158,163,168,172,177,182,186,191,196,200,205,210,214,219,224,228,233,238,242,247,251,256,261,265,270,275,279,284,289,293,298,303,307,312,317,321,326,331,335,340,345,349,354,359,363,368,373,377,382,387,391,396,401,405,410,415,419,424,429,433,438,443,447,452,457,461,466,471
467,9,14,19,23,28,33,37,42,47,51,56,61,65,70,75,79,84,89,93,98,103,107,112,117,121,126,131,135,140,145,149,154,159,163,168,173,177,182,187,191,196,201,205,210,215,219,224,229,233,238,243,247,252,257,261,266,271,275,280,285,289,294,299,303,308,313,317,322,327,331,336,341,345,350,355,359,364,369,373,378,383,387,392,397,401,406,411,415,420,425,429,434,439,443,448,453,457,462,467,472
468,9,14,19,23,28,33,37,42,47,51,56,61,65,70,75,79,84,89,93,98,103,107,112,117,122,126,131,136,140,145,150,154,159,164,168,173,178,182,187,192,196,201,206,210,215,220,224,229,234,239,243,248,253,257,262,267,271,276,281,285,290,295,299,304,309,313,318,323,327,332,337,341,346,351,356,360,365,370,374,379,384,388,393,398,402,407,412,416,421,426,430,435,440,444,449,454,458,463,468,473
469,9,14,19,23,28,33,37,42,47,51,56,61,65,70,75,80,84,89,94,98,103,108,112,117,122,126,131,136,141,145,150,155,159,164,169,173,178,183,187,192,197,201,206,211,216,220,225,230,234,239,244,248,253,258,262,267,272,277,281,286,291,295,300,305,309,314,319,323,328,333,337,342,347,352,356,361,366,370,375,380,384,389,394,398,403,408,413,417,422,427,431,436,441,445,450,455,459,464,469,474
470,9,14,19,23,28,33,37,42,47,52,56,61,66,70,75,80,84,89,94,99,103,108,113,117,122,127,131,136,141,146,150,155,160,164,169,174,178,183,188,193,197,202,207,211,216,221,225,230,235,240,244,249,254,258,263,268,272,277,282,287,291,296,301,305,310,315,319,324,329,334,338,343,348,352,357,362,366,371,376,381,385,390,395,399,404,409,413,418,423,428,432,437,442,446,451,456,460,465,470,475
471,9,14,19,23,28,33,37,42,47,52,56,61,66,70,75,80,85,89,94,99,103,108,113,118,122,127,132,136,141,146,151,155,160,165,169,174,179,183,188,193,198,202,207,212,216,221,226,231,235,240,245,249,254,259,264,268,273,278,282,287,292,297,301,306,311,315,320,325,329,334,339,344,348,353,358,362,367,372,377,381,386,391,395,400,405,410,414,419,424,428,433,438,443,447,452,457,461,466,471,476
472,9,14,19,23,28,33,38,42,47,52,56,61,66,71,75,80,85,89,94,99,104,108,113,118,123,127,132,137,141,146,151,156,160,165,170,174,179,184,189,193,198,203,207,212,217,222,226,231,236,241,245,250,255,259,264,269,274,278,283,288,292,297,302,307,311,316,321,325,330,335,340,344,349,354,359,363,368,373,377,382,387,392,396,401,406,410,415,420,425,429,434,439,443,448,453,458,462,467,472,477
473,9,14,19,23,28,33,38,42,47,52,57,61,66,71,75,80,85,90,94,99,104,109,113,118,123,127,132,137,142,146,151,156,161,165,170,175,180,184,189,194,198,203,208,213,217,222,227,232,236,241,246,250,255,260,265,269,274,279,284,288,293,298,302,307,312,317,321,326,331,336,340,345,350,355,359,364,369,373,378,383,388,392,397,402,407,411,416,421,425,430,435,440,444,449,454,459,463,468,473,478
474,9,14,19,23,28,33,38,42,47,52,57,61,66,71,76,80,85,90,95,99,104,109,114,118,123,128,132,137,142,147,151,156,161,166,170,175,180,185,189,194,199,204,208,213,218,223,227,232,237,242,246,251,256,260,265,270,275,279,284,289,294,298,303,308,313,317,322,327,332,336,341,346,351,355,360,365,369,374,379,384,388,393,398,403,407,412,417,422,426,431,436,441,445,450,455,460,464,469,474,479
475,9,14,19,24,28,33,38,43,47,52,57,62,66,71,76,81,85,90,95,100,104,109,114,119,123,128,133,138,142,147,152,157,161,166,171,176,180,185,190,195,199,204,209,214,218,223,228,233,237,242,247,252,256,261,266,271,275,280,285,290,294,299,304,309,313,318,323,328,332,337,342,347,351,356,361,366,370,375,380,385,389,394,399,404,408,413,418,423,427,432,437,442,446,451,456,461,465,470,475,480
476,9,14,19,24,28,33,38,43,47,52,57,62,66,71,76,81,85,90,95,100,104,109,114,119,124,128,133,138,143,147,152,157,162,166,171,176,181,185,190,195,200,204,209,214,219,223,228,233,238,243,247,252,257,262,266,271,276,281,285,290,295,300,304,309,314,319,323,328,333,338,342,347,352,357,362,366,371,376,381,385,390,395,400,404,409,414,419,423,428,433,438,442,447,452,457,461,466,471,476,481
477,9,14,19,24,28,33,38,43,47,52,57,62,67,71,76,81,86,90,95,100,105,109,114,119,124,129,133,138,143,148,152,157,162,167,171,176,181,186,191,195,200,205,210,214,219,224,229,233,238,243,248,253,257,262,267,272,276,281,286,291,295,300,305,310,315,319,324,329,334,338,343,348,353,357,362,367,372,377,381,386,391,396,400,405,410,415,419,424,429,434,439,443,448,453,458,462,467,472,477,482
478,9,14,19,24,28,33,38,43,48,52,57,62,67,71,76,81,86,91,95,100,105,110,114,119,124,129,134,138,143,148,153,157,162,167,172,177,181,186,191,196,200,205,210,215,220,224,229,234,239,244,248,253,258,263,267,272,277,282,287,291,296,301,306,310,315,320,325,330,334,339,344,349,353,358,363,368,373,377,382,387,392,396,401,406,411,416,420,425,430,435,439,444,449,454,459,463,468,473,478,483
479,9,14,19,24,28,33,38,43,48,52,57,62,67,72,76,81,86,91,96,100,105,110,115,119,124,129,134,139,143,148,153,158,163,167,172,177,182,187,191,196,201,206,210,215,220,225,230,234,239,244,249,254,258,263,268,273,278,282,287,292,297,301,306,311,316,321,325,330,335,340,345,349,354,359,364,369,373,378,383,388,392,397,402,407,412,416,421,426,431,436,440,445,450,455,460,464,469,474,479,484
480,9,14,19,24,29,33,38,43,48,53,57,62,67,72,77,81,86,91,96,101,105,110,115,120,125,129,134,139,144,149,153,158,163,168,173,177,182,187,192,197,201,206,211,216,221,225,230,235,240,245,249,254,259,264,269,273,278,283,288,293,297,302,307,312,317,321,326,331,336,341,345,350,355,360,365,369,374,379,384,389,393,398,403,408,413,417,422,427,432,437,441,446,451,456,461,465,470,475,480,485
481,9,14,19,24,29,33,38,43,48,53,57,62,67,72,77,81,86,91,96,101,106,110,115,120,125,130,134,139,144,149,154,158,163,168,173,178,182,187,192,197,202,207,211,216,221,226,231,235,240,245,250,255,259,264,269,274,279,283,288,293,298,303,308,312,317,322,327,332,336,341,346,351,356,360,365,370,375,380,384,389,394,399,404,409,413,418,423,428,433,437,442,447,452,457,461,466,471,476,481,486
482,9,14,19,24,29,33,38,43,48,53,58,62,67,72,77,82,86,91,96,101,106,111,115,120,125,130,135,139,144,149,154,159,164,168,173,178,183,188,192,197,202,207,212,217,221,226,231,236,241,246,250,255,260,265,270,274,279,284,289,294,299,303,308,313,318,323,327,332,337,342,347,352,356,361,366,371,376,380,385,390,395,400,405,409,414,419,424,429,433,438,443,448,453,458,462,467,472,477,482,487
483,9,14,19,24,29,33,38,43,48,53,58,62,67,72,77,82,87,91,96,101,106,111,116,120,125,130,135,140,145,149,154,159,164,169,174,178,183,188,193,198,203,207,212,217,222,227,232,236,241,246,251,256,260,265,270,275,280,285,289,294,299,304,309,314,318,323,328,333,338,343,347,352,357,362,367,372,376,381,386,391,396,401,405,410,415,420,425,430,434,439,444,449,454,459,463,468,473,478,483,488
484,9,14,19,24,29,34,38,43,48,53,58,63,67,72,77,82,87,92,96,101,106,111,116,121,126,130,135,140,145,150,155,159,164,169,174,179,184,188,193,198,203,208,213,217,222,227,232,237,242,247,251,256,261,266,271,276,280,285,290,295,300,305,309,314,319,324,329,334,338,343,348,353,358,363,368,372,377,382,387,392,397,401,406,411,416,421,426,430,435,440,445,450,455,459,464,469,474,479,484,489
485,9,14,19,24,29,34,38,43,48,53,58,63,68,72,77,82,87,92,97,102,106,111,116,121,126,131,135,140,145,150,155,160,165,169,174,179,184,189,194,199,203,208,213,218,223,228,232,237,242,247,252,257,262,266,271,276,281,286,291,296,300,305,310,315,320,325,329,334,339,344,349,354,359,363,368,373,378,383,388,393,397,402,407,412,417,422,426,431,436,441,446,451,456,460,465,470,475,480,485,490
486,9,14,19,24,29,34,39,43,48,53,58,63,68,73,77,82,87,92,97,102,107,111,116,121,126,131,136,141,145,150,155,160,165,170,175,179,184,189,194,199,204,209,213,218,223,228,233,238,243,248,252,257,262,267,272,277,282,286,291,296,301,306,311,316,320,325,330,335,340,345,350,354,359,364,369,374,379,384,388,393,398,403,408,413,418,422,427,432,437,442,447,452,456,461,466,471,476,481,486,491
487,9,14,19,24,29,34,39,43,48,53,58,63,68,73,78,82,87,92,97,102,107,112,117,121,126,131,136,141,146,151,155,160,165,170,175,180,185,190,194,199,204,209,214,219,224,229,233,238,243,248,253,258,263,267,272,277,282,287,292,297,302,306,311,316,321,326,331,336,341,345,350,355,360,365,370,375,379,384,389,394,399,404,409,414,418,423,428,433,438,443,448,453,457,462,467,472,477,482,487,492
488,9,14,19,24,29,34,39,44,48,53,58,63,68,73,78,83,87,92,97,102,107,112,117,122,127,131,136,141,146,151,156,161,166,170,175,180,185,190,195,200,205,209,214,219,224,229,234,239,244,249,253,258,263,268,273,278,283,288,292,297,302,307,312,317,322,327,331,336,341,346,351,356,361,366,371,375,380,385,390,395,400,405,410,414,419,424,429,434,439,444,449,453,458,463,468,473,478,483,488,493
489,9,14,19,24,29,34,39,44,49,53,58,63,68,73,78,83,88,93,97,102,107,112,117,122,127,132,137,141,146,151,156,161,166,171,176,181,185,190,195,200,205,210,215,220,225,229,234,239,244,249,254,259,264,269,273,278,283,288,293,298,303,308,313,317,322,327,332,337,342,347,352,357,361,366,371,376,381,386,391,396,401,405,410,415,420,425,430,435,440,445,449,454,459,464,469,474,479,484,489,494
490,9,14,19,24,29,34,39,44,49,54,58,63,68,73,78,83,88,93,98,103,107,112,117,122,127,132,137,142,147,152,156,161,166,171,176,181,186,191,196,201,205,210,215,220,225,230,235,240,245,250,254,259,264,269,274,279,284,289,294,299,303,308,313,318,323,328,333,338,343,348,352,357,362,367,372,377,382,387,392,397,401,406,411,416,421,426,431,436,441,446,450,455,460,465,470,475,480,485,490,495
491,9,14,19,24,29,34,39,44,49,54,59,63,68,73,78,83,88,93,98,103,108,113,117,122,127,132,137,142,147,152,157,162,167,171,176,181,186,191,196,201,206,211,216,221,225,230,235,240,245,250,255,260,265,270,275,279,284,289,294,299,304,309,314,319,324,329,333,338,343,348,353,358,363,368,373,378,383,387,392,397,402,407,412,417,422,427,432,437,441,446,451,456,461,466,471,476,481,486,491,496
492,9,14,19,24,29,34,39,44,49,54,59,64,68,73,78,83,88,93,98,103,108,113,118,123,128,132,137,142,147,152,157,162,167,172,177,182,187,191,196,201,206,211,216,221,226,231,236,241,246,251,255,260,265,270,275,280,285,290,295,300,305,310,314,319,324,329,334,339,344,349,354,359,364,369,374,378,383,388,393,398,403,408,413,418,423,428,433,437,442,447,452,457,462,467,472,477,482,487,492,497
493,9,14,19,24,29,34,39,44,49,54,59,64,69,74,78,83,88,93,98,103,108,113,118,123,128,133,138,143,147,152,157,162,167,172,177,182,187,192,197,202,207,212,216,221,226,231,236,241,246,251,256,261,266,271,276,281,286,290,295,300,305,310,315,320,325,330,335,340,345,350,355,359,364,369,374,379,384,389,394,399,404,409,414,419,424,428,433,438,443,448,453,458,463,468,473,478,483,488,493,498
494,9,14,19,24,29,34,39,44,49,54,59,64,69,74,79,84,88,93,98,103,108,113,118,123,128,133,138,143,148,153,158,163,168,172,177,182,187,192,197,202,207,212,217,222,227,232,237,242,247,252,256,261,266,271,276,281,286,291,296,301,306,311,316,321,326,331,335,340,345,350,355,360,365,370,375,380,385,390,395,400,405,410,415,419,424,429,434,439,444,449,454,459,464,469,474,479,484,489,494,499
495,9,14,19,24,29,34,39,44,49,54,59,64,69,74,79,84,89,94,99,104,108,113,118,123,128,133,138,143,148,153,158,163,168,173,178,183,188,193,198,203,207,212,217,222,227,232,237,242,247,252,257,262,267,272,277,282,287,292,297,302,306,311,316,321,326,331,336,341,346,351,356,361,366,371,376,381,386,391,396,401,405,410,415,420,425,430,435,440,445,450,455,460,465,470,475,480,485,490,495,500
496,9,14,19,24,29,34,39,44,49,54,59,64,69,74,79,84,89,94,99,104,109,114,119,124,129,133,138,143,148,153,158,163,168,173,178,183,188,193,198,203,208,213,218,223,228,233,238,243,248,253,257,262,267,272,277,282,287,292,297,302,307,312,317,322,327,332,337,342,347,352,357,362,367,372,377,381,386,391,396,401,406,411,416,421,426,431,436,441,446,451,456,461,466,471,476,481,486,491,496,501
497,9,14,19,24,29,34,39,44,49,54,59,64,69,74,79,84,89,94,99,104,109,114,119,124,129,134,139,144,149,154,159,164,169,173,178,183,188,193,198,203,208,213,218,223,228,233,238,243,248,253,258,263,268,273,278,283,288,293,298,303,308,313,318,323,328,333,337,342,347,352,357,362,367,372,377,382,387,392,397,402,407,412,417,422,427,432,437,442,447,452,457,462,467,472,477,482,487,492,497,502
498,9,14,19,24,29,34,39,44,49,54,59,64,69,74,79,84,89,94,99,104,109,114,119,124,129,134,139,144,149,154,159,164,169,174,179,184,189,194,199,204,209,214,219,224,229,234,239,244,249,254,258,263,268,273,278,283,288,293,298,303,308,313,318,323,328,333,338,343,348,353,358,363,368,373,378,383,388,393,398,403,408,413,418,423,428,433,438,443,448,453,458,463,468,473,478,483,488,493,498,503
499,9,14,19,24,29,34,39,44,49,54,59,64,69,74,79,84,89,94,99,104,109,114,119,124,129,134,139,144,149,154,159,164,169,174,179,184,189,194,199,204,209,214,219,224,229,234,239,244,249,254,259,264,269,274,279,284,289,294,299,304,309,314,319,324,329,334,339,344,349,354,359,364,369,374,379,384,389,394,399,404,409,414,419,424,429,434,439,444,449,454,459,464,469,474,479,484,489,494,499,504
500,10,15,20,25,30,35,40,45,50,55,60,65,70,75,80,85,90,95,100,105,110,115,120,125,130,135,140,145,150,155,160,165,170,175,180,185,190,195,200,205,210,215,220,225,230,235,240,245,250,255,260,265,270,275,280,285,290,295,300,305,310,315,320,325,330,335,340,345,350,355,360,365,370,375,380,385,390,395,400,405,410,415,420,425,430,435,440,445,450,455,460,465,470,475,480,485,490,495,500,505
501,10,15,20,25,30,35,40,45,50,55,60,65,70,75,80,85,90,95,100,105,110,115,120,125,130,135,140,145,150,155,160,165,170,175,180,185,190,195,200,205,210,215,220,225,230,235,240,245,250,255,260,265,270,275,280,285,290,295,300,305,310,315,320,325,330,335,340,345,350,355,360,365,370,375,380,385,390,395,400,405,410,415,420,425,430,435,440,445,450,455,460,465,470,475,480,485,490,495,500,506
502,10,15,20,25,30,35,40,45,50,55,60,65,70,75,80,85,90,95,100,105,110,115,120,125,130,135,140,145,150,155,160,165,170,175,180,185,190,195,200,205,210,215,220,225,230,235,240,245,250,256,261,266,271,276,281,286,291,296,301,306,311,316,321,326,331,336,341,346,351,356,361,366,371,376,381,386,391,396,401,406,411,416,421,426,431,436,441,446,451,456,461,466,471,476,481,486,491,496,501,507
503,10,15,20,25,30,35,40,45,50,55,60,65,70,75,80,85,90,95,100,105,110,115,120,125,130,135,140,145,150,155,160,165,170,176,181,186,191,196,201,206,211,216,221,226,231,236,241,246,251,256,261,266,271,276,281,286,291,296,301,306,311,316,321,326,331,336,342,347,352,357,362,367,372,377,382,387,392,397,402,407,412,417,422,427,432,437,442,447,452,457,462,467,472,477,482,487,492,497,502,508
504,10,15,20,25,30,35,40,45,50,55,60,65,70,75,80,85,90,95,100,105,110,115,120,125,131,136,141,146,151,156,161,166,171,176,181,186,191,196,201,206,211,216,221,226,231,236,241,246,251,257,262,267,272,277,282,287,292,297,302,307,312,317,322,327,332,337,342,347,352,357,362,367,372,377,383,388,393,398,403,408,413,418,423,428,433,438,443,448,453,458,463,468,473,478,483,488,493,498,503,509
505,10,15,20,25,30,35,40,45,50,55,60,65,70,75,80,85,90,95,100,106,111,116,121,126,131,136,141,146,151,156,161,166,171,176,181,186,191,196,201,207,212,217,222,227,232,237,242,247,252,257,262,267,272,277,282,287,292,297,302,308,313,318,323,328,333,338,343,348,353,358,363,368,373,378,383,388,393,398,403,409,414,419,424,429,434,439,444,449,454,459,464,469,474,479,484,489,494,499,504,510
506,10,15,20,25,30,35,40,45,50,55,60,65,70,75,80,85,91,96,101,106,111,116,121,126,131,136,141,146,151,156,161,166,171,177,182,187,192,197,202,207,212,217,222,227,232,237,242,247,252,258,263,268,273,278,283,288,293,298,303,308,313,318,323,328,333,338,344,349,354,359,364,369,374,379,384,389,394,399,404,409,414,419,424,430,435,440,445,450,455,460,465,470,475,480,485,490,495,500,505,511
507,10,15,20,25,30,35,40,45,50,55,60,65,70,75,81,86,91,96,101,106,111,116,121,126,131,136,141,146,152,157,162,167,172,177,182,187,192,197,202,207,212,217,223,228,233,238,243,248,253,258,263,268,273,278,283,288,293,299,304,309,314,319,324,329,334,339,344,349,354,359,364,370,375,380,385,390,395,400,405,410,415,420,425,430,435,441,446,451,456,461,466,471,476,481,486,491,496,501,506,512
508,10,15,20,25,30,35,40,45,50,55,60,65,71,76,81,86,91,96,101,106,111,116,121,126,132,137,142,147,152,157,162,167,172,177,182,187,192,198,203,208,213,218,223,228,233,238,243,248,253,259,264,269,274,279,284,289,294,299,304,309,314,319,325,330,335,340,345,350,355,360,365,370,375,380,386,391,396,401,406,411,416,421,426,431,436,441,446,452,457,462,467,472,477,482,487,492,497,502,507,513
509,10,15,20,25,30,35,40,45,50,55,60,66,71,76,81,86,91,96,101,106,111,116,122,127,132,137,142,147,152,157,162,167,172,178,183,188,193,198,203,208,213,218,223,228,234,239,244,249,254,259,264,269,274,279,284,290,295,300,305,310,315,320,325,330,335,340,346,351,356,361,366,371,376,381,386,391,396,402,407,412,417,422,427,432,437,442,447,452,458,463,468,473,478,483,488,493,498,503,508,514
510,10,15,20,25,30,35,40,45,50,56,61,66,71,76,81,86,91,96,101,107,112,117,122,127,132,137,142,147,152,158,163,168,173,178,183,188,193,198,203,209,214,219,224,229,234,239,244,249,254,260,265,270,275,280,285,290,295,300,305,311,316,321,326,331,336,341,346,351,356,362,367,372,377,382,387,392,397,402,407,413,418,423,428,433,438,443,448,453,458,464,469,474,479,484,489,494,499,504,509,515
511,10,15,20,25,30,35,40,45,50,56,61,66,71,76,81,86,91,96,102,107,112,117,122,127,132,137,142,148,153,158,163,168,173,178,183,188,194,199,204,209,214,219,224,229,234,240,245,250,255,260,265,270,275,280,286,291,296,301,306,311,316,321,326,332,337,342,347,352,357,362,367,372,378,383,388,393,398,403,408,413,418,424,429,434,439,444,449,454,459,464,470,475,480,485,490,495,500,505,510,516
512,10,15,20,25,30,35,40,45,51,56,61,66,71,76,81,86,92,97,102,107,112,117,122,127,133,138,143,148,153,158,163,168,173,179,184,189,194,199,204,209,214,220,225,230,235,240,245,250,255,261,266,271,276,281,286,291,296,301,307,312,317,322,327,332,337,342,348,353,358,363,368,373,378,383,389,394,399,404,409,414,419,424,429,435,440,445,450,455,460,465,470,476,481,486,491,496,501,506,511,517
513,10,15,20,25,30,35,40,46,51,56,61,66,71,76,81,87,92,97,102,107,112,117,122,128,133,138,143,148,153,158,164,169,174,179,184,189,194,199,205,210,215,220,225,230,235,240,246,251,256,261,266,271,276,282,287,292,297,302,307,312,317,323,328,333,338,343,348,353,358,364,369,374,379,384,389,394,400,405,410,415,420,425,430,435,441,446,451,456,461,466,471,476,482,487,492,497,502,507,512,518
514,10,15,20,25,30,35,40,46,51,56,61,66,71,76,82,87,92,97,102,107,112,118,123,128,133,138,143,148,154,159,164,169,174,179,184,190,195,200,205,210,215,220,226,231,236,241,246,251,256,262,267,272,277,282,287,292,297,303,308,313,318,323,328,333,339,344,349,354,359,364,369,375,380,385,390,395,400,405,411,416,421,426,431,436,441,447,452,457,462,467,472,477,483,488,493,498,503,508,513,519
515,10,15,20,25,30,35,41,46,51,56,61,66,71,77,82,87,92,97,102,108,113,118,123,128,133,138,144,149,154,159,164,169,174,180,185,190,195,200,205,211,216,221,226,231,236,241,247,252,257,262,267,272,277,283,288,293,298,303,308,314,319,324,329,334,339,344,350,355,360,365,370,375,380,386,391,396,401,406,411,417,422,427,432,437,442,447,453,458,463,468,473,478,483,489,494,499,504,509,514,520
516,10,15,20,25,30,35,41,46,51,56,61,66,72,77,82,87,92,97,103,108,113,118,123,128,134,139,144,149,154,159,164,170,175,180,185,190,195,201,206,211,216,221,226,232,237,242,247,252,257,263,268,273,278,283,288,293,299,304,309,314,319,324,330,335,340,345,350,355,361,366,371,376,381,386,392,397,402,407,412,417,422,428,433,438,443,448,453,459,464,469,474,479,484,490,495,500,505,510,515,521
517,10,15,20,25,30,36,41,46,51,56,61,67,72,77,82,87,92,98,103,108,113,118,123,129,134,139,144,149,154,160,165,170,175,180,185,191,196,201,206,211,216,222,227,232,237,242,247,253,258,263,268,273,279,284,289,294,299,304,310,315,320,325,330,335,341,346,351,356,361,366,372,377,382,387,392,397,403,408,413,418,423,428,434,439,444,449,454,459,465,470,475,480,485,490,496,501,506,511,516,522
518,10,15,20,25,30,36,41,46,51,56,61,67,72,77,82,87,93,98,103,108,113,118,124,129,134,139,144,150,155,160,165,170,175,181,186,191,196,201,207,212,217,222,227,232,238,243,248,253,258,264,269,274,279,284,289,295,300,305,310,315,320,326,331,336,341,346,352,357,362,367,372,377,383,388,393,398,403,409,414,419,424,429,434,440,445,450,455,460,466,471,476,481,486,491,497,502,507,512,517,523
519,10,15,20,25,30,36,41,46,51,56,62,67,72,77,82,88,93,98,103,108,113,119,124,129,134,139,145,150,155,160,165,171,176,181,186,191,197,202,207,212,217,222,228,233,238,243,248,254,259,264,269,274,280,285,290,295,300,306,311,316,321,326,331,337,342,347,352,357,363,368,373,378,383,389,394,399,404,409,415,420,425,430,435,440,446,451,456,461,466,472,477,482,487,492,498,503,508,513,518,524
520,10,15,20,25,31,36,41,46,51,57,62,67,72,77,83,88,93,98,103,109,114,119,124,129,135,140,145,150,155,161,166,171,176,181,187,192,197,202,207,213,218,223,228,233,239,244,249,254,259,265,270,275,280,285,291,296,301,306,311,317,322,327,332,337,343,348,353,358,363,369,374,379,384,389,395,400,405,410,415,421,426,431,436,441,447,452,457,462,467,473,478,483,488,493,499,504,509,514,519,525
521,10,15,20,25,31,36,41,46,51,57,62,67,72,77,83,88,93,98,103,109,114,119,124,130,135,140,145,150,156,161,166,171,176,182,187,192,197,202,208,213,218,223,229,234,239,244,249,255,260,265,270,275,281,286,291,296,301,307,312,317,322,328,333,338,343,348,354,359,364,369,374,380,385,390,395,400,406,411,416,421,427,432,437,442,447,453,458,463,468,473,479,484,489,494,499,505,510,515,520,526
522,10,15,20,25,31,36,41,46,51,57,62,67,72,78,83,88,93,98,104,109,114,119,125,130,135,140,145,151,156,161,166,172,177,182,187,192,198,203,208,213,219,224,229,234,239,245,250,255,260,266,271,276,281,286,292,297,302,307,312,318,323,328,333,339,344,349,354,359,365,370,375,380,386,391,396,401,406,412,417,422,427,433,438,443,448,453,459,464,469,474,480,485,490,495,500,506,511,516,521,527
523,10,15,20,25,31,36,41,46,52,57,62,67,72,78,83,88,93,99,104,109,114,120,125,130,135,140,146,151,156,161,167,172,177,182,188,193,198,203,208,214,219,224,229,235,240,245,250,256,261,266,271,276,282,287,292,297,303,308,313,318,324,329,334,339,344,350,355,360,365,371,376,381,386,392,397,402,407,412,418,423,428,433,439,444,449,454,460,465,470,475,480,486,491,496,501,507,512,517,522,528
524,10,15,20,25,31,36,41,46,52,57,62,67,73,78,83,88,94,99,104,109,115,120,125,130,136,141,146,151,156,162,167,172,177,183,188,193,198,204,209,214,219,225,230,235,240,246,251,256,261,267,272,277,282,287,293,298,303,308,314,319,324,329,335,340,345,350,356,361,366,371,377,382,387,392,398,403,408,413,418,424,429,434,439,445,450,455,460,466,471,476,481,487,492,497,502,508,513,518,523,529
525,10,15,20,26,31,36,41,47,52,57,62,68,73,78,83,89,94,99,104,110,115,120,125,131,136,141,146,152,157,162,167,173,178,183,188,194,199,204,209,215,220,225,230,236,241,246,251,257,262,267,272,278,283,288,293,299,304,309,314,320,325,330,335,341,346,351,356,362,367,372,377,383,388,393,398,404,409,414,419,425,430,435,440,446,451,456,461,467,472,477,482,488,493,498,503,509,514,519,524,530
526,10,15,20,26,31,36,41,47,52,57,62,68,73,78,83,89,94,99,104,110,115,120,125,131,136,141,147,152,157,162,168,173,178,183,189,194,199,204,210,215,220,225,231,236,241,246,252,257,262,268,273,278,283,289,294,299,304,310,315,320,325,331,336,341,346,352,357,362,367,373,378,383,388,394,399,404,410,415,420,425,431,436,441,446,452,457,462,467,473,478,483,488,494,499,504,509,515,520,525,531
527,10,15,20,26,31,36,41,47,52,57,62,68,73,78,84,89,94,99,105,110,115,120,126,131,136,142,147,152,157,163,168,173,178,184,189,194,199,205,210,215,221,226,231,236,242,247,252,257,263,268,273,279,284,289,294,300,305,310,315,321,326,331,337,342,347,352,358,363,368,373,379,384,389,394,400,405,410,416,421,426,431,437,442,447,452,458,463,468,474,479,484,489,495,500,505,510,516,521,526,532
528,10,15,20,26,31,36,41,47,52,57,63,68,73,78,84,89,94,100,105,110,115,121,126,131,137,142,147,152,158,163,168,173,179,184,189,195,200,205,210,216,221,226,232,237,242,247,253,258,263,269,274,279,284,290,295,300,305,311,316,321,327,332,337,342,348,353,358,364,369,374,379,385,390,395,401,406,411,416,422,427,432,437,443,448,453,459,464,469,474,480,485,490,496,501,506,511,517,522,527,533
529,10,15,20,26,31,36,42,47,52,57,63,68,73,79,84,89,94,100,105,110,116,121,126,131,137,142,147,153,158,163,168,174,179,184,190,195,200,206,211,216,221,227,232,237,243,248,253,258,264,269,274,280,285,290,295,301,306,311,317,322,327,332,338,343,348,354,359,364,370,375,380,385,391,396,401,407,412,417,422,428,433,438,444,449,454,459,465,470,475,481,486,491,496,502,507,512,518,523,528,534
530,10,15,20,26,31,36,42,47,52,58,63,68,73,79,84,89,95,100,105,111,116,121,126,132,137,142,148,153,158,164,169,174,179,185,190,195,201,206,211,217,222,227,232,238,243,248,254,259,264,270,275,280,285,291,296,301,307,312,317,323,328,333,338,344,349,354,360,365,370,376,381,386,391,397,402,407,413,418,423,429,434,439,444,450,455,460,466,471,476,482,487,492,497,503,508,513,519,524,529,535
531,10,15,20,26,31,36,42,47,52,58,63,68,74,79,84,89,95,100,105,111,116,121,127,132,137,143,148,153,158,164,169,174,180,185,190,196,201,206,212,217,222,228,233,238,243,249,254,259,265,270,275,281,286,291,297,302,307,312,318,323,328,334,339,344,350,355,360,366,371,376,382,387,392,397,403,408,413,419,424,429,435,440,445,451,456,461,466,472,477,482,488,493,498,504,509,514,520,525,530,536
532,10,15,20,26,31,36,42,47,52,58,63,68,74,79,84,90,95,100,106,111,116,122,127,132,138,143,148,153,159,164,169,175,180,185,191,196,201,207,212,217,223,228,233,239,244,249,255,260,265,271,276,281,286,292,297,302,308,313,318,324,329,334,340,345,350,356,361,366,372,377,382,388,393,398,404,409,414,419,425,430,435,441,446,451,457,462,467,473,478,483,489,494,499,505,510,515,521,526,531,537
533,10,15,20,26,31,36,42,47,52,58,63,68,74,79,84,90,95,100,106,111,116,122,127,132,138,143,148,154,159,164,170,175,180,186,191,196,202,207,212,218,223,228,234,239,244,250,255,260,266,271,276,282,287,292,298,303,308,314,319,324,330,335,340,346,351,356,362,367,372,378,383,388,394,399,404,410,415,420,426,431,436,442,447,452,458,463,468,474,479,484,490,495,500,506,511,516,522,527,532,538
534,10,15,21,26,31,37,42,47,53,58,63,69,74,79,85,90,95,101,106,111,117,122,127,133,138,143,149,154,159,165,170,175,181,186,191,197,202,207,213,218,223,229,234,239,245,250,255,261,266,272,277,282,288,293,298,304,309,314,320,325,330,336,341,346,352,357,362,368,373,378,384,389,394,400,405,410,416,421,426,432,437,442,448,453,458,464,469,474,480,485,490,496,501,506,512,517,522,528,533,539
535,10,15,21,26,31,37,42,47,53,58,63,69,74,79,85,90,95,101,106,112,117,122,128,133,138,144,149,154,160,165,170,176,181,186,192,197,202,208,213,219,224,229,235,240,245,251,256,261,267,272,277,283,288,293,299,304,309,315,320,326,331,336,342,347,352,358,363,368,374,379,384,390,395,400,406,411,416,422,427,433,438,443,449,454,459,465,470,475,481,486,491,497,502,507,513,518,523,529,534,540
536,10,15,21,26,31,37,42,47,53,58,63,69,74,80,85,90,96,101,106,112,117,122,128,133,139,144,149,155,160,165,171,176,181,187,192,197,203,208,214,219,224,230,235,240,246,251,256,262,267,273,278,283,289,294,299,305,310,315,321,326,331,337,342,348,353,358,364,369,374,380,385,390,396,401,407,412,417,423,428,433,439,444,449,455,460,465,471,476,482,487,492,498,503,508,514,519,524,530,535,541
537,10,15,21,26,31,37,42,47,53,58,64,69,74,80,85,90,96,101,107,112,117,123,128,133,139,144,149,155,160,166,171,176,182,187,192,198,203,209,214,219,225,230,235,241,246,252,257,262,268,273,278,284,289,294,300,305,311,316,321,327,332,337,343,348,354,359,364,370,375,380,386,391,397,402,407,413,418,423,429,434,439,445,450,456,461,466,472,477,482,488,493,499,504,509,515,520,525,531,536,542
538,10,15,21,26,31,37,42,48,53,58,64,69,74,80,85,91,96,101,107,112,117,123,128,134,139,144,150,155,161,166,171,177,182,187,193,198,204,209,214,220,225,230,236,241,247,252,257,263,268,274,279,284,290,295,300,306,311,317,322,327,333,338,343,349,354,360,365,370,376,381,386,392,397,403,408,413,419,424,430,435,440,446,451,456,462,467,473,478,483,489,494,499,505,510,516,521,526,532,537,543
539,10,15,21,26,31,37,42,48,53,58,64,69,75,80,85,91,96,102,107,112,118,123,128,134,139,145,150,155,161,166,172,177,182,188,193,199,204,209,215,220,225,231,236,242,247,252,258,263,269,274,279,285,290,296,301,306,312,317,323,328,333,339,344,349,355,360,366,371,376,382,387,393,398,403,409,414,420,425,430,436,441,446,452,457,463,468,473,479,484,490,495,500,506,511,517,522,527,533,538,544
540,10,15,21,26,32,37,42,48,53,59,64,69,75,80,86,91,96,102,107,113,118,123,129,134,140,145,150,156,161,167,172,177,183,188,194,199,204,210,215,221,226,231,237,242,248,253,258,264,269,275,280,285,291,296,302,307,312,318,323,329,334,339,345,350,356,361,366,372,377,383,388,393,399,404,410,415,420,426,431,437,442,447,453,458,464,469,474,480,485,491,496,501,507,512,518,523,528,534,539,545
541,10,15,21,26,32,37,42,48,53,59,64,69,75,80,86,91,96,102,107,113,118,124,129,134,140,145,151,156,161,167,172,178,183,188,194,199,205,210,215,221,226,232,237,243,248,253,259,264,270,275,280,286,291,297,302,307,313,318,324,329,335,340,345,351,356,362,367,372,378,383,389,394,399,405,410,416,421,426,432,437,443,448,454,459,464,470,475,481,486,491,497,502,508,513,518,524,529,535,540,546