,1,2,3,4,5,6,7,8,9,10,11,12,13,14,15,16,17,18,19,20,21,22,23,24,25,26,27,28,29,30,31,32,33,34,35,36,37,38,39,40,41,42,43,44,45,46,47,48,49,50,51,52,53,54,55,56,57,58,59,60,61,62,63,64,65,66,67,68,69,70,71,72,73,74,75,76,77,78,79,80,81,82,83,84,85,86,87,88,89,90,91,92,93,94,95,96,97,98,99,100
22,4,4,4,4,5,5,5,5,5,6,6,6,6,7,7,7,7,7,8,8,8,8,9,9,9,9,9,9,9,9,9,10,10,10,10,10,11,11,11,11,12,12,12,12,12,13,13,13,13,14,14,14,14,14,15,15,15,15,15,16,16,16,16,17,17,17,17,17,18,18,18,18,18,18,18,18,18,19,19,19,19,20,20,20,20,20,21,21,21,21,22,22,22,22,22,23,23,23,23,24
23,4,4,4,4,5,5,5,5,6,6,6,6,6,7,7,7,7,8,8,8,8,9,9,9,9,9,9,9,9,9,10,10,10,10,11,11,11,11,11,12,12,12,12,13,13,13,13,14,14,14,14,14,15,15,15,15,16,16,16,16,17,17,17,17,17,18,18,18,18,18,18,18,18,19,19,19,19,19,20,20,20,20,21,21,21,21,22,22,22,22,22,23,23,23,23,24,24,24,24,25
24,4,4,4,4,5,5,5,5,6,6,6,6,7,7,7,7,8,8,8,8,9,9,9,9,9,9,9,9,9,10,10,10,10,11,11,11,11,12,12,12,12,13,13,13,13,14,14,14,14,15,15,15,15,15,16,16,16,16,17,17,17,17,18,18,18,18,18,18,18,18,19,19,19,19,20,20,20,20,20,21,21,21,21,22,22,22,22,23,23,23,23,24,24,24,24,25,25,25,25,26
25,4,4,4,5,5,5,5,6,6,6,6,7,7,7,7,8,8,8,8,9,9,9,9,9,9,9,9,10,10,10,10,11,11,11,11,12,12,12,12,13,13,13,13,14,14,14,14,15,15,15,15,16,16,16,16,17,17,17,17,18,18,18,18,18,18,18,18,19,19,19,19,20,20,20,20,21,21,21,21,22,22,22,22,23,23,23,23,24,24,24,24,25,25,25,25,26,26,26,26,27
26,4,4,4,5,5,5,5,6,6,6,6,7,7,7,7,8,8,8,8,9,9,9,9,9,9,9,10,10,10,10,11,11,11,11,12,12,12,12,13,13,13,13,14,14,14,14,15,15,15,16,16,16,16,17,17,17,17,18,18,18,18,18,18,18,18,19,19,19,19,20,20,20,20,21,21,21,22,22,22,22,23,23,23,23,24,24,24,24,25,25,25,25,26,26,26,26,27,27,27,27
27,4,4,4,5,5,5,5,6,6,6,6,7,7,7,8,8,8,8,9,9,9,9,9,9,9,10,10,10,10,11,11,11,11,12,12,12,12,13,13,13,14,14,14,14,15,15,15,15,16,16,16,17,17,17,17,18,18,18,18,18,18,18,19,19,19,19,20,20,20,20,21,21,21,21,22,22,22,23,23,23,23,24,24,24,24,25,25,25,26,26,26,26,27,27,27,27,27,27,27,28
28,4,4,4,5,5,5,5,6,6,6,7,7,7,7,8,8,8,9,9,9,9,9,9,9,10,10,10,10,11,11,11,11,12,12,12,13,13,13,13,14,14,14,15,15,15,15,16,16,16,17,17,17,17,18,18,18,18,18,18,18,19,19,19,19,20,20,20,21,21,21,21,22,22,22,23,23,23,23,24,24,24,24,25,25,25,26,26,26,26,27,27,27,27,27,27,27,28,28,28,29
29,4,4,4,5,5,5,6,6,6,6,7,7,7,8,8,8,8,9,9,9,9,9,9,9,10,10,10,11,11,11,11,12,12,12,13,13,13,14,14,14,14,15,15,15,16,16,16,16,17,17,17,18,18,18,18,18,18,18,19,19,19,19,20,20,20,21,21,21,22,22,22,22,23,23,23,24,24,24,24,25,25,25,26,26,26,26,27,27,27,27,27,27,27,28,28,28,29,29,29,30
30,4,4,4,5,5,5,6,6,6,7,7,7,7,8,8,8,9,9,9,9,9,9,9,10,10,10,11,11,11,12,12,12,12,13,13,13,14,14,14,15,15,15,15,16,16,16,17,17,17,18,18,18,18,18,18,18,19,19,19,20,20,20,20,21,21,21,22,22,22,23,23,23,23,24,24,24,25,25,25,26,26,26,26,27,27,27,27,27,27,28,28,28,28,29,29,29,30,30,30,31
31,4,4,4,5,5,5,6,6,6,7,7,7,8,8,8,8,9,9,9,9,9,9,10,10,10,11,11,11,11,12,12,12,13,13,13,14,14,14,15,15,15,16,16,16,16,17,17,17,18,18,18,18,18,18,19,19,19,19,20,20,20,21,21,21,22,22,22,23,23,23,24,24,24,24,25,25,25,26,26,26,27,27,27,27,27,27,27,28,28,28,29,29,29,30,30,30,31,31,31,32
32,4,4,4,5,5,5,6,6,6,7,7,7,8,8,8,9,9,9,9,9,9,10,10,10,11,11,11,11,12,12,12,13,13,13,14,14,14,15,15,15,16,16,16,17,17,17,18,18,18,18,18,18,18,19,19,19,20,20,20,21,21,21,22,22,22,23,23,23,24,24,24,25,25,25,26,26,26,26,27,27,27,27,27,27,28,28,28,29,29,29,30,30,30,31,31,31,32,32,32,33
33,4,4,4,5,5,5,6,6,6,7,7,7,8,8,8,9,9,9,9,9,9,10,10,10,11,11,11,12,12,12,13,13,13,14,14,14,15,15,15,16,16,16,17,17,17,18,18,18,18,18,18,19,19,19,20,20,20,21,21,21,22,22,22,23,23,23,24,24,24,25,25,25,26,26,26,27,27,27,27,27,27,28,28,28,29,29,29,30,30,30,31,31,31,32,32,32,33,33,33,34
34,4,4,5,5,5,6,6,6,7,7,7,8,8,8,9,9,9,9,9,9,10,10,10,11,11,11,12,12,12,13,13,13,14,14,14,15,15,15,16,16,16,17,17,17,18,18,18,18,18,19,19,19,20,20,20,21,21,21,22,22,22,23,23,23,24,24,24,25,25,25,26,26,26,27,27,27,27,27,27,28,28,28,29,29,29,30,30,30,31,31,31,32,32,32,33,33,33,34,34,35
35,4,4,5,5,5,6,6,6,7,7,7,8,8,8,9,9,9,9,9,10,10,10,11,11,11,12,12,12,13,13,13,14,14,14,15,15,15,16,16,17,17,17,18,18,18,18,18,18,19,19,19,20,20,20,21,21,21,22,22,23,23,23,24,24,24,25,25,25,26,26,26,27,27,27,27,27,27,28,28,29,29,29,30,30,30,31,31,31,32,32,32,33,33,33,34,34,34,35,35,36
36,4,4,5,5,5,6,6,6,7,7,7,8,8,9,9,9,9,9,9,10,10,10,11,11,12,12,12,13,13,13,14,14,14,15,15,15,16,16,17,17,17,18,18,18,18,18,18,19,19,20,20,20,21,21,21,22,22,22,23,23,23,24,24,25,25,25,26,26,26,27,27,27,27,27,28,28,28,29,29,29,30,30,30,31,31,31,32,32,33,33,33,34,34,34,35,35,35,36,36,36
37,4,4,5,5,5,6,6,6,7,7,8,8,8,9,9,9,9,9,10,10,10,11,11,11,12,12,12,13,13,14,14,14,15,15,15,16,16,17,17,17,18,18,18,18,18,19,19,19,20,20,20,21,21,21,22,22,23,23,23,24,24,24,25,25,26,26,26,27,27,27,27,27,28,28,28,29,29,29,30,30,30,31,31,32,32,32,33,33,33,34,34,35,35,35,36,36,36,36,36,37
38,4,4,5,5,5,6,6,7,7,7,8,8,8,9,9,9,9,9,10,10,10,11,11,12,12,12,13,13,14,14,14,15,15,15,16,16,17,17,17,18,18,18,18,18,19,19,19,20,20,21,21,21,22,22,22,23,23,24,24,24,25,25,25,26,26,27,27,27,27,27,27,28,28,29,29,29,30,30,31,31,31,32,32,32,33,33,34,34,34,35,35,35,36,36,36,36,36,37,37,38
39,4,4,5,5,5,6,6,7,7,7,8,8,9,9,9,9,9,10,10,10,11,11,11,12,12,13,13,13,14,14,15,15,15,16,16,17,17,17,18,18,18,18,18,19,19,19,20,20,21,21,21,22,22,23,23,23,24,24,25,25,25,26,26,26,27,27,27,27,27,28,28,29,29,29,30,30,31,31,31,32,32,32,33,33,34,34,34,35,35,36,36,36,36,36,37,37,37,38,38,39
40,4,4,5,5,6,6,6,7,7,8,8,8,9,9,9,9,9,10,10,11,11,11,12,12,13,13,13,14,14,15,15,15,16,16,17,17,17,18,18,18,18,18,19,19,20,20,20,21,21,22,22,22,23,23,24,24,24,25,25,26,26,26,27,27,27,27,27,28,28,29,29,29,30,30,31,31,31,32,32,33,33,33,34,34,35,35,35,36,36,36,36,36,37,37,38,38,38,39,39,40
41,4,4,5,5,6,6,6,7,7,8,8,8,9,9,9,9,9,10,10,11,11,12,12,12,13,13,14,14,14,15,15,16,16,16,17,17,18,18,18,18,18,19,19,20,20,20,21,21,22,22,22,23,23,24,24,24,25,25,26,26,27,27,27,27,27,28,28,28,29,29,30,30,30,31,31,32,32,32,33,33,34,34,35,35,35,36,36,36,36,36,37,37,38,38,38,39,39,40,40,41
42,4,4,5,5,6,6,6,7,7,8,8,9,9,9,9,9,10,10,10,11,11,12,12,13,13,13,14,14,15,15,16,16,16,17,17,18,18,18,18,18,19,19,20,20,20,21,21,22,22,23,23,23,24,24,25,25,25,26,26,27,27,27,27,27,28,28,29,29,29,30,30,31,31,32,32,32,33,33,34,34,35,35,35,36,36,36,36,36,37,37,38,38,39,39,39,40,40,41,41,42
43,4,4,5,5,6,6,7,7,7,8,8,9,9,9,9,9,10,10,11,11,12,12,12,13,13,14,14,15,15,15,16,16,17,17,18,18,18,18,18,19,19,20,20,20,21,21,22,22,23,23,23,24,24,25,25,26,26,26,27,27,27,27,28,28,28,29,29,30,30,31,31,31,32,32,33,33,34,34,34,35,35,36,36,36,36,36,37,37,38,38,39,39,39,40,40,41,41,42,42,43
44,4,4,5,5,6,6,7,7,7,8,8,9,9,9,9,10,10,10,11,11,12,12,13,13,14,14,14,15,15,16,16,17,17,17,18,18,18,18,19,19,20,20,20,21,21,22,22,23,23,24,24,24,25,25,26,26,27,27,27,27,27,28,28,29,29,30,30,30,31,31,32,32,33,33,34,34,34,35,35,36,36,36,36,36,37,37,38,38,39,39,40,40,40,41,41,42,42,43,43,44
45,4,4,5,5,6,6,7,7,8,8,8,9,9,9,9,10,10,11,11,12,12,12,13,13,14,14,15,15,16,16,16,17,17,18,18,18,18,19,19,20,20,20,21,21,22,22,23,23,24,24,24,25,25,26,26,27,27,27,27,28,28,28,29,29,30,30,31,31,32,32,32,33,33,34,34,35,35,36,36,36,36,36,37,37,38,38,39,39,40,40,40,41,41,42,42,43,43,44,44,45
46,4,4,5,5,6,6,7,7,8,8,9,9,9,9,9,10,10,11,11,12,12,13,13,14,14,14,15,15,16,16,17,17,18,18,18,18,19,19,19,20,20,21,21,22,22,23,23,24,24,25,25,25,26,26,27,27,27,27,28,28,29,29,29,30,30,31,31,32,32,33,33,34,34,35,35,35,36,36,36,36,37,37,38,38,39,39,40,40,40,41,41,42,42,43,43,44,44,45,45,45
47,4,4,5,5,6,6,7,7,8,8,9,9,9,9,10,10,10,11,11,12,12,13,13,14,14,15,15,16,16,17,17,18,18,18,18,18,19,19,20,20,21,21,22,22,23,23,24,24,25,25,25,26,26,27,27,27,27,28,28,29,29,30,30,31,31,32,32,32,33,33,34,34,35,35,36,36,36,36,37,37,38,38,39,39,39,40,40,41,41,42,42,43,43,44,44,45,45,45,45,46
48,4,4,5,5,6,6,7,7,8,8,9,9,9,9,10,10,11,11,12,12,13,13,14,14,15,15,15,16,16,17,17,18,18,18,18,19,19,20,20,21,21,22,22,23,23,24,24,25,25,26,26,26,27,27,27,27,28,28,29,29,30,30,31,31,32,32,33,33,34,34,35,35,36,36,36,36,36,37,37,38,38,39,39,40,40,41,41,42,42,43,43,44,44,45,45,45,45,46,46,47
49,4,4,5,5,6,6,7,7,8,8,9,9,9,9,10,10,11,11,12,12,13,13,14,14,15,15,16,16,17,17,18,18,18,18,19,19,20,20,21,21,22,22,23,23,24,24,25,25,26,26,26,27,27,27,27,28,28,29,29,30,30,31,31,32,32,33,33,34,34,35,35,36,36,36,36,37,37,38,38,39,39,40,40,41,41,42,42,43,43,44,44,45,45,45,45,46,46,47,47,48
50,4,5,5,6,6,7,7,8,8,9,9,9,9,10,10,11,11,12,12,13,13,14,14,15,15,16,16,17,17,18,18,18,18,19,19,20,20,21,21,22,22,23,23,24,24,25,25,26,26,27,27,27,27,28,28,29,29,30,30,31,31,32,32,33,33,34,34,35,35,36,36,36,36,37,37,38,38,39,39,40,40,41,41,42,42,43,43,44,44,45,45,45,45,46,46,47,47,48,48,49
51,4,5,5,6,6,7,7,8,8,9,9,9,9,10,10,11,11,12,12,13,13,14,14,15,15,16,16,17,17,18,18,18,18,19,19,20,20,21,21,22,22,23,23,24,24,25,25,26,26,27,27,27,28,28,29,29,30,30,31,31,32,32,33,33,34,34,35,35,36,36,36,36,37,37,38,38,39,39,40,40,41,41,42,42,43,43,44,44,45,45,45,45,46,46,47,47,48,48,49,50
52,4,5,5,6,6,7,7,8,8,9,9,9,9,10,10,11,11,12,12,13,13,14,14,15,16,16,17,17,18,18,18,18,19,19,20,20,21,21,22,22,23,23,24,24,25,25,26,26,27,27,27,28,28,29,29,30,30,31,31,32,32,33,33,34,34,35,35,36,36,36,36,37,37,38,39,39,40,40,41,41,42,42,43,43,44,44,45,45,45,45,46,46,47,47,48,48,49,49,50,51
53,4,5,5,6,6,7,7,8,8,9,9,9,9,10,10,11,12,12,13,13,14,14,15,15,16,16,17,17,18,18,18,18,19,20,20,21,21,22,22,23,23,24,24,25,25,26,26,27,27,27,28,28,29,29,30,30,31,31,32,32,33,33,34,34,35,35,36,36,36,37,37,38,38,39,39,40,40,41,41,42,42,43,43,44,45,45,45,45,46,46,47,47,48,48,49,49,50,50,51,52
54,4,5,5,6,6,7,7,8,8,9,9,9,10,10,11,11,12,12,13,13,14,14,15,15,16,17,17,18,18,18,18,19,19,20,20,21,21,22,23,23,24,24,25,25,26,26,27,27,27,28,28,29,29,30,30,31,31,32,32,33,33,34,35,35,36,36,36,36,37,37,38,38,39,39,40,41,41,42,42,43,43,44,44,45,45,45,45,46,47,47,48,48,49,49,50,50,51,51,52,53
55,4,5,5,6,6,7,7,8,8,9,9,9,10,10,11,11,12,12,13,14,14,15,15,16,16,17,17,18,18,18,19,19,20,20,21,21,22,22,23,24,24,25,25,26,26,27,27,27,27,28,29,29,30,30,31,31,32,32,33,34,34,35,35,36,36,36,36,37,37,38,39,39,40,40,41,41,42,42,43,44,44,45,45,45,45,46,46,47,47,48,49,49,50,50,51,51,52,52,53,54
56,4,5,5,6,6,7,7,8,9,9,9,9,10,10,11,11,12,13,13,14,14,15,15,16,17,17,18,18,18,18,19,19,20,21,21,22,22,23,23,24,24,25,26,26,27,27,27,27,28,29,29,30,30,31,31,32,32,33,34,34,35,35,36,36,36,36,37,38,38,39,39,40,40,41,42,42,43,43,44,44,45,45,45,46,46,47,47,48,48,49,49,50,51,51,52,52,53,53,54,54
57,4,5,5,6,6,7,7,8,9,9,9,9,10,10,11,12,12,13,13,14,14,15,16,16,17,17,18,18,18,19,19,20,20,21,21,22,23,23,24,24,25,25,26,27,27,27,27,28,28,29,30,30,31,31,32,32,33,34,34,35,35,36,36,36,37,37,38,38,39,39,40,41,41,42,42,43,43,44,45,45,45,45,46,46,47,48,48,49,49,50,50,51,52,52,53,53,54,54,54,55
58,4,5,5,6,6,7,8,8,9,9,9,9,10,11,11,12,12,13,14,14,15,15,16,16,17,18,18,18,18,19,19,20,21,21,22,22,23,24,24,25,25,26,26,27,27,27,28,28,29,30,30,31,31,32,32,33,34,34,35,35,36,36,36,37,37,38,38,39,40,40,41,41,42,42,43,44,44,45,45,45,45,46,47,47,48,48,49,50,50,51,51,52,52,53,54,54,54,54,55,56
59,4,5,5,6,6,7,8,8,9,9,9,10,10,11,11,12,13,13,14,14,15,15,16,17,17,18,18,18,19,19,20,20,21,22,22,23,23,24,25,25,26,26,27,27,27,28,28,29,29,30,31,31,32,32,33,34,34,35,35,36,36,36,37,37,38,38,39,40,40,41,41,42,43,43,44,44,45,45,45,46,46,47,47,48,49,49,50,50,51,52,52,53,53,54,54,54,55,55,56,57
60,4,5,5,6,7,7,8,8,9,9,9,10,10,11,12,12,13,13,14,15,15,16,16,17,18,18,18,18,19,20,20,21,21,22,23,23,24,24,25,26,26,27,27,27,28,28,29,29,30,31,31,32,32,33,34,34,35,35,36,36,36,37,37,38,39,39,40,40,41,42,42,43,43,44,45,45,45,45,46,47,47,48,48,49,50,50,51,51,52,53,53,54,54,54,55,55,56,56,57,58
61,4,5,5,6,7,7,8,8,9,9,9,10,10,11,12,12,13,13,14,15,15,16,17,17,18,18,18,19,19,20,20,21,22,22,23,23,24,25,25,26,27,27,27,27,28,29,29,30,30,31,32,32,33,33,34,35,35,36,36,36,37,37,38,39,39,40,40,41,42,42,43,43,44,45,45,45,45,46,47,47,48,49,49,50,50,51,52,52,53,53,54,54,54,55,55,56,57,57,58,59
62,4,5,5,6,7,7,8,8,9,9,9,10,11,11,12,12,13,14,14,15,16,16,17,17,18,18,18,19,19,20,21,21,22,23,23,24,24,25,26,26,27,27,27,28,28,29,30,30,31,32,32,33,33,34,35,35,36,36,36,37,37,38,39,39,40,40,41,42,42,43,44,44,45,45,45,46,46,47,47,48,49,49,50,51,51,52,52,53,54,54,54,55,55,56,56,57,58,58,59,60
63,4,5,5,6,7,7,8,9,9,9,9,10,11,11,12,13,13,14,14,15,16,16,17,18,18,18,19,19,20,20,21,22,22,23,24,24,25,25,26,27,27,27,28,28,29,29,30,31,31,32,33,33,34,35,35,36,36,36,37,37,38,39,39,40,40,41,42,42,43,44,44,45,45,45,46,46,47,48,48,49,50,50,51,51,52,53,53,54,54,54,55,55,56,57,57,58,59,59,60,61
64,4,5,5,6,7,7,8,9,9,9,10,10,11,11,12,13,13,14,15,15,16,17,17,18,18,18,19,19,20,21,21,22,23,23,24,25,25,26,26,27,27,27,28,29,29,30,31,31,32,33,33,34,34,35,36,36,36,37,37,38,39,39,40,40,41,42,42,43,44,44,45,45,45,46,47,47,48,48,49,50,50,51,52,52,53,54,54,54,54,55,56,56,57,58,58,59,60,60,61,62
65,4,5,5,6,7,7,8,9,9,9,10,10,11,12,12,13,14,14,15,16,16,17,17,18,18,18,19,20,20,21,22,22,23,24,24,25,26,26,27,27,27,28,28,29,30,30,31,32,32,33,34,34,35,36,36,36,37,37,38,39,39,40,40,41,42,42,43,44,44,45,45,45,46,47,47,48,49,49,50,51,51,52,52,53,54,54,54,55,55,56,57,57,58,59,59,60,61,61,62,63
66,4,5,5,6,7,7,8,9,9,9,10,10,11,12,12,13,14,14,15,16,16,17,18,18,18,19,19,20,21,21,22,23,23,24,25,25,26,27,27,27,28,28,29,30,30,31,32,32,33,34,34,35,35,36,36,36,37,38,38,39,40,40,41,42,42,43,44,44,45,45,45,46,47,47,48,49,49,50,51,51,52,53,53,54,54,54,55,56,56,57,58,58,59,60,60,61,62,62,63,63
67,4,5,6,6,7,8,8,9,9,9,10,11,11,12,13,13,14,15,15,16,17,17,18,18,18,19,20,20,21,22,22,23,24,24,25,26,26,27,27,27,28,29,29,30,31,31,32,33,33,34,35,35,36,36,36,37,38,38,39,40,40,41,42,42,43,44,44,45,45,45,46,47,47,48,49,49,50,51,51,52,53,53,54,54,54,55,56,56,57,58,58,59,60,60,61,62,62,63,63,64
68,4,5,6,6,7,8,8,9,9,9,10,11,11,12,13,13,14,15,15,16,17,17,18,18,19,19,20,21,21,22,23,23,24,25,25,26,27,27,27,28,28,29,30,30,31,32,32,33,34,35,35,36,36,36,37,38,38,39,40,40,41,42,42,43,44,44,45,45,45,46,47,47,48,49,50,50,51,52,52,53,54,54,54,55,55,56,57,57,58,59,59,60,61,61,62,63,63,63,64,65
69,4,5,6,6,7,8,8,9,9,9,10,11,11,12,13,14,14,15,16,16,17,18,18,18,19,19,20,21,22,22,23,24,24,25,26,26,27,27,27,28,29,29,30,31,32,32,33,34,34,35,36,36,36,37,37,38,39,40,40,41,42,42,43,44,44,45,45,45,46,47,47,48,49,50,50,51,52,52,53,54,54,54,55,55,56,57,58,58,59,60,60,61,62,62,63,63,63,64,65,66
70,4,5,6,6,7,8,8,9,9,10,10,11,12,12,13,14,14,15,16,17,17,18,18,18,19,20,20,21,22,23,23,24,25,25,26,27,27,27,28,29,29,30,31,31,32,33,33,34,35,36,36,36,37,37,38,39,39,40,41,42,42,43,44,44,45,45,45,46,47,48,48,49,50,50,51,52,52,53,54,54,54,55,56,56,57,58,58,59,60,61,61,62,63,63,63,64,64,65,66,67
71,4,5,6,6,7,8,8,9,9,10,10,11,12,12,13,14,15,15,16,17,17,18,18,19,19,20,21,21,22,23,24,24,25,26,26,27,27,27,28,29,30,30,31,32,32,33,34,35,35,36,36,36,37,38,39,39,40,41,41,42,43,44,44,45,45,45,46,47,47,48,49,50,50,51,52,52,53,54,54,54,55,56,56,57,58,59,59,60,61,61,62,63,63,63,64,65,65,66,67,68
72,4,5,6,6,7,8,9,9,9,10,10,11,12,13,13,14,15,15,16,17,18,18,18,19,20,20,21,22,22,23,24,25,25,26,27,27,27,28,29,29,30,31,31,32,33,34,34,35,36,36,36,37,38,38,39,40,41,41,42,43,43,44,45,45,45,46,47,47,48,49,50,50,51,52,53,53,54,54,54,55,56,57,57,58,59,59,60,61,62,62,63,63,63,64,65,66,66,67,68,69
73,4,5,6,6,7,8,9,9,9,10,11,11,12,13,13,14,15,16,16,17,18,18,18,19,20,20,21,22,23,23,24,25,26,26,27,27,28,28,29,30,30,31,32,33,33,34,35,36,36,36,37,37,38,39,40,40,41,42,43,43,44,45,45,45,46,47,47,48,49,50,50,51,52,53,53,54,54,54,55,56,57,57,58,59,60,60,61,62,62,63,63,64,64,65,66,67,67,68,69,70
74,4,5,6,6,7,8,9,9,9,10,11,11,12,13,14,14,15,16,17,17,18,18,19,19,20,21,21,22,23,24,24,25,26,27,27,27,28,29,29,30,31,32,32,33,34,35,35,36,36,37,37,38,39,39,40,41,42,42,43,44,45,45,45,46,47,47,48,49,50,50,51,52,53,53,54,54,54,55,56,57,57,58,59,60,60,61,62,63,63,63,64,65,65,66,67,68,68,69,70,71
75,4,5,6,7,7,8,9,9,9,10,11,12,12,13,14,15,15,16,17,18,18,18,19,20,20,21,22,23,23,24,25,26,26,27,27,28,28,29,30,31,31,32,33,34,34,35,36,36,36,37,38,39,39,40,41,42,42,43,44,45,45,45,46,47,47,48,49,50,50,51,52,53,53,54,54,55,55,56,57,58,58,59,60,61,61,62,63,63,63,64,65,66,66,67,68,69,69,70,71,72
76,4,5,6,7,7,8,9,9,9,10,11,12,12,13,14,15,15,16,17,18,18,18,19,20,21,21,22,23,24,24,25,26,27,27,27,28,29,29,30,31,32,32,33,34,35,35,36,36,37,38,38,39,40,41,41,42,43,44,44,45,45,46,46,47,48,49,49,50,51,52,52,53,54,54,55,55,56,57,58,58,59,60,61,61,62,63,63,63,64,65,66,66,67,68,69,69,70,71,72,72
77,4,5,6,7,7,8,9,9,9,10,11,12,13,13,14,15,16,16,17,18,18,18,19,20,21,22,22,23,24,25,25,26,27,27,27,28,29,30,31,31,32,33,34,34,35,36,36,36,37,38,39,40,40,41,42,43,43,44,45,45,45,46,47,48,49,49,50,51,52,52,53,54,54,54,55,56,57,58,58,59,60,61,61,62,63,63,63,64,65,66,67,67,68,69,70,70,71,72,72,73
78,4,5,6,7,7,8,9,9,10,10,11,12,13,13,14,15,16,17,17,18,18,19,19,20,21,22,23,23,24,25,26,26,27,27,28,29,29,30,31,32,32,33,34,35,36,36,36,37,38,39,39,40,41,42,42,43,44,45,45,45,46,47,48,48,49,50,51,52,52,53,54,54,54,55,56,57,58,58,59,60,61,61,62,63,63,64,64,65,66,67,67,68,69,70,71,71,72,72,73,74
79,4,5,6,7,7,8,9,9,10,10,11,12,13,14,14,15,16,17,18,18,18,19,20,20,21,22,23,24,24,25,26,27,27,27,28,29,30,31,31,32,33,34,34,35,36,36,37,37,38,39,40,41,41,42,43,44,45,45,45,46,47,47,48,49,50,51,51,52,53,54,54,54,55,56,57,58,58,59,60,61,61,62,63,63,64,64,65,66,67,68,68,69,70,71,72,72,72,73,74,75
80,4,5,6,7,8,8,9,9,10,11,11,12,13,14,15,15,16,17,18,18,18,19,20,21,22,22,23,24,25,26,26,27,27,28,29,29,30,31,32,33,33,34,35,36,36,36,37,38,39,40,40,41,42,43,44,44,45,45,46,47,47,48,49,50,51,51,52,53,54,54,54,55,56,57,58,58,59,60,61,62,62,63,63,64,65,65,66,67,68,69,69,70,71,72,72,72,73,74,75,76
81,4,5,6,7,8,8,9,9,10,11,11,12,13,14,15,15,16,17,18,18,19,19,20,21,22,23,23,24,25,26,27,27,27,28,29,30,30,31,32,33,34,35,35,36,36,37,38,38,39,40,41,42,42,43,44,45,45,45,46,47,48,49,50,50,51,52,53,54,54,54,55,56,57,57,58,59,60,61,61,62,63,63,64,65,65,66,67,68,69,69,70,71,72,72,72,73,74,75,76,77
82,4,5,6,7,8,8,9,9,10,11,12,12,13,14,15,16,16,17,18,18,19,20,20,21,22,23,24,24,25,26,27,27,28,28,29,30,31,32,32,33,34,35,36,36,36,37,38,39,40,41,41,42,43,44,45,45,45,46,47,48,49,49,50,51,52,53,53,54,54,55,56,57,57,58,59,60,61,61,62,63,63,64,65,65,66,67,68,69,69,70,71,72,72,73,73,74,75,76,77,78
83,4,5,6,7,8,8,9,9,10,11,12,12,13,14,15,16,17,17,18,18,19,20,21,21,22,23,24,25,26,26,27,27,28,29,30,30,31,32,33,34,35,35,36,36,37,38,39,39,40,41,42,43,43,44,45,45,46,47,47,48,49,50,51,52,52,53,54,54,55,56,56,57,58,59,60,61,61,62,63,63,64,65,65,66,67,68,69,70,70,71,72,72,73,74,74,75,76,77,78,79
84,4,5,6,7,8,9,9,9,10,11,12,13,13,14,15,16,17,18,18,18,19,20,21,22,23,23,24,25,26,27,27,27,28,29,30,31,32,32,33,34,35,36,36,36,37,38,39,40,41,42,42,43,44,45,45,46,46,47,48,49,50,51,51,52,53,54,54,55,55,56,57,58,59,60,61,61,62,63,63,64,65,65,66,67,68,69,70,70,71,72,72,73,74,74,75,76,77,78,79,80
85,4,5,6,7,8,9,9,9,10,11,12,13,14,14,15,16,17,18,18,19,19,20,21,22,23,24,24,25,26,27,27,28,29,29,30,31,32,33,34,35,35,36,36,37,38,39,39,40,41,42,43,44,45,45,45,46,47,48,49,50,50,51,52,53,54,54,54,55,56,57,58,59,60,60,61,62,63,63,64,65,65,66,67,68,69,70,70,71,72,72,73,74,75,75,76,77,78,79,80,81
86,4,5,6,7,8,9,9,9,10,11,12,13,14,15,15,16,17,18,18,19,20,20,21,22,23,24,25,26,26,27,27,28,29,30,31,31,32,33,34,35,36,36,36,37,38,39,40,41,42,43,43,44,45,45,46,47,48,48,49,50,51,52,53,54,54,54,55,56,57,58,59,59,60,61,62,63,63,64,64,65,66,67,68,69,70,70,71,72,72,73,74,75,75,76,77,78,79,80,81,81
87,4,5,6,7,8,9,9,9,10,11,12,13,14,15,16,16,17,18,18,19,20,21,22,22,23,24,25,26,27,27,27,28,29,30,31,32,33,34,34,35,36,36,37,38,39,40,40,41,42,43,44,45,45,45,46,47,48,49,50,51,52,52,53,54,54,55,56,57,58,58,59,60,61,62,63,63,63,64,65,66,67,68,69,70,70,71,72,72,73,74,75,76,76,77,78,79,80,81,81,82
88,4,5,6,7,8,9,9,10,10,11,12,13,14,15,16,17,17,18,18,19,20,21,22,23,24,24,25,26,27,27,28,29,30,30,31,32,33,34,35,36,36,36,37,38,39,40,41,42,43,44,44,45,45,46,47,48,49,50,50,51,52,53,54,54,55,56,56,57,58,59,60,61,62,63,63,63,64,65,66,67,68,69,70,70,71,72,72,73,74,75,76,76,77,78,79,80,81,81,82,83
89,4,5,6,7,8,9,9,10,11,11,12,13,14,15,16,17,18,18,18,19,20,21,22,23,24,25,26,26,27,27,28,29,30,31,32,33,33,34,35,36,36,37,38,39,40,40,41,42,43,44,45,45,46,47,47,48,49,50,51,52,53,54,54,54,55,56,57,58,59,60,61,62,62,63,63,64,65,66,67,68,69,69,70,71,72,72,73,74,75,76,76,77,78,79,80,81,81,82,83,84
90,4,5,6,7,8,9,9,10,11,12,12,13,14,15,16,17,18,18,19,20,20,21,22,23,24,25,26,27,27,28,28,29,30,31,32,33,34,35,36,36,36,37,38,39,40,41,42,43,44,45,45,45,46,47,48,49,50,51,52,53,53,54,54,55,56,57,58,59,60,61,61,62,63,63,64,65,66,67,68,69,69,70,71,72,72,73,74,75,76,77,77,78,79,80,81,81,82,83,84,85
91,4,5,6,7,8,9,9,10,11,12,13,13,14,15,16,17,18,18,19,20,21,22,22,23,24,25,26,27,27,28,29,30,31,31,32,33,34,35,36,36,37,38,39,40,40,41,42,43,44,45,45,46,47,48,49,49,50,51,52,53,54,54,55,56,57,58,58,59,60,61,62,63,63,64,65,66,67,67,68,69,70,71,72,72,73,74,75,76,76,77,78,79,80,81,81,82,83,84,85,86
92,4,5,6,7,8,9,9,10,11,12,13,14,14,15,16,17,18,18,19,20,21,22,23,24,25,25,26,27,27,28,29,30,31,32,33,34,35,35,36,36,37,38,39,40,41,42,43,44,45,45,45,46,47,48,49,50,51,52,53,54,54,55,55,56,57,58,59,60,61,62,63,63,64,65,66,66,67,68,69,70,71,72,72,73,74,75,76,76,77,78,79,80,81,81,82,83,84,85,86,87
93,4,5,6,7,8,9,9,10,11,12,13,14,15,16,16,17,18,18,19,20,21,22,23,24,25,26,27,27,27,28,29,30,31,32,33,34,35,36,36,37,38,39,39,40,41,42,43,44,45,45,46,47,48,49,50,51,52,52,53,54,54,55,56,57,58,59,60,61,62,63,63,63,64,65,66,67,68,69,70,71,72,72,73,74,75,75,76,77,78,79,80,81,81,82,83,84,85,86,87,88
94,4,5,6,7,8,9,9,10,11,12,13,14,15,16,17,18,18,18,19,20,21,22,23,24,25,26,27,27,28,29,30,31,32,32,33,34,35,36,36,37,38,39,40,41,42,43,44,45,45,46,46,47,48,49,50,51,52,53,54,54,55,56,57,58,59,60,60,61,62,63,63,64,65,66,67,68,69,70,71,72,72,73,74,74,75,76,77,78,79,80,81,81,82,83,84,85,86,87,88,89
95,4,5,6,7,8,9,9,10,11,12,13,14,15,16,17,18,18,19,20,21,21,22,23,24,25,26,27,27,28,29,30,31,32,33,34,35,36,36,37,38,38,39,40,41,42,43,44,45,45,46,47,48,49,50,51,52,53,54,54,55,55,56,57,58,59,60,61,62,63,63,64,65,66,67,68,69,70,71,72,72,72,73,74,75,76,77,78,79,80,81,81,82,83,84,85,86,87,88,89,90
96,4,5,6,7,8,9,9,10,11,12,13,14,15,16,17,18,18,19,20,21,22,23,24,25,26,26,27,27,28,29,30,31,32,33,34,35,36,36,37,38,39,40,41,42,43,44,45,45,46,47,47,48,49,50,51,52,53,54,54,55,56,57,58,59,60,61,62,63,63,64,65,66,67,68,69,69,70,71,72,72,73,74,75,76,77,78,79,80,81,81,82,83,84,85,86,87,88,89,90,90
97,4,5,6,7,8,9,9,10,11,12,13,14,15,16,17,18,18,19,20,21,22,23,24,25,26,27,27,28,29,30,31,32,33,33,34,35,36,36,37,38,39,40,41,42,43,44,45,45,46,47,48,49,50,51,52,53,54,54,55,56,57,58,59,60,61,62,62,63,63,64,65,66,67,68,69,70,71,72,72,73,74,75,76,77,78,79,80,81,81,82,83,84,85,86,87,88,89,90,90,91
98,4,5,6,7,8,9,9,10,11,12,13,14,15,16,17,18,18,19,20,21,22,23,24,25,26,27,27,28,29,30,31,32,33,34,35,36,36,37,38,39,40,41,42,43,44,45,45,46,47,48,48,49,50,51,52,53,54,54,55,56,57,58,59,60,61,62,63,63,64,65,66,67,68,69,70,71,72,72,73,74,75,76,77,78,79,80,81,81,82,83,84,85,86,87,88,89,90,90,91,92
99,4,5,6,7,8,9,9,10,11,12,13,14,15,16,17,18,18,19,20,21,22,23,24,25,26,27,27,28,29,30,31,32,33,34,35,36,36,37,38,39,40,41,42,43,44,45,45,46,47,48,49,50,51,52,53,54,54,55,56,57,58,59,60,61,62,63,63,64,65,66,67,68,69,70,71,72,72,73,74,75,76,77,78,79,80,81,81,82,83,84,85,86,87,88,89,90,90,91,92,93
100,5,6,7,8,9,9,10,11,12,13,14,15,16,17,18,18,19,20,21,22,23,24,25,26,27,27,28,29,30,31,32,33,34,35,36,36,37,38,39,40,41,42,43,44,45,45,46,47,48,49,50,51,52,53,54,54,55,56,57,58,59,60,61,62,63,63,64,65,66,67,68,69,70,71,72,72,73,74,75,76,77,78,79,80,81,81,82,83,84,85,86,87,88,89,90,90,91,92,93,94
101,5,6,7,8,9,9,10,11,12,13,14,15,16,17,18,18,19,20,21,22,23,24,25,26,27,27,28,29,30,31,32,33,34,35,36,36,37,38,39,40,41,42,43,44,45,45,46,47,48,49,50,51,52,53,54,54,55,56,57,58,59,60,61,62,63,63,64,65,66,67,68,69,70,71,72,72,73,74,75,76,77,78,79,80,81,81,82,83,84,85,86,87,88,89,90,90,91,92,93,95
102,5,6,7,8,9,9,10,11,12,13,14,15,16,17,18,18,19,20,21,22,23,24,25,26,27,27,28,29,30,31,32,33,34,35,36,36,37,38,39,40,41,42,43,44,45,45,46,47,48,50,51,52,53,54,54,55,56,57,58,59,60,61,62,63,63,64,65,66,67,68,69,70,71,72,72,73,74,75,76,77,78,79,80,81,81,82,83,84,85,86,87,88,89,90,90,91,92,93,94,96
103,5,6,7,8,9,9,10,11,12,13,14,15,16,17,18,18,19,20,21,22,23,24,25,26,27,27,28,29,30,31,32,33,34,36,36,37,38,39,40,41,42,43,44,45,45,46,47,48,49,50,51,52,53,54,54,55,56,57,58,59,60,61,62,63,63,64,66,67,68,69,70,71,72,72,73,74,75,76,77,78,79,80,81,81,82,83,84,85,86,87,88,89,90,90,91,92,93,94,95,97
104,5,6,7,8,9,9,10,11,12,13,14,15,16,17,18,18,19,20,21,22,23,24,25,26,27,28,29,30,31,32,33,34,35,36,36,37,38,39,40,41,42,43,44,45,45,46,47,48,49,51,52,53,54,54,55,56,57,58,59,60,61,62,63,63,64,65,66,67,68,69,70,71,72,72,74,75,76,77,78,79,80,81,81,82,83,84,85,86,87,88,89,90,90,91,92,93,94,95,96,98
105,5,6,7,8,9,9,10,11,12,13,14,15,16,17,18,18,19,20,21,23,24,25,26,27,27,28,29,30,31,32,33,34,35,36,36,37,38,39,40,42,43,44,45,45,46,47,48,49,50,51,52,53,54,54,55,56,57,58,59,61,62,63,63,64,65,66,67,68,69,70,71,72,72,73,74,75,76,77,78,80,81,81,82,83,84,85,86,87,88,89,90,90,91,92,93,94,95,96,97,99
106,5,6,7,8,9,9,10,11,12,13,14,15,16,17,18,18,20,21,22,23,24,25,26,27,27,28,29,30,31,32,33,34,35,36,37,38,39,40,41,42,43,44,45,45,46,47,48,49,50,52,53,54,54,55,56,57,58,59,60,61,62,63,63,64,65,66,68,69,70,71,72,72,73,74,75,76,77,78,79,80,81,81,82,84,85,86,87,88,89,90,90,91,92,93,94,95,96,97,98,99
107,5,6,7,8,9,9,10,11,12,13,14,15,16,17,18,19,20,21,22,23,24,25,26,27,27,28,29,30,32,33,34,35,36,36,37,38,39,40,41,42,43,44,45,46,47,48,49,50,51,52,53,54,54,55,56,57,58,60,61,62,63,63,64,65,66,67,68,69,70,71,72,73,74,75,76,77,78,79,80,81,81,82,83,84,85,87,88,89,90,90,91,92,93,94,95,96,97,98,99,100
108,5,6,7,8,9,9,10,11,12,13,14,15,17,18,18,19,20,21,22,23,24,25,26,27,28,29,30,31,32,33,34,35,36,36,37,38,39,41,42,43,44,45,45,46,47,48,49,50,51,53,54,54,55,56,57,58,59,60,61,62,63,63,65,66,67,68,69,70,71,72,72,73,74,75,77,78,79,80,81,81,82,83,84,85,86,87,88,90,90,91,92,93,94,95,96,97,98,99,99,101
109,5,6,7,8,9,9,10,11,12,13,14,16,17,18,18,19,20,21,22,23,24,25,27,27,28,29,30,31,32,33,34,35,36,37,38,39,40,41,42,43,44,45,45,46,48,49,50,51,52,53,54,54,55,56,57,59,60,61,62,63,63,64,65,66,67,68,70,71,72,72,73,74,75,76,77,78,79,81,81,82,83,84,85,86,87,88,89,90,91,92,93,94,95,96,97,98,99,99,100,102
110,5,6,7,8,9,9,10,11,12,14,15,16,17,18,18,19,20,21,22,24,25,26,27,27,28,29,30,31,32,34,35,36,36,37,38,39,40,41,42,44,45,45,46,47,48,49,50,51,52,54,54,55,56,57,58,59,60,61,62,63,64,65,66,67,68,69,70,71,72,73,74,75,76,77,78,79,80,81,81,83,84,85,86,87,88,89,90,90,91,93,94,95,96,97,98,99,99,100,101,103
111,5,6,7,8,9,9,10,11,12,14,15,16,17,18,18,19,20,21,23,24,25,26,27,27,28,29,30,32,33,34,35,36,36,37,38,39,41,42,43,44,45,45,46,47,48,50,51,52,53,54,54,55,56,57,59,60,61,62,63,63,64,65,66,68,69,70,71,72,72,73,74,75,77,78,79,80,81,81,82,83,84,86,87,88,89,90,90,91,92,93,95,96,97,98,99,99,100,101,102,104
112,5,6,7,8,9,9,10,11,13,14,15,16,17,18,18,19,21,22,23,24,25,26,27,27,29,30,31,32,33,34,35,36,36,38,39,40,41,42,43,44,45,46,47,48,49,50,51,52,53,54,55,56,57,58,59,60,61,62,63,64,65,66,67,68,69,70,72,72,73,74,75,76,77,78,80,81,81,82,83,84,85,86,87,89,90,90,91,92,93,94,95,97,98,99,99,100,101,102,103,105
113,5,6,7,8,9,9,10,12,13,14,15,16,17,18,18,20,21,22,23,24,25,26,27,28,29,30,31,32,33,34,36,36,37,38,39,40,41,42,44,45,45,46,47,48,49,50,52,53,54,54,55,56,57,59,60,61,62,63,63,64,65,67,68,69,70,71,72,72,73,75,76,77,78,79,80,81,82,83,84,85,86,87,88,89,90,91,92,93,94,95,96,97,99,99,100,101,102,103,104,106
114,5,6,7,8,9,9,10,12,13,14,15,16,17,18,19,20,21,22,23,24,25,27,27,28,29,30,31,32,34,35,36,36,37,38,39,41,42,43,44,45,45,46,48,49,50,51,52,53,54,55,56,57,58,59,60,61,62,63,64,65,66,67,68,69,71,72,72,73,74,75,76,78,79,80,81,81,82,83,85,86,87,88,89,90,90,92,93,94,95,96,97,98,99,100,101,102,103,104,105,107
115,5,6,7,8,9,9,11,12,13,14,15,16,17,18,19,20,21,22,23,25,26,27,27,28,29,30,32,33,34,35,36,36,37,39,40,41,42,43,44,45,46,47,48,49,50,51,53,54,54,55,56,57,58,60,61,62,63,63,64,66,67,68,69,70,71,72,73,74,75,76,77,78,79,81,81,82,83,84,85,87,88,89,90,90,91,92,94,95,96,97,98,99,99,101,102,103,104,105,106,108
116,5,6,7,8,9,9,11,12,13,14,15,16,18,18,19,20,21,22,24,25,26,27,27,28,30,31,32,33,34,35,36,37,38,39,40,41,42,44,45,45,46,47,48,50,51,52,53,54,54,56,57,58,59,60,61,62,63,64,65,66,67,68,70,71,72,72,73,74,76,77,78,79,80,81,82,83,84,85,86,87,88,90,90,91,92,93,94,96,97,98,99,99,100,102,103,104,105,106,107,108
117,5,6,7,8,9,10,11,12,13,14,15,17,18,18,19,20,21,23,24,25,26,27,27,29,30,31,32,33,34,36,36,37,38,39,40,42,43,44,45,45,46,48,49,50,51,52,53,54,55,56,57,58,60,61,62,63,63,64,66,67,68,69,70,71,72,73,74,75,76,77,79,80,81,81,82,83,85,86,87,88,89,90,91,92,93,94,95,96,98,99,99,100,101,102,104,105,106,107,108,109
118,5,6,7,8,9,10,11,12,13,14,15,17,18,18,19,20,22,23,24,25,26,27,28,29,30,31,32,34,35,36,36,37,38,40,41,42,43,44,45,46,47,48,49,50,52,53,54,54,55,57,58,59,60,61,62,63,64,65,66,67,68,70,71,72,72,73,75,76,77,78,79,80,81,82,83,84,85,87,88,89,90,90,91,93,94,95,96,97,99,99,100,101,102,103,105,106,107,108,108,110
119,5,6,7,8,9,10,11,12,13,14,16,17,18,18,19,21,22,23,24,25,26,27,28,29,30,31,33,34,35,36,36,38,39,40,41,42,44,45,45,46,47,48,50,51,52,53,54,55,56,57,58,59,61,62,63,63,64,66,67,68,69,70,71,72,73,74,75,76,78,79,80,81,81,83,84,85,86,87,89,90,90,91,92,93,95,96,97,98,99,100,101,102,103,104,106,107,108,108,109,111
120,5,6,7,8,9,10,11,12,13,15,16,17,18,18,20,21,22,23,24,26,27,27,28,29,31,32,33,34,35,36,37,38,39,40,42,43,44,45,45,47,48,49,50,51,53,54,54,55,56,58,59,60,61,62,63,64,65,66,67,69,70,71,72,72,74,75,76,77,78,80,81,81,82,83,85,86,87,88,89,90,91,92,93,94,96,97,98,99,99,101,102,103,104,105,107,108,108,109,110,112
121,5,6,7,8,9,10,11,12,13,15,16,17,18,18,20,21,22,23,24,26,27,27,28,30,31,32,33,34,36,36,37,38,39,41,42,43,44,45,46,47,48,49,51,52,53,54,54,56,57,58,59,60,62,63,63,64,65,67,68,69,70,72,72,73,74,75,77,78,79,80,81,82,83,84,85,86,88,89,90,90,92,93,94,95,96,98,99,99,100,101,103,104,105,106,107,108,109,110,111,113
122,5,6,7,8,9,10,11,12,13,15,16,17,18,19,20,21,22,23,25,26,27,27,29,30,31,32,33,35,36,36,37,39,40,41,42,43,45,45,46,47,49,50,51,52,53,54,55,56,57,59,60,61,62,63,64,65,66,67,68,70,71,72,72,74,75,76,77,78,80,81,81,82,84,85,86,87,88,90,90,91,92,94,95,96,97,98,99,100,101,102,104,105,106,107,108,109,110,111,112,114
123,5,6,7,8,9,10,11,12,14,15,16,17,18,19,20,21,22,24,25,26,27,28,29,30,31,32,34,35,36,36,38,39,40,41,43,44,45,45,46,48,49,50,51,53,54,54,55,57,58,59,60,61,63,63,64,65,67,68,69,70,72,72,73,74,75,77,78,79,80,81,82,83,84,86,87,88,89,90,91,92,93,94,96,97,98,99,100,101,102,103,104,106,107,108,108,110,111,112,113,115
124,5,6,7,8,9,10,11,12,14,15,16,17,18,19,20,21,23,24,25,26,27,28,29,30,32,33,34,35,36,37,38,39,40,42,43,44,45,46,47,48,49,51,52,53,54,55,56,57,58,60,61,62,63,63,65,66,67,68,70,71,72,72,74,75,76,77,79,80,81,81,83,84,85,86,88,89,90,90,91,93,94,95,96,98,99,99,100,102,103,104,105,107,108,108,109,111,112,113,114,116
125,5,6,7,9,9,10,11,13,14,15,16,18,18,19,20,22,23,24,25,27,27,28,29,31,32,33,34,36,36,37,38,40,41,42,43,45,45,46,47,49,50,51,52,54,54,55,56,58,59,60,61,63,63,64,65,67,68,69,70,72,72,73,74,76,77,78,79,81,81,82,83,85,86,87,88,90,90,91,92,94,95,96,97,99,99,100,101,103,104,105,106,108,108,109,110,112,113,114,115,117
126,5,6,7,9,9,10,11,13,14,15,16,18,18,19,20,22,23,24,25,27,27,28,29,31,32,33,35,36,36,37,39,40,41,42,44,45,45,46,48,49,50,51,53,54,54,55,57,58,59,61,62,63,63,65,66,67,68,70,71,72,72,74,75,76,77,79,80,81,81,83,84,85,86,88,89,90,91,92,93,94,96,97,98,99,100,101,102,103,105,106,107,108,109,110,111,112,114,115,116,117
127,5,6,7,9,9,10,11,13,14,15,16,18,18,19,21,22,23,24,26,27,27,28,30,31,32,34,35,36,36,38,39,40,41,43,44,45,45,47,48,49,51,52,53,54,55,56,57,58,60,61,62,63,64,65,66,68,69,70,71,72,73,74,76,77,78,79,81,81,82,83,85,86,87,88,90,90,91,93,94,95,96,98,99,99,100,102,103,104,106,107,108,108,110,111,112,113,115,116,117,118
128,5,6,7,9,9,10,11,13,14,15,17,18,18,19,21,22,23,25,26,27,27,29,30,31,33,34,35,36,37,38,39,40,42,43,44,45,46,47,48,50,51,52,54,54,55,56,58,59,60,62,63,63,64,66,67,68,69,71,72,72,74,75,76,77,79,80,81,82,83,84,85,87,88,89,90,91,92,93,95,96,97,98,99,100,101,103,104,105,106,108,108,109,111,112,113,114,116,117,117,119
129,5,6,7,9,9,10,12,13,14,15,17,18,18,20,21,22,23,25,26,27,28,29,30,31,33,34,35,36,37,38,39,41,42,43,45,45,46,48,49,50,51,53,54,54,56,57,58,59,61,62,63,64,65,66,67,69,70,71,72,73,74,75,77,78,79,81,81,82,84,85,86,87,89,90,90,92,93,94,95,97,98,99,100,101,102,103,105,106,107,108,109,110,111,113,114,115,117,117,118,120
130,5,6,7,9,9,10,12,13,14,16,17,18,18,20,21,22,24,25,26,27,28,29,30,32,33,34,36,36,37,39,40,41,42,44,45,45,47,48,49,51,52,53,54,55,56,57,59,60,61,63,63,64,65,67,68,69,71,72,72,74,75,76,77,79,80,81,82,83,84,86,87,88,89,90,91,92,94,95,96,98,99,99,100,102,103,104,106,107,108,109,110,111,112,114,115,116,117,118,119,121
131,5,6,7,9,9,10,12,13,14,16,17,18,19,20,21,22,24,25,26,27,28,29,31,32,33,35,36,36,37,39,40,41,43,44,45,46,47,48,50,51,52,54,54,55,56,58,59,60,62,63,63,65,66,67,69,70,71,72,73,74,75,77,78,79,81,81,82,84,85,86,88,89,90,90,92,93,94,96,97,98,99,100,101,103,104,105,106,108,108,109,111,112,113,115,116,117,118,119,120,122
132,5,6,7,9,9,10,12,13,14,16,17,18,19,20,21,23,24,25,27,27,28,30,31,32,34,35,36,36,38,39,40,42,43,44,45,46,47,49,50,51,53,54,54,56,57,58,60,61,62,63,64,65,66,68,69,70,72,72,73,75,76,77,79,80,81,82,83,84,86,87,88,90,90,91,93,94,95,96,98,99,99,101,102,103,105,106,107,108,109,110,112,113,114,116,117,117,119,120,121,123
133,5,6,7,9,9,10,12,13,14,16,17,18,19,20,21,23,24,25,27,27,28,30,31,32,34,35,36,37,38,39,41,42,43,45,45,46,48,49,50,52,53,54,55,56,57,59,60,61,63,63,64,66,67,68,70,71,72,73,74,75,77,78,79,81,81,82,84,85,86,88,89,90,91,92,93,95,96,97,99,99,100,102,103,104,106,107,108,109,110,111,113,114,115,117,117,118,120,121,122,124
134,5,6,8,9,9,11,12,13,15,16,17,18,19,20,22,23,24,26,27,27,29,30,31,33,34,35,36,37,38,40,41,42,44,45,45,47,48,49,51,52,53,54,55,56,58,59,60,62,63,64,65,66,68,69,70,72,72,73,75,76,77,79,80,81,82,83,84,86,87,88,90,90,91,93,94,95,97,98,99,100,101,102,104,105,106,108,108,109,111,112,113,115,116,117,118,119,120,122,123,125
135,5,6,8,9,9,11,12,13,15,16,17,18,19,20,22,23,24,26,27,28,29,30,32,33,34,36,36,37,39,40,41,43,44,45,46,47,48,50,51,53,54,54,56,57,58,60,61,62,63,64,65,67,68,69,71,72,72,74,75,77,78,79,81,81,82,84,85,86,88,89,90,91,92,93,95,96,97,99,99,101,102,103,105,106,107,108,109,110,112,113,114,116,117,117,119,120,121,123,124,126
136,5,6,8,9,9,11,12,13,15,16,17,18,19,21,22,23,25,26,27,28,29,30,32,33,35,36,36,38,39,40,42,43,44,45,46,47,49,50,52,53,54,55,56,57,59,60,61,63,63,65,66,67,69,70,71,72,73,74,76,77,78,80,81,82,83,84,86,87,88,90,90,91,93,94,96,97,98,99,100,101,103,104,105,107,108,108,110,111,113,114,115,117,117,118,120,121,122,124,125,126
137,5,6,8,9,9,11,12,13,15,16,18,18,19,21,22,23,25,26,27,28,29,31,32,33,35,36,36,38,39,41,42,43,45,45,46,48,49,51,52,53,54,55,56,58,59,61,62,63,64,65,66,68,69,70,72,72,74,75,76,78,79,80,81,82,84,85,86,88,89,90,91,92,94,95,96,98,99,99,101,102,103,105,106,108,108,109,111,112,113,115,116,117,118,119,121,122,123,125,126,127
138,5,6,8,9,9,11,12,14,15,16,18,18,19,21,22,24,25,26,27,28,29,31,32,34,35,36,37,38,40,41,42,44,45,45,47,48,50,51,52,54,54,55,57,58,60,61,62,63,64,66,67,68,70,71,72,73,74,76,77,78,80,81,81,83,84,86,87,88,90,90,91,93,94,96,97,98,99,100,102,103,104,106,107,108,109,110,112,113,114,116,117,117,119,120,122,123,124,126,126,128
139,5,6,8,9,9,11,12,14,15,16,18,18,20,21,22,24,25,27,27,28,30,31,32,34,35,36,37,38,40,41,43,44,45,46,47,49,50,51,53,54,54,56,57,59,60,61,63,63,65,66,67,69,70,72,72,73,75,76,78,79,80,81,82,83,85,86,88,89,90,91,92,94,95,96,98,99,100,101,102,104,105,106,108,108,110,111,112,114,115,117,117,118,120,121,123,124,125,126,127,129
140,5,6,8,9,10,11,12,14,15,17,18,18,20,21,23,24,25,27,27,29,30,31,33,34,36,36,37,39,40,42,43,44,45,46,48,49,50,52,53,54,55,56,58,59,61,62,63,64,65,67,68,69,71,72,73,74,75,77,78,80,81,81,83,84,86,87,88,90,90,92,93,94,96,97,99,99,100,102,103,105,106,107,108,109,111,112,113,115,116,117,118,119,121,122,124,125,126,127,128,130
141,5,6,8,9,10,11,12,14,15,17,18,18,20,21,23,24,25,27,27,29,30,32,33,34,36,36,38,39,40,42,43,45,45,46,48,49,51,52,53,54,55,57,58,60,61,62,63,64,66,67,68,70,71,72,73,74,76,77,79,80,81,82,83,85,86,88,89,90,91,92,94,95,96,98,99,100,101,102,104,105,107,108,109,110,111,113,114,116,117,117,119,120,122,123,124,126,126,128,129,131
142,5,6,8,9,10,11,12,14,15,17,18,19,20,21,23,24,26,27,27,29,30,32,33,35,36,36,38,39,41,42,44,45,45,47,48,50,51,52,54,54,56,57,59,60,61,63,63,65,66,68,69,70,72,72,74,75,76,78,79,81,81,83,84,85,87,88,90,90,91,93,94,96,97,99,99,100,102,103,105,106,108,108,109,111,112,114,115,116,117,118,120,121,123,124,125,126,127,129,130,132
143,5,6,8,9,10,11,13,14,15,17,18,19,20,22,23,24,26,27,28,29,31,32,33,35,36,37,38,40,41,42,44,45,46,47,49,50,51,53,54,55,56,58,59,60,62,63,64,65,67,68,69,71,72,73,74,76,77,78,80,81,82,83,85,86,87,89,90,91,92,94,95,96,98,99,100,101,103,104,105,107,108,109,110,112,113,114,116,117,118,119,121,122,123,125,126,127,128,130,131,133
144,5,6,8,9,10,11,13,14,15,17,18,19,20,22,23,25,26,27,28,29,31,32,34,35,36,37,38,40,41,43,44,45,46,47,49,50,52,53,54,55,57,58,59,61,62,63,64,66,67,69,70,71,72,73,75,76,78,79,80,81,82,84,85,87,88,90,90,91,93,94,96,97,99,99,101,102,103,105,106,108,108,110,111,112,114,115,117,117,119,120,122,123,124,126,126,128,129,131,132,134
145,5,6,8,9,10,11,13,14,16,17,18,19,20,22,23,25,26,27,28,30,31,32,34,35,36,37,39,40,42,43,44,45,46,48,49,51,52,54,54,56,57,58,60,61,63,63,65,66,68,69,70,72,72,74,75,77,78,80,81,82,83,84,86,87,89,90,91,92,94,95,96,98,99,100,101,103,104,106,107,108,109,110,112,113,115,116,117,118,120,121,122,124,125,126,127,129,130,132,133,135
146,5,6,8,9,10,11,13,14,16,17,18,19,20,22,23,25,26,27,28,30,31,33,34,36,36,37,39,40,42,43,45,45,47,48,50,51,53,54,54,56,57,59,60,62,63,64,65,67,68,70,71,72,73,74,76,77,79,80,81,82,84,85,86,88,89,90,91,93,94,96,97,99,99,101,102,103,105,106,108,108,110,111,113,114,116,117,118,119,120,122,123,125,126,127,128,130,131,133,134,135
147,5,6,8,9,10,11,13,14,16,17,18,19,21,22,24,25,26,27,28,30,31,33,34,36,36,38,39,41,42,44,45,46,47,48,50,51,53,54,55,56,58,59,61,62,63,64,66,67,69,70,71,72,73,75,76,78,79,81,81,83,84,86,87,89,90,91,92,93,95,96,98,99,100,101,103,104,106,107,108,109,111,112,114,115,116,117,118,120,121,123,124,126,126,128,129,131,132,134,135,136
148,5,6,8,9,10,11,13,14,16,17,18,19,21,22,24,25,27,27,29,30,32,33,35,36,37,38,39,41,42,44,45,46,47,49,50,52,53,54,55,57,58,60,61,63,63,65,66,68,69,71,72,72,74,75,77,78,80,81,82,83,85,86,88,89,90,91,93,94,96,97,99,99,101,102,104,105,106,108,108,110,111,113,114,116,117,118,119,121,122,124,125,126,127,129,130,132,133,135,135,137
149,5,6,8,9,10,11,13,14,16,17,18,19,21,22,24,25,27,27,29,30,32,33,35,36,37,38,40,41,43,44,45,46,48,49,51,52,54,54,56,57,59,60,62,63,64,65,67,68,70,71,72,73,74,76,77,79,80,81,82,84,85,87,88,90,90,92,93,95,96,98,99,100,101,103,104,106,107,108,109,111,112,114,115,117,117,119,120,122,123,125,126,127,128,130,131,133,134,135,136,138
150,5,7,8,9,10,12,13,15,16,18,18,20,21,23,24,26,27,28,29,31,32,34,35,36,37,39,40,42,43,45,45,47,48,50,51,53,54,55,56,58,59,61,62,63,64,66,67,69,70,72,72,74,75,77,78,80,81,82,83,85,86,88,89,90,91,93,94,96,97,99,99,101,102,104,105,107,108,109,110,112,113,115,116,117,118,120,121,123,124,126,126,128,129,131,132,134,135,136,137,139
151,5,7,8,9,10,12,13,15,16,18,18,20,21,23,24,26,27,28,29,31,32,34,35,36,37,39,40,42,43,45,45,47,48,50,51,53,54,55,56,58,59,61,62,63,64,66,67,69,70,72,73,74,76,77,79,80,81,82,84,85,87,88,90,90,92,93,95,96,98,99,100,101,103,104,106,107,108,109,111,112,114,115,117,117,119,120,122,123,125,126,127,128,130,131,133,134,135,136,138,140
152,5,7,8,9,10,12,13,15,16,18,18,20,21,23,24,26,27,28,29,31,32,34,35,36,38,39,41,42,44,45,46,47,49,50,52,53,54,55,57,58,60,61,63,63,65,66,68,69,71,72,73,75,76,78,79,81,81,83,84,86,87,89,90,91,92,94,95,97,98,99,100,102,103,105,107,108,109,110,112,113,115,116,117,118,120,121,123,124,126,126,128,129,131,132,134,135,136,137,139,141
153,5,7,8,9,10,12,13,15,16,18,18,20,21,23,24,26,27,28,30,31,33,34,36,36,38,39,41,42,44,45,46,47,49,51,52,54,54,56,57,59,60,62,63,64,65,67,68,70,71,72,74,75,77,78,80,81,82,83,85,86,88,89,90,91,93,94,96,98,99,100,101,103,104,106,107,108,109,111,112,114,115,117,117,119,121,122,124,125,126,127,129,130,132,133,135,135,137,138,140,142
154,5,7,8,9,10,12,13,15,16,18,18,20,22,23,25,26,27,28,30,31,33,34,36,36,38,40,41,43,44,45,46,48,49,51,52,54,54,56,58,59,61,62,63,64,66,67,69,70,72,73,74,76,77,79,80,81,82,84,85,87,88,90,91,92,94,95,97,98,99,100,102,103,105,106,108,109,110,112,113,115,116,117,118,120,121,123,124,126,127,128,130,131,133,134,135,136,138,139,141,143
155,5,7,8,9,10,12,13,15,16,18,19,20,22,23,25,26,27,28,30,32,33,35,36,37,38,40,41,43,44,45,47,48,50,51,53,54,55,56,58,60,61,63,63,65,66,68,69,71,72,73,75,76,78,79,81,81,83,84,86,88,89,90,91,93,94,96,97,99,99,101,103,104,106,107,108,109,111,112,114,116,117,118,119,121,122,124,125,126,127,129,131,132,134,135,136,137,139,140,142,144
156,5,7,8,9,10,12,13,15,17,18,19,20,22,23,25,26,27,29,30,32,33,35,36,37,39,40,42,43,45,45,47,48,50,52,53,54,55,57,58,60,61,63,64,65,67,68,70,71,72,74,75,77,78,80,81,82,83,85,87,88,90,90,92,93,95,96,98,99,100,102,103,105,106,108,109,110,112,113,115,116,117,118,120,122,123,125,126,127,128,130,131,133,135,135,137,138,140,141,143,144
157,5,7,8,9,10,12,13,15,17,18,19,20,22,23,25,27,27,29,30,32,33,35,36,37,39,40,42,43,45,46,47,49,50,52,53,54,56,57,59,60,62,63,64,66,67,69,70,72,72,74,76,77,79,80,81,82,84,86,87,89,90,91,92,94,96,97,99,99,101,102,104,106,107,108,109,111,112,114,116,117,118,119,121,122,124,126,126,128,129,131,132,134,135,136,138,139,141,142,144,145
158,5,7,8,9,10,12,14,15,17,18,19,20,22,24,25,27,27,29,31,32,34,35,36,37,39,41,42,44,45,46,47,49,51,52,54,54,56,58,59,61,62,63,64,66,68,69,71,72,73,75,76,78,79,81,81,83,85,86,88,89,90,91,93,95,96,98,99,100,102,103,105,106,108,108,110,112,113,115,116,117,118,120,122,123,125,126,127,129,130,132,133,135,135,137,139,140,142,143,144,146
159,5,7,8,9,10,12,14,15,17,18,19,21,22,24,25,27,28,29,31,32,34,35,36,38,39,41,42,44,45,46,48,49,51,53,54,55,56,58,60,61,63,63,65,66,68,70,71,72,73,75,77,78,80,81,82,84,85,87,88,90,90,92,94,95,97,98,99,101,102,104,105,107,108,109,111,112,114,116,117,118,119,121,122,124,126,126,128,129,131,133,134,135,136,138,140,141,143,144,145,147
160,5,7,8,9,11,12,14,15,17,18,19,21,22,24,26,27,28,29,31,33,34,36,36,38,40,41,43,44,45,47,48,50,51,53,54,55,57,58,60,62,63,64,65,67,69,70,72,72,74,76,77,79,80,81,83,84,86,87,89,90,91,93,94,96,98,99,100,101,103,105,106,108,108,110,112,113,115,116,117,119,120,122,123,125,126,127,129,130,132,134,135,136,137,139,141,142,144,144,146,148
161,5,7,8,9,11,12,14,15,17,18,19,21,22,24,26,27,28,29,31,33,34,36,37,38,40,41,43,45,45,47,48,50,52,53,54,55,57,59,60,62,63,64,66,67,69,71,72,73,74,76,78,79,81,81,83,85,86,88,89,90,92,93,95,97,98,99,100,102,104,105,107,108,109,111,112,114,115,117,118,119,121,123,124,126,126,128,130,131,133,134,135,137,138,140,141,143,144,145,147,149
162,5,7,8,9,11,12,14,15,17,18,19,21,23,24,26,27,28,30,31,33,35,36,37,38,40,42,43,45,45,47,49,50,52,54,54,56,57,59,61,62,63,65,66,68,69,71,72,73,75,77,78,80,81,82,84,85,87,88,90,91,92,94,96,97,99,99,101,103,104,106,108,108,110,111,113,115,116,117,118,120,122,123,125,126,127,129,130,132,134,135,136,138,139,141,142,144,145,146,148,150
163,5,7,8,9,11,12,14,16,17,18,19,21,23,24,26,27,28,30,31,33,35,36,37,39,40,42,44,45,46,47,49,51,52,54,55,56,58,59,61,63,63,65,67,68,70,71,72,74,75,77,79,80,81,83,84,86,87,89,90,91,93,95,96,98,99,100,102,103,105,107,108,109,110,112,114,115,117,118,119,121,123,124,126,126,128,130,131,133,135,135,137,138,140,142,143,144,146,147,149,151
164,5,7,8,9,11,12,14,16,17,18,20,21,23,24,26,27,28,30,32,33,35,36,37,39,41,42,44,45,46,48,49,51,53,54,55,57,58,60,61,63,64,65,67,69,70,72,73,74,76,78,79,81,81,83,85,86,88,90,90,92,94,95,97,98,99,101,102,104,106,107,108,110,111,113,115,116,117,118,120,122,123,125,126,127,129,131,132,134,135,136,138,139,141,143,144,145,147,148,150,152
165,5,7,8,9,11,12,14,16,17,18,20,21,23,25,26,27,29,30,32,34,35,36,37,39,41,42,44,45,46,48,50,51,53,54,55,57,59,60,62,63,64,66,67,69,71,72,73,75,76,78,80,81,82,84,85,87,89,90,91,93,94,96,97,99,100,101,103,105,106,108,109,110,112,114,115,117,118,119,121,123,124,126,126,128,130,131,133,135,135,137,139,140,142,144,144,146,148,149,151,153
166,5,7,8,9,11,12,14,16,17,18,20,21,23,25,26,27,29,30,32,34,35,36,38,39,41,43,44,45,47,48,50,52,53,54,56,57,59,61,62,63,65,66,68,70,71,72,74,75,77,79,80,81,82,84,86,87,89,90,91,93,95,96,98,99,100,102,104,105,107,108,109,111,113,114,116,117,118,120,122,123,125,126,127,129,131,132,134,135,136,138,140,141,143,144,145,147,149,150,152,153
167,5,7,9,9,11,13,14,16,18,18,20,22,23,25,27,27,29,31,32,34,36,36,38,40,41,43,45,45,47,49,50,52,54,54,56,58,59,61,63,63,65,67,68,70,72,72,74,76,77,79,81,81,83,85,86,88,90,90,92,94,95,97,99,99,101,103,104,106,108,108,110,112,113,115,117,117,119,121,122,124,126,126,128,130,131,133,135,135,137,139,140,142,144,144,146,148,149,151,153,154
168,5,7,9,9,11,13,14,16,18,18,20,22,23,25,27,27,29,31,32,34,36,36,38,40,42,43,45,46,47,49,51,52,54,55,56,58,60,61,63,64,65,67,69,70,72,73,74,76,78,80,81,82,84,85,87,89,90,91,93,94,96,98,99,100,102,103,105,107,108,109,111,112,114,116,117,118,120,122,123,125,126,127,129,131,132,134,135,136,138,140,141,143,144,145,147,149,150,152,153,155
169,5,7,9,9,11,13,14,16,18,18,20,22,23,25,27,28,29,31,33,34,36,37,38,40,42,43,45,46,48,49,51,53,54,55,57,58,60,62,63,64,66,67,69,71,72,73,75,77,78,80,81,82,84,86,87,89,90,92,93,95,97,98,99,101,102,104,106,107,108,110,111,113,115,117,117,119,121,122,124,126,126,128,130,131,133,135,136,137,139,141,142,144,145,146,148,150,151,153,154,156
170,5,7,9,9,11,13,14,16,18,19,20,22,24,25,27,28,29,31,33,35,36,37,39,40,42,44,45,46,48,50,51,53,54,55,57,59,60,62,63,65,66,68,70,71,72,74,75,77,79,81,81,83,85,86,88,90,90,92,94,96,97,99,100,101,103,105,106,108,109,111,112,114,116,117,118,120,121,123,125,126,127,129,131,132,134,135,136,138,140,142,143,144,146,147,149,151,152,153,155,157
171,5,7,9,9,11,13,14,16,18,19,20,22,24,25,27,28,30,31,33,35,36,37,39,41,42,44,45,46,48,50,52,53,54,56,57,59,61,62,63,65,67,68,70,72,72,74,76,78,79,81,82,83,85,87,89,90,91,93,94,96,98,99,100,102,104,105,107,108,109,111,113,115,116,117,119,120,122,124,126,126,128,130,131,133,135,136,137,139,141,142,144,145,147,148,150,152,153,154,156,158
172,5,7,9,9,11,13,15,16,18,19,20,22,24,26,27,28,30,31,33,35,36,37,39,41,43,44,45,47,48,50,52,54,54,56,58,59,61,63,64,65,67,69,70,72,73,75,76,78,80,81,82,84,86,87,89,90,92,93,95,97,98,99,101,103,104,106,108,108,110,112,114,115,117,118,120,121,123,125,126,127,129,131,132,134,135,136,138,140,142,143,144,146,147,149,151,153,153,155,157,159
173,5,7,9,9,11,13,15,16,18,19,21,22,24,26,27,28,30,32,33,35,36,38,39,41,43,44,45,47,49,50,52,54,55,56,58,60,62,63,64,66,67,69,71,72,73,75,77,79,80,81,83,84,86,88,90,90,92,94,96,97,99,100,101,103,105,107,108,109,111,113,114,116,117,119,120,122,124,125,126,128,130,131,133,135,136,137,139,141,142,144,145,147,148,150,152,153,154,156,158,160
174,5,7,9,9,11,13,15,16,18,19,21,22,24,26,27,28,30,32,34,35,36,38,40,41,43,45,45,47,49,51,52,54,55,57,58,60,62,63,64,66,68,70,71,72,74,76,77,79,81,82,83,85,87,88,90,91,93,94,96,98,99,100,102,104,106,107,108,110,112,113,115,117,118,119,121,123,124,126,127,129,130,132,134,135,136,138,140,142,143,144,146,148,149,151,153,154,155,157,159,161
175,5,7,9,10,11,13,15,17,18,19,21,23,24,26,27,29,30,32,34,36,36,38,40,42,43,45,46,48,49,51,53,54,55,57,59,61,62,63,65,67,68,70,72,73,74,76,78,80,81,82,84,86,87,89,90,92,93,95,97,99,99,101,103,105,106,108,109,111,112,114,116,117,118,120,122,124,125,126,128,130,131,133,135,136,137,139,141,143,144,145,147,149,150,152,153,155,156,158,160,162
176,5,7,9,10,11,13,15,17,18,19,21,23,24,26,27,29,30,32,34,36,36,38,40,42,44,45,46,48,50,51,53,54,56,57,59,61,63,63,65,67,69,70,72,73,75,76,78,80,81,83,84,86,88,90,90,92,94,96,97,99,100,102,103,105,107,108,109,111,113,115,116,117,119,121,123,124,126,127,129,130,132,134,135,136,138,140,142,143,144,146,148,149,151,153,154,155,157,159,161,162
177,5,7,9,10,11,13,15,17,18,19,21,23,25,26,27,29,31,32,34,36,37,38,40,42,44,45,46,48,50,52,53,54,56,58,59,61,63,64,66,67,69,71,72,73,75,77,79,80,81,83,85,87,88,90,91,93,94,96,98,99,100,102,104,106,108,108,110,112,114,115,117,118,120,121,123,125,126,128,129,131,133,135,135,137,139,141,142,144,145,147,149,150,152,153,155,156,158,160,162,163
178,5,7,9,10,11,13,15,17,18,19,21,23,25,26,27,29,31,33,34,36,37,39,40,42,44,45,47,48,50,52,54,54,56,58,60,62,63,64,66,68,69,71,72,74,76,77,79,81,82,84,85,87,89,90,91,93,95,97,99,99,101,103,105,106,108,109,111,113,114,116,117,119,120,122,124,126,127,128,130,132,134,135,136,138,140,142,143,144,146,148,149,151,153,154,156,157,159,161,162,164
179,5,7,9,10,11,13,15,17,18,19,21,23,25,27,27,29,31,33,35,36,37,39,41,42,44,45,47,49,50,52,54,55,57,58,60,62,63,65,66,68,70,72,72,74,76,78,80,81,82,84,86,88,89,90,92,94,96,97,99,100,102,103,105,107,108,110,111,113,115,117,118,119,121,123,125,126,127,129,131,133,134,135,137,139,141,142,144,145,147,149,150,152,153,155,157,158,160,162,163,165
180,5,7,9,10,12,13,15,17,18,20,21,23,25,27,28,29,31,33,35,36,37,39,41,43,45,45,47,49,51,53,54,55,57,59,61,62,63,65,67,69,70,72,73,75,77,78,80,81,83,85,86,88,90,91,93,94,96,98,99,101,102,104,106,108,109,110,112,114,116,117,118,120,122,124,126,126,128,130,132,134,135,136,138,140,142,143,144,146,148,150,151,153,154,156,158,159,161,162,164,166
181,5,7,9,10,12,13,15,17,18,20,21,23,25,27,28,29,31,33,35,36,38,39,41,43,45,46,47,49,51,53,54,55,57,59,61,63,63,65,67,69,71,72,73,75,77,79,81,81,83,85,87,89,90,91,93,95,97,98,99,101,103,105,107,108,109,111,113,115,116,117,119,121,123,124,126,127,129,131,132,134,135,137,139,141,142,144,145,147,149,150,152,153,155,157,158,160,162,163,165,167
182,5,7,9,10,12,13,15,17,18,20,22,23,25,27,28,30,31,33,35,36,38,40,41,43,45,46,48,49,51,53,54,56,58,59,61,63,64,66,67,69,71,72,74,76,77,79,81,82,84,86,87,89,90,92,94,95,97,99,100,102,104,105,107,108,110,112,113,115,117,118,120,122,123,125,126,128,130,131,133,135,136,138,140,141,143,144,146,148,149,151,153,154,156,158,159,161,162,164,166,168
183,5,7,9,10,12,13,15,17,18,20,22,23,25,27,28,30,32,33,35,36,38,40,42,43,45,46,48,50,52,53,54,56,58,60,62,63,64,66,68,70,72,72,74,76,78,80,81,82,84,86,88,90,90,92,94,96,98,99,100,102,104,106,108,109,110,112,114,116,117,119,120,122,124,126,127,129,130,132,134,135,137,139,140,142,144,145,147,149,150,152,153,155,157,159,160,162,163,165,167,169
184,5,7,9,10,12,14,15,17,18,20,22,24,25,27,28,30,32,34,35,36,38,40,42,44,45,46,48,50,52,54,55,56,58,60,62,63,65,66,68,70,72,73,75,76,78,80,81,83,85,87,88,90,91,93,95,97,98,99,101,103,105,107,108,109,111,113,115,117,117,119,121,123,125,126,128,129,131,133,135,136,138,139,141,143,144,146,148,149,151,153,154,156,158,159,161,162,164,166,168,170
185,5,7,9,10,12,14,15,17,18,20,22,24,26,27,28,30,32,34,36,37,38,40,42,44,45,47,48,50,52,54,55,57,59,60,62,63,65,67,69,71,72,73,75,77,79,81,81,83,85,87,89,90,92,93,95,97,99,100,102,104,105,107,108,110,112,114,115,117,118,120,122,124,126,126,128,130,132,134,135,137,138,140,142,144,145,147,148,150,152,153,155,157,159,160,162,163,165,167,169,171
186,5,7,9,10,12,14,16,17,18,20,22,24,26,27,28,30,32,34,36,37,39,40,42,44,45,47,49,51,52,54,55,57,59,61,63,63,65,67,69,71,72,74,75,77,79,81,82,84,86,88,89,90,92,94,96,98,99,100,102,104,106,108,109,111,112,114,116,117,119,121,123,124,126,127,129,131,133,135,135,137,139,141,143,144,146,147,149,151,153,154,156,158,159,161,162,164,166,168,170,171
187,5,7,9,10,12,14,16,17,18,20,22,24,26,27,29,30,32,34,36,37,39,41,43,44,45,47,49,51,53,54,55,57,59,61,63,64,66,68,69,71,72,74,76,78,80,81,82,84,86,88,90,91,93,94,96,98,99,101,103,105,107,108,109,111,113,115,117,118,120,121,123,125,126,128,130,132,133,135,136,138,140,142,144,145,146,148,150,152,153,155,157,159,160,162,163,165,167,169,171,172
188,5,7,9,10,12,14,16,18,18,20,22,24,26,27,29,31,32,34,36,37,39,41,43,45,46,47,49,51,53,54,56,58,60,61,63,64,66,68,70,72,73,74,76,78,80,81,83,85,87,89,90,91,93,95,97,99,100,102,103,105,107,108,110,112,114,116,117,118,120,122,124,126,127,129,131,132,134,135,137,139,141,143,144,145,147,149,151,153,154,156,158,159,161,162,164,166,168,170,171,173
189,5,7,9,10,12,14,16,18,19,20,22,24,26,27,29,31,33,35,36,37,39,41,43,45,46,48,50,51,53,54,56,58,60,62,63,65,66,68,70,72,73,75,77,79,81,81,83,85,87,89,90,92,94,96,97,99,100,102,104,106,108,109,111,112,114,116,117,119,121,123,125,126,127,129,131,133,135,136,138,140,142,143,144,146,148,150,152,153,155,157,158,160,162,163,165,167,169,171,172,174
190,5,7,9,10,12,14,16,18,19,21,22,24,26,27,29,31,33,35,36,38,39,41,43,45,46,48,50,52,54,55,56,58,60,62,63,65,67,69,71,72,73,75,77,79,81,82,84,86,88,90,90,92,94,96,98,99,101,103,105,107,108,109,111,113,115,117,118,120,122,124,125,126,128,130,132,134,135,137,139,141,142,144,145,147,149,151,153,154,156,158,159,161,162,164,166,168,170,171,173,175
191,5,7,9,10,12,14,16,18,19,21,23,24,26,27,29,31,33,35,36,38,40,42,43,45,46,48,50,52,54,55,57,59,61,62,63,65,67,69,71,72,74,76,78,80,81,82,84,86,88,90,91,93,95,97,99,99,101,103,105,107,108,110,112,114,116,117,118,120,122,124,126,127,129,131,133,135,136,137,139,141,143,144,146,148,150,152,153,155,156,158,160,162,163,165,167,169,171,172,174,176
192,5,7,9,10,12,14,16,18,19,21,23,25,26,27,29,31,33,35,36,38,40,42,44,45,47,48,50,52,54,55,57,59,61,63,64,66,68,69,71,72,74,76,78,80,81,83,85,87,89,90,91,93,95,97,99,100,102,104,106,108,109,111,112,114,116,117,119,121,123,125,126,128,130,132,134,135,136,138,140,142,144,145,147,149,151,153,154,155,157,159,161,162,164,166,168,170,171,173,175,177
193,5,7,9,10,12,14,16,18,19,21,23,25,27,28,29,31,33,35,36,38,40,42,44,45,47,49,51,53,54,55,57,59,61,63,64,66,68,70,72,73,75,77,78,80,81,83,85,87,89,90,92,94,96,98,99,101,103,104,106,108,109,111,113,115,117,118,120,122,124,126,127,128,130,132,134,135,137,139,141,143,144,146,148,150,152,153,154,156,158,160,162,163,165,167,169,171,172,174,176,178
194,5,7,9,10,12,14,16,18,19,21,23,25,27,28,30,32,33,35,36,38,40,42,44,45,47,49,51,53,54,56,58,60,62,63,64,66,68,70,72,73,75,77,79,81,82,84,86,88,90,91,92,94,96,98,99,101,103,105,107,108,110,112,114,116,117,119,120,122,124,126,127,129,131,133,135,136,138,140,142,144,145,147,149,150,152,153,155,157,159,161,162,164,166,168,170,171,173,175,177,179
195,5,7,9,10,12,14,16,18,19,21,23,25,27,28,30,32,34,36,37,39,40,42,44,45,47,49,51,53,54,56,58,60,62,63,65,67,69,71,72,74,75,77,79,81,82,84,86,88,90,91,93,95,97,99,100,102,104,106,108,109,110,112,114,116,117,119,121,123,125,126,128,130,132,134,135,137,139,141,143,144,145,147,149,151,153,154,156,158,160,162,163,165,167,169,171,172,174,176,178,180
196,5,7,9,10,12,14,16,18,19,21,23,25,27,28,30,32,34,36,37,39,41,43,45,46,48,49,51,53,54,56,58,60,62,63,65,67,69,71,72,74,76,78,80,81,83,85,87,89,90,92,93,95,97,99,100,102,104,106,108,109,111,113,115,117,118,120,122,124,126,127,129,131,133,135,136,137,139,141,143,144,146,148,150,152,153,155,157,159,161,162,164,166,168,170,171,173,175,177,179,180
197,5,7,9,10,12,14,16,18,19,21,23,25,27,28,30,32,34,36,37,39,41,43,45,46,48,50,52,54,55,57,59,61,63,63,65,67,69,71,72,74,76,78,80,81,83,85,87,89,90,92,94,96,98,99,101,103,105,107,108,110,112,114,116,117,119,121,122,124,126,127,129,131,133,135,136,138,140,142,144,145,147,149,151,153,154,156,158,160,162,163,165,167,169,171,172,174,176,178,180,181
198,5,7,9,10,12,14,16,18,19,21,23,25,27,28,30,32,34,36,37,39,41,43,45,46,48,50,52,54,55,57,59,61,63,64,66,68,70,72,73,75,77,79,81,82,84,86,88,90,91,93,94,96,98,99,101,103,105,107,108,110,112,114,116,117,119,121,123,125,126,128,130,132,134,135,137,139,141,143,144,146,148,150,152,153,155,157,159,161,162,164,166,168,170,171,173,175,177,179,180,182
199,5,7,9,10,12,14,16,18,19,21,23,25,27,28,30,32,34,36,37,39,41,43,45,46,48,50,52,54,55,57,59,61,63,64,66,68,70,72,73,75,77,79,81,82,84,86,88,90,91,93,95,97,99,100,102,104,106,108,109,111,113,115,117,118,120,122,124,126,127,129,131,133,135,136,138,140,142,144,145,147,149,151,153,154,156,158,160,162,163,165,167,169,171,172,174,176,178,180,181,183
200,6,8,9,11,13,15,17,18,20,22,24,26,27,29,31,33,35,36,38,40,42,44,45,47,49,51,53,54,56,58,60,62,63,65,67,69,71,72,74,76,78,80,81,83,85,87,89,90,92,94,96,98,99,101,103,105,107,108,110,112,114,116,117,119,121,123,125,126,128,130,132,134,135,137,139,141,143,144,146,148,150,152,153,155,157,159,161,162,164,166,168,170,171,173,175,177,179,180,182,184
201,6,8,9,11,13,15,17,18,20,22,24,26,27,29,31,33,35,36,38,40,42,44,45,47,49,51,53,54,56,58,60,62,63,65,67,69,71,72,74,76,78,80,81,83,85,87,89,90,92,94,96,98,99,101,103,105,107,108,110,112,114,116,117,119,121,123,125,126,128,130,132,134,135,137,139,141,143,144,146,148,150,152,153,155,157,159,161,162,164,166,168,170,171,173,175,177,179,180,182,185
202,6,8,9,11,13,15,17,18,20,22,24,26,27,29,31,33,35,36,38,40,42,44,45,47,49,51,53,54,56,58,60,62,63,65,67,69,71,72,74,76,78,80,81,83,85,87,89,90,92,95,97,99,100,102,104,106,108,109,111,113,115,117,118,120,122,124,126,127,129,131,133,135,136,138,140,142,144,145,147,149,151,153,154,156,158,160,162,163,165,167,169,171,172,174,176,178,180,181,183,186
203,6,8,9,11,13,15,17,18,20,22,24,26,27,29,31,33,35,36,38,40,42,44,45,47,49,51,53,54,56,58,60,62,63,66,68,70,72,73,75,77,79,81,82,84,86,88,90,91,93,95,97,99,100,102,104,106,108,109,111,113,115,117,118,120,122,124,126,128,130,132,134,135,137,139,141,143,144,146,148,150,152,153,155,157,159,161,162,164,166,168,170,171,173,175,177,179,180,182,184,187
204,6,8,9,11,13,15,17,18,20,22,24,26,27,29,31,33,35,36,38,40,42,44,45,47,50,52,54,55,57,59,61,63,64,66,68,70,72,73,75,77,79,81,82,84,86,88,90,91,93,96,98,99,101,103,105,107,108,110,112,114,116,117,119,121,123,125,126,128,130,132,134,135,137,139,142,144,145,147,149,151,153,154,156,158,160,162,163,165,167,169,171,172,174,176,178,180,181,183,185,188
205,6,8,9,11,13,15,17,18,20,22,24,26,27,29,31,33,35,36,38,41,43,45,46,48,50,52,54,55,57,59,61,63,64,66,68,70,72,73,75,78,80,81,83,85,87,89,90,92,94,96,98,99,101,103,105,107,108,110,112,115,117,118,120,122,124,126,127,129,131,133,135,136,138,140,142,144,145,147,149,152,153,155,157,159,161,162,164,166,168,170,171,173,175,177,179,180,182,184,186,189
206,6,8,9,11,13,15,17,18,20,22,24,26,27,29,31,33,36,37,39,41,43,45,46,48,50,52,54,55,57,59,61,63,64,67,69,71,72,74,76,78,80,81,83,85,87,89,90,92,94,97,99,100,102,104,106,108,109,111,113,115,117,118,120,122,124,126,128,130,132,134,135,137,139,141,143,144,146,148,150,152,153,155,157,160,162,163,165,167,169,171,172,174,176,178,180,181,183,185,187,189
207,6,8,9,11,13,15,17,18,20,22,24,26,27,29,32,34,36,37,39,41,43,45,46,48,50,52,54,55,58,60,62,63,65,67,69,71,72,74,76,78,80,81,84,86,88,90,91,93,95,97,99,100,102,104,106,108,109,112,114,116,117,119,121,123,125,126,128,130,132,134,135,138,140,142,144,145,147,149,151,153,154,156,158,160,162,164,166,168,170,171,173,175,177,179,180,182,184,186,188,190
208,6,8,9,11,13,15,17,18,20,22,24,26,28,30,32,34,36,37,39,41,43,45,46,48,51,53,54,56,58,60,62,63,65,67,69,71,72,75,77,79,81,82,84,86,88,90,91,93,95,98,99,101,103,105,107,108,110,112,114,116,117,119,122,124,126,127,129,131,133,135,136,138,140,142,144,146,148,150,152,153,155,157,159,161,162,164,166,169,171,172,174,176,178,180,181,183,185,187,189,191
209,6,8,9,11,13,15,17,18,20,22,24,27,28,30,32,34,36,37,39,41,43,45,47,49,51,53,54,56,58,60,62,63,65,68,70,72,73,75,77,79,81,82,84,86,89,90,92,94,96,98,99,101,103,105,107,109,111,113,115,117,118,120,122,124,126,127,130,132,134,135,137,139,141,143,144,146,148,151,153,154,156,158,160,162,163,165,167,169,171,173,175,177,179,180,182,184,186,188,189,192
210,6,8,9,11,13,15,17,18,20,23,25,27,28,30,32,34,36,37,39,42,44,45,47,49,51,53,54,56,58,61,63,64,66,68,70,72,73,75,77,80,81,83,85,87,89,90,92,94,96,99,100,102,104,106,108,109,111,113,115,117,119,121,123,125,126,128,130,132,134,136,138,140,142,144,145,147,149,151,153,155,157,159,161,162,164,166,168,170,171,174,176,178,180,181,183,185,187,189,190,193
211,6,8,9,11,13,15,17,18,20,23,25,27,28,30,32,34,36,37,40,42,44,45,47,49,51,53,54,57,59,61,63,64,66,68,70,72,74,76,78,80,81,83,85,87,89,91,93,95,97,99,100,102,104,106,108,110,112,114,116,117,119,121,123,126,127,129,131,133,135,136,138,140,143,144,146,148,150,152,153,155,157,160,162,163,165,167,169,171,172,174,177,179,180,182,184,186,188,189,191,194
212,6,8,9,11,13,15,17,18,21,23,25,27,28,30,32,34,36,38,40,42,44,45,47,49,52,54,55,57,59,61,63,64,66,69,71,72,74,76,78,80,81,84,86,88,90,91,93,95,97,99,101,103,105,107,108,110,112,114,117,118,120,122,124,126,127,129,132,134,135,137,139,141,143,144,147,149,151,153,154,156,158,160,162,164,166,168,170,171,173,175,177,180,181,183,185,187,189,190,192,195
213,6,8,9,11,13,15,17,19,21,23,25,27,28,30,32,35,36,38,40,42,44,45,47,50,52,54,55,57,59,61,63,65,67,69,71,72,74,76,79,81,82,84,86,88,90,91,94,96,98,99,101,103,105,108,109,111,113,115,117,118,120,123,125,126,128,130,132,134,135,138,140,142,144,145,147,149,152,153,155,157,159,161,162,164,167,169,171,172,174,176,178,180,182,184,186,188,189,191,193,196
214,6,8,9,11,13,15,17,19,21,23,25,27,28,30,33,35,36,38,40,42,44,46,48,50,52,54,55,57,60,62,63,65,67,69,71,73,75,77,79,81,82,84,87,89,90,92,94,96,98,100,102,104,106,108,109,111,113,116,117,119,121,123,125,126,129,131,133,135,136,138,140,143,144,146,148,150,152,153,156,158,160,162,163,165,167,170,171,173,175,177,179,180,183,185,187,189,190,192,194,197
215,6,8,9,11,13,15,18,19,21,23,25,27,28,31,33,35,36,38,40,43,45,46,48,50,52,54,56,58,60,62,63,65,67,70,72,73,75,77,79,81,83,85,87,89,90,92,95,97,99,100,102,104,106,108,110,112,114,116,117,120,122,124,126,127,129,131,134,135,137,139,141,143,144,147,149,151,153,154,156,159,161,162,164,166,168,170,172,174,176,178,180,181,183,186,188,189,191,193,195,198
216,6,8,9,11,13,15,18,19,21,23,25,27,29,31,33,35,36,38,41,43,45,46,48,50,53,54,56,58,60,62,63,66,68,70,72,73,75,78,80,81,83,85,87,90,91,93,95,97,99,101,103,105,107,108,110,112,115,117,118,120,122,124,126,128,130,132,134,135,138,140,142,144,145,147,150,152,153,155,157,159,161,163,165,167,169,171,172,175,177,179,180,182,184,187,189,190,192,194,196,198
217,6,8,9,11,13,16,18,19,21,23,25,27,29,31,33,35,36,39,41,43,45,46,48,51,53,54,56,58,60,63,64,66,68,70,72,74,76,78,80,81,83,86,88,90,91,93,95,98,99,101,103,105,108,109,111,113,115,117,119,121,123,125,126,128,131,133,135,136,138,140,143,144,146,148,150,152,154,156,158,160,162,163,166,168,170,171,173,175,178,180,181,183,185,187,189,191,193,195,197,199
218,6,8,9,11,13,16,18,19,21,23,25,27,29,31,33,35,37,39,41,43,45,46,49,51,53,54,56,59,61,63,64,66,68,71,72,74,76,78,81,82,84,86,88,90,92,94,96,98,99,102,104,106,108,109,111,114,116,117,119,121,123,126,127,129,131,133,135,137,139,141,143,144,147,149,151,153,154,157,159,161,162,164,166,169,171,172,174,176,179,180,182,184,186,188,190,192,194,196,198,200
219,6,8,9,11,13,16,18,19,21,23,26,27,29,31,33,36,37,39,41,43,45,47,49,51,53,54,57,59,61,63,64,67,69,71,72,74,77,79,81,82,84,86,89,90,92,94,96,99,100,102,104,106,108,110,112,114,116,118,120,122,124,126,127,130,132,134,135,137,140,142,144,145,147,150,152,153,155,157,160,162,163,165,167,169,171,173,175,177,179,181,183,185,187,189,191,193,195,197,198,201
220,6,8,9,11,14,16,18,19,21,24,26,27,29,31,34,36,37,39,41,44,45,47,49,51,54,55,57,59,61,63,65,67,69,71,73,75,77,79,81,83,85,87,89,90,93,95,97,99,100,103,105,107,108,110,113,115,117,118,120,123,125,126,128,130,133,135,136,138,140,143,144,146,148,150,153,154,156,158,160,162,164,166,168,170,172,174,176,178,180,182,184,186,188,189,192,194,196,198,199,202
221,6,8,9,11,14,16,18,19,21,24,26,27,29,31,34,36,37,39,41,44,45,47,49,52,54,55,57,59,62,63,65,67,69,72,73,75,77,79,81,83,85,87,90,91,93,95,97,99,101,103,105,107,109,111,113,115,117,119,121,123,125,127,129,131,133,135,137,139,141,143,144,147,149,151,153,154,157,159,161,162,165,167,169,171,172,175,177,179,180,182,185,187,189,190,192,195,197,198,200,203
222,6,8,9,11,14,16,18,19,21,24,26,27,29,32,34,36,37,39,42,44,45,47,50,52,54,55,57,60,62,63,65,68,70,72,73,75,78,80,81,83,86,88,90,91,93,96,98,99,101,104,106,108,109,111,114,116,117,119,121,124,126,127,129,132,134,135,137,139,142,144,145,147,150,152,153,155,157,160,162,163,165,168,170,171,173,175,178,180,181,183,186,188,189,191,193,196,198,199,201,204
223,6,8,9,11,14,16,18,19,22,24,26,27,29,32,34,36,37,40,42,44,45,48,50,52,54,55,58,60,62,63,66,68,70,72,74,76,78,80,81,84,86,88,90,92,94,96,98,100,102,104,106,108,110,112,114,116,118,120,122,124,126,128,130,132,134,136,138,140,142,144,146,148,150,153,154,156,158,160,162,164,166,168,171,172,174,176,179,180,182,184,186,189,190,192,194,197,198,200,202,205
224,6,8,9,11,14,16,18,19,22,24,26,27,30,32,34,36,38,40,42,44,46,48,50,52,54,56,58,60,62,64,66,68,70,72,74,76,78,81,82,84,86,89,90,92,94,97,99,100,102,105,107,108,110,112,115,117,118,120,123,125,126,128,131,133,135,136,139,141,143,144,147,149,151,153,155,157,159,161,162,165,167,169,171,173,175,177,179,181,183,185,187,189,191,193,195,198,199,201,203,206
225,6,8,9,12,14,16,18,20,22,24,26,28,30,32,34,36,38,40,42,45,46,48,50,53,54,56,58,61,63,64,66,69,71,72,74,77,79,81,82,85,87,89,90,93,95,97,99,101,103,105,107,109,111,113,115,117,119,121,123,126,127,129,131,134,135,137,139,142,144,145,147,150,152,153,155,158,160,162,163,166,168,170,171,174,176,178,180,182,184,186,188,190,192,194,196,198,200,202,204,207
226,6,8,9,12,14,16,18,20,22,24,26,28,30,32,34,36,38,40,42,45,46,48,50,53,54,56,59,61,63,64,67,69,71,72,75,77,79,81,83,85,87,89,91,93,95,97,99,101,103,106,108,109,111,114,116,117,119,122,124,126,127,130,132,134,135,138,140,142,144,146,148,150,152,154,156,158,161,162,164,166,169,171,172,174,177,179,180,182,185,187,189,190,193,195,197,198,201,203,205,207
227,6,8,9,12,14,16,18,20,22,24,26,28,30,32,35,36,38,40,43,45,46,48,51,53,54,57,59,61,63,65,67,69,71,73,75,77,79,81,83,85,88,90,91,93,96,98,99,101,104,106,108,110,112,114,116,118,120,122,124,126,128,130,133,135,136,138,141,143,144,146,149,151,153,154,157,159,161,163,165,167,169,171,173,175,177,180,181,183,186,188,189,191,194,196,198,199,202,204,206,208
228,6,8,9,12,14,16,18,20,22,24,27,28,30,32,35,36,38,41,43,45,46,49,51,53,55,57,59,61,63,65,67,69,72,73,75,78,80,81,83,86,88,90,92,94,96,98,100,102,104,107,108,110,112,115,117,118,120,123,125,126,129,131,133,135,137,139,141,144,145,147,149,152,153,155,158,160,162,163,166,168,170,171,174,176,178,180,182,184,186,189,190,192,195,197,198,200,203,205,207,209
229,6,8,9,12,14,16,18,20,22,24,27,28,30,33,35,36,38,41,43,45,47,49,51,53,55,57,59,62,63,65,67,70,72,73,76,78,80,82,84,86,88,90,92,94,97,99,100,102,105,107,108,111,113,115,117,119,121,123,126,127,129,131,134,135,137,140,142,144,146,148,150,152,154,156,158,161,162,164,166,169,171,172,175,177,179,180,183,185,187,189,191,193,195,198,199,201,204,206,207,210
230,6,8,9,12,14,16,18,20,22,25,27,28,30,33,35,36,39,41,43,45,47,49,51,54,55,57,60,62,63,66,68,70,72,74,76,78,81,82,84,87,89,90,92,95,97,99,101,103,105,108,109,111,113,116,117,119,122,124,126,128,130,132,134,136,138,140,143,144,146,149,151,153,154,157,159,161,163,165,167,170,171,173,175,178,180,181,184,186,188,190,192,194,196,198,200,202,205,207,208,211
231,6,8,9,12,14,16,18,20,22,25,27,28,31,33,35,36,39,41,43,45,47,49,52,54,55,58,60,62,63,66,68,70,72,74,76,79,81,82,85,87,89,91,93,95,97,99,101,103,106,108,109,112,114,116,118,120,122,124,126,128,130,133,135,136,139,141,143,145,147,149,152,153,155,157,160,162,163,166,168,170,172,174,176,179,180,182,184,187,189,190,193,195,197,199,201,203,206,207,209,212
232,6,8,9,12,14,16,18,20,22,25,27,28,31,33,35,37,39,41,44,45,47,50,52,54,56,58,60,62,64,66,68,71,72,74,77,79,81,83,85,87,90,91,93,96,98,99,102,104,106,108,110,112,114,117,118,120,123,125,126,129,131,133,135,137,139,142,144,145,148,150,152,154,156,158,161,162,164,166,169,171,172,175,177,179,181,183,185,188,189,191,194,196,198,200,202,204,207,208,210,213
233,6,8,9,12,14,16,18,20,22,25,27,28,31,33,35,37,39,41,44,45,47,50,52,54,56,58,60,63,64,66,69,71,72,75,77,79,81,83,85,88,90,91,94,96,98,100,102,104,107,108,110,113,115,117,119,121,123,126,127,129,132,134,135,138,140,142,144,146,148,151,153,154,157,159,161,163,165,167,170,171,173,176,178,180,182,184,186,189,190,192,195,197,198,201,203,205,207,209,211,214
234,6,8,10,12,14,17,18,20,23,25,27,29,31,33,36,37,39,42,44,45,48,50,52,54,56,58,61,63,64,67,69,71,73,75,77,80,81,83,86,88,90,92,94,96,99,100,102,105,107,109,111,113,116,117,119,122,124,126,128,130,132,135,136,138,141,143,144,147,149,151,153,155,157,160,162,163,166,168,170,172,174,176,179,180,182,185,187,189,191,193,195,198,199,201,204,206,207,210,212,215
235,6,8,10,12,14,17,18,20,23,25,27,29,31,33,36,37,39,42,44,46,48,50,53,54,56,59,61,63,65,67,69,72,73,75,78,80,81,84,86,89,90,92,95,97,99,101,103,105,108,109,111,114,116,117,120,122,124,126,128,131,133,135,137,139,141,144,145,147,150,152,153,156,158,160,162,164,166,169,171,173,175,177,180,181,183,186,188,189,192,194,196,198,200,202,205,207,208,211,213,216
236,6,8,10,12,14,17,18,20,23,25,27,29,31,34,36,37,40,42,44,46,48,50,53,54,57,59,61,63,65,67,70,72,73,76,78,80,82,84,87,89,90,93,95,97,99,101,103,106,108,110,112,114,117,118,120,123,125,126,129,131,133,135,137,140,142,144,146,148,150,153,154,156,159,161,163,165,167,170,171,173,176,178,180,182,184,186,189,190,193,195,197,199,201,203,206,207,209,212,214,216
237,6,8,10,12,14,17,18,20,23,25,27,29,31,34,36,37,40,42,45,46,48,51,53,54,57,59,61,63,65,68,70,72,74,76,78,81,82,85,87,89,91,93,95,98,99,102,104,106,108,110,112,115,117,118,121,123,126,127,129,132,134,135,138,140,143,144,146,149,151,153,155,157,160,162,163,166,168,170,172,174,176,179,180,183,185,187,189,191,193,196,198,200,202,204,207,208,210,213,215,217
238,6,8,10,12,14,17,18,21,23,25,27,29,31,34,36,38,40,42,45,46,48,51,53,55,57,59,62,63,66,68,70,72,74,76,79,81,83,85,87,90,91,93,96,98,100,102,104,107,108,111,113,115,117,119,121,124,126,128,130,132,135,136,138,141,143,145,147,149,152,153,155,158,160,162,164,166,169,171,173,175,177,180,181,183,186,188,190,192,194,197,198,200,203,205,207,209,211,214,216,218
239,6,8,10,12,14,17,18,21,23,25,27,29,32,34,36,38,40,43,45,46,49,51,53,55,57,60,62,63,66,68,71,72,74,77,79,81,83,85,88,90,91,94,96,99,100,102,105,107,109,111,113,116,117,120,122,124,126,128,131,133,135,137,139,141,144,145,148,150,152,154,156,159,161,162,165,167,170,171,173,176,178,180,182,184,187,189,190,193,195,198,199,201,204,206,208,210,212,215,216,219
240,6,8,10,12,15,17,18,21,23,26,27,29,32,34,36,38,40,43,45,47,49,51,54,55,58,60,62,64,66,69,71,72,75,77,80,81,83,86,88,90,92,94,97,99,101,103,105,108,109,112,114,116,118,120,123,125,126,129,131,134,135,137,140,142,144,146,148,151,153,155,157,159,162,163,166,168,170,172,174,177,179,180,183,185,188,189,191,194,196,198,200,202,205,207,209,211,213,216,217,220
241,6,8,10,12,15,17,18,21,23,26,27,29,32,34,36,38,40,43,45,47,49,52,54,55,58,60,63,64,66,69,71,73,75,77,80,81,84,86,88,90,92,95,97,99,101,103,106,108,110,112,114,117,118,121,123,125,127,129,132,134,136,138,140,143,144,147,149,151,153,155,158,160,162,164,166,169,171,172,175,177,180,181,184,186,188,190,192,195,197,198,201,203,206,207,209,212,214,216,218,221
242,6,8,10,12,15,17,18,21,23,26,27,30,32,34,36,38,41,43,45,47,49,52,54,56,58,60,63,64,67,69,72,73,75,78,80,82,84,86,89,90,93,95,98,99,101,104,106,108,110,113,115,117,119,121,124,126,127,130,132,135,136,139,141,143,145,147,150,152,153,156,158,161,162,165,167,169,171,173,176,178,180,182,184,187,189,191,193,195,198,199,202,204,207,208,210,213,215,217,219,222
243,6,8,10,12,15,17,19,21,23,26,27,30,32,35,36,38,41,43,45,47,50,52,54,56,58,61,63,65,67,69,72,73,76,78,81,82,84,87,89,91,93,96,98,99,102,104,107,108,111,113,115,117,119,122,124,126,128,130,133,135,137,139,142,144,145,148,150,153,154,157,159,161,163,165,168,170,172,174,176,179,180,183,185,188,189,191,194,196,198,200,203,205,207,209,211,214,216,218,220,223
244,6,8,10,12,15,17,19,21,23,26,27,30,32,35,36,39,41,43,45,47,50,52,54,56,59,61,63,65,67,70,72,74,76,78,81,82,85,87,90,91,94,96,98,100,102,105,107,109,111,114,116,117,120,122,125,126,129,131,133,135,137,140,142,144,146,149,151,153,155,157,160,162,164,166,169,171,172,175,177,180,181,184,186,188,190,192,195,197,199,201,204,206,207,210,212,215,216,219,221,224
245,6,8,10,12,15,17,19,21,24,26,27,30,32,35,36,39,41,44,45,48,50,52,54,56,59,61,63,65,68,70,72,74,76,79,81,83,85,88,90,92,94,96,99,100,103,105,108,109,112,114,116,118,120,123,125,127,129,132,134,136,138,140,143,144,147,149,152,153,156,158,160,162,164,167,169,171,173,176,178,180,182,184,187,189,191,193,196,198,200,202,204,207,208,211,213,216,217,220,222,225
246,6,8,10,12,15,17,19,21,24,26,28,30,32,35,36,39,41,44,45,48,50,53,54,57,59,61,63,65,68,70,72,74,77,79,81,83,86,88,90,92,94,97,99,101,103,106,108,110,112,115,117,118,121,123,126,127,130,132,135,136,139,141,143,145,147,150,152,154,156,159,161,163,165,168,170,171,174,176,179,180,183,185,188,189,192,194,197,198,200,203,205,207,209,212,214,216,218,221,223,225
247,6,8,10,12,15,17,19,21,24,26,28,30,33,35,37,39,41,44,45,48,50,53,54,57,59,62,63,66,68,71,72,75,77,79,81,83,86,88,90,92,95,97,99,101,104,106,108,110,113,115,117,119,121,124,126,128,130,133,135,137,139,142,144,146,148,151,153,154,157,159,162,163,166,168,171,172,175,177,180,181,184,186,189,190,192,195,197,199,201,204,206,208,210,213,215,217,219,222,224,226
248,6,8,10,12,15,17,19,21,24,26,28,30,33,35,37,39,42,44,46,48,51,53,55,57,60,62,63,66,68,71,72,75,77,80,81,84,86,89,90,93,95,98,99,102,104,107,108,111,113,116,117,119,122,124,126,128,131,133,135,137,140,142,144,146,149,151,153,155,158,160,162,164,167,169,171,173,175,178,180,182,184,187,189,191,193,196,198,200,202,205,207,209,211,214,216,218,220,223,225,227
249,6,8,10,12,15,17,19,21,24,26,28,30,33,35,37,39,42,44,46,48,51,53,55,57,60,62,64,66,69,71,73,75,78,80,82,84,87,89,91,93,96,98,100,102,105,107,109,111,114,116,117,120,122,125,126,129,131,134,135,138,140,143,144,147,149,152,153,156,158,161,162,165,167,170,171,174,176,179,180,183,185,188,189,192,194,197,198,201,203,206,207,210,212,215,216,219,221,224,225,228
250,6,9,10,13,15,18,19,22,24,27,28,31,33,36,37,40,42,45,46,49,51,54,55,58,60,63,64,67,69,72,73,76,78,81,82,85,87,90,91,94,96,99,100,103,105,108,109,112,114,117,118,121,123,126,127,130,132,135,136,139,141,144,145,148,150,153,154,157,159,162,163,166,168,171,172,175,177,180,181,184,186,189,190,193,195,198,199,202,204,207,208,211,213,216,217,220,222,225,226,229
251,6,9,10,13,15,18,19,22,24,27,28,31,33,36,37,40,42,45,46,49,51,54,55,58,60,63,64,67,69,72,73,76,78,81,82,85,87,90,91,94,96,99,100,103,105,108,109,112,114,117,119,121,124,126,128,130,133,135,137,139,142,144,146,148,151,153,155,157,160,162,164,166,169,171,173,175,178,180,182,184,187,189,191,193,196,198,200,202,205,207,209,211,214,216,218,220,223,225,227,230
252,6,9,10,13,15,18,19,22,24,27,28,31,33,36,37,40,42,45,46,49,51,54,55,58,61,63,65,67,70,72,74,76,79,81,83,85,88,90,92,94,97,99,101,103,106,108,110,112,115,117,119,122,124,126,128,131,133,135,137,140,142,144,146,149,151,153,155,158,160,162,164,167,169,171,174,176,179,180,183,185,188,189,192,194,197,198,201,203,206,207,210,212,215,216,219,221,224,225,228,231
253,6,9,10,13,15,18,19,22,24,27,28,31,33,36,37,40,43,45,47,49,52,54,56,58,61,63,65,67,70,72,74,76,79,81,83,86,88,90,92,95,97,99,101,104,106,108,110,113,115,117,120,122,125,126,129,131,134,135,138,140,143,144,147,149,152,153,156,159,161,163,165,168,170,172,174,177,179,181,183,186,188,190,192,195,198,199,202,204,207,208,211,213,216,217,220,222,225,226,229,232
254,6,9,10,13,15,18,19,22,24,27,28,31,34,36,38,40,43,45,47,49,52,54,56,58,61,63,65,68,70,72,74,77,79,81,83,86,88,90,93,95,98,99,102,104,107,108,111,113,116,118,120,123,125,127,129,132,134,136,138,141,143,145,148,150,153,154,157,159,162,163,166,168,171,172,175,178,180,182,184,187,189,191,193,196,198,200,202,205,207,209,212,214,216,218,221,223,225,227,230,233
255,6,9,10,13,15,18,19,22,24,27,29,31,34,36,38,40,43,45,47,50,52,54,56,59,61,63,65,68,70,72,75,77,80,81,84,86,89,90,93,96,98,100,102,105,107,109,111,114,116,118,121,123,126,127,130,132,135,136,139,142,144,146,148,151,153,155,157,160,162,164,167,169,171,173,176,178,180,182,185,188,189,192,194,197,198,201,203,206,207,210,213,215,217,219,222,224,226,228,231,234
256,6,9,10,13,15,18,19,22,25,27,29,31,34,36,38,40,43,45,47,50,52,54,56,59,62,63,66,68,71,72,75,77,80,82,84,87,89,91,93,96,98,100,103,105,108,109,112,114,117,119,121,124,126,128,130,133,135,137,140,142,144,146,149,151,153,155,158,161,162,165,167,170,171,174,177,179,181,183,186,188,190,192,195,198,199,202,204,207,208,211,213,216,218,220,223,225,227,229,232,234
257,6,9,10,13,15,18,19,22,25,27,29,31,34,36,38,41,43,45,47,50,52,54,57,59,62,63,66,68,71,73,75,78,80,82,84,87,90,91,94,96,99,100,103,106,108,110,112,115,117,119,122,124,126,128,131,133,135,138,140,143,144,147,149,152,154,156,159,161,163,165,168,171,172,175,177,180,181,184,187,189,191,193,196,198,200,203,205,207,209,212,214,216,219,221,224,225,228,230,233,235
258,6,9,10,13,15,18,20,22,25,27,29,31,34,36,38,41,43,45,48,50,53,54,57,59,62,64,66,69,71,73,75,78,81,82,85,87,90,92,94,97,99,101,103,106,108,110,113,115,117,120,122,125,126,129,131,134,136,138,141,143,145,147,150,153,154,157,159,162,164,166,169,171,173,175,178,180,182,185,187,189,191,194,197,198,201,203,206,208,210,213,215,217,219,222,225,226,229,231,234,236
259,6,9,10,13,15,18,20,22,25,27,29,32,34,36,38,41,44,45,48,50,53,54,57,60,62,64,66,69,72,73,76,78,81,83,85,88,90,92,95,97,99,101,104,106,108,111,113,116,117,120,123,125,127,129,132,135,136,139,141,144,145,148,151,153,155,157,160,162,164,167,169,171,174,176,179,180,183,186,188,190,192,195,197,199,202,204,207,208,211,214,216,218,220,223,225,227,230,232,234,237
260,6,9,10,13,16,18,20,22,25,27,29,32,34,36,39,41,44,45,48,51,53,55,57,60,63,64,67,69,72,74,76,79,81,83,86,88,90,92,95,98,99,102,104,107,109,111,114,116,118,121,123,126,127,130,133,135,137,139,142,144,146,149,151,153,156,158,161,162,165,168,170,172,174,177,180,181,184,186,189,191,193,196,198,200,203,205,207,209,212,215,216,219,221,224,226,228,231,233,235,238
261,6,9,10,13,16,18,20,22,25,27,29,32,34,36,39,41,44,45,48,51,53,55,58,60,63,64,67,70,72,74,76,79,81,83,86,88,90,93,95,98,100,102,105,107,109,112,114,117,118,121,124,126,128,130,133,135,137,140,142,144,147,149,152,154,156,159,161,163,166,168,171,172,175,178,180,182,184,187,189,191,194,197,198,201,203,206,208,210,213,215,217,220,222,225,226,229,232,234,236,239
262,6,9,10,13,16,18,20,22,25,27,29,32,35,36,39,41,44,46,48,51,54,55,58,60,63,65,67,70,72,74,77,79,81,84,86,89,90,93,96,98,100,103,105,108,109,112,115,117,119,122,124,126,128,131,134,135,138,140,143,145,147,150,153,154,157,159,162,164,166,169,171,173,176,178,180,183,185,188,189,192,195,197,199,202,204,207,208,211,214,216,218,221,223,225,227,230,233,234,237,240
263,6,9,10,13,16,18,20,23,25,27,29,32,35,36,39,42,44,46,48,51,54,55,58,61,63,65,68,70,72,74,77,80,81,84,87,89,91,93,96,99,100,103,106,108,110,112,115,117,119,122,125,126,129,132,134,136,138,141,144,145,148,151,153,155,157,160,162,164,167,170,171,174,176,179,181,183,186,189,190,193,196,198,200,202,205,207,209,212,215,216,219,221,224,226,228,231,234,235,238,241
264,6,9,10,13,16,18,20,23,25,27,30,32,35,36,39,42,44,46,49,51,54,56,58,61,63,65,68,70,72,75,77,80,82,84,87,90,91,94,96,99,101,103,106,108,110,113,116,117,120,123,125,127,129,132,135,136,139,142,144,146,149,151,153,155,158,161,162,165,168,170,172,175,177,180,182,184,187,189,191,194,196,198,201,203,206,208,210,213,215,217,220,222,225,227,229,232,234,236,239,242
265,6,9,10,13,16,18,20,23,25,27,30,32,35,37,39,42,45,46,49,52,54,56,58,61,63,65,68,71,72,75,78,80,82,85,87,90,92,94,97,99,101,104,106,108,111,113,116,118,120,123,126,127,130,133,135,137,140,142,144,147,149,152,153,156,159,161,163,166,168,171,173,175,178,180,182,185,188,189,192,195,197,199,201,204,207,208,211,214,216,218,221,223,225,228,230,233,235,237,240,243
266,6,9,10,13,16,18,20,23,25,27,30,32,35,37,39,42,45,46,49,52,54,56,59,61,63,66,68,71,73,75,78,81,82,85,88,90,92,95,97,99,102,104,107,109,111,114,117,118,121,124,126,128,130,133,135,137,140,143,144,147,150,152,154,157,159,162,164,166,169,171,173,176,179,180,183,186,188,190,193,195,198,200,202,205,207,209,212,215,216,219,222,224,226,229,231,234,236,238,241,243
267,6,9,11,13,16,18,20,23,26,27,30,33,35,37,40,42,45,47,49,52,54,56,59,62,63,66,69,71,73,76,78,81,83,85,88,90,92,95,98,99,102,105,107,109,112,114,117,119,121,124,126,128,131,134,135,138,141,143,145,148,150,153,155,157,160,162,164,167,170,171,174,177,179,181,184,186,189,191,193,196,198,200,203,206,207,210,213,215,217,220,222,225,227,229,232,234,236,239,242,244
268,6,9,11,13,16,18,20,23,26,27,30,33,35,37,40,42,45,47,49,52,54,56,59,62,64,66,69,72,73,76,79,81,83,86,88,90,93,95,98,100,102,105,108,109,112,115,117,119,122,125,126,129,132,134,136,139,141,144,146,148,151,153,155,158,161,162,165,168,170,172,175,177,180,182,185,187,189,192,194,197,199,201,204,207,208,211,214,216,218,221,223,225,228,230,233,235,237,240,243,245
269,6,9,11,13,16,18,20,23,26,27,30,33,35,37,40,43,45,47,50,52,54,57,59,62,64,66,69,72,74,76,79,81,83,86,89,90,93,96,98,100,103,105,108,110,113,115,117,120,122,125,127,129,132,135,136,139,142,144,146,149,152,153,156,159,161,163,166,168,171,173,175,178,180,183,185,188,190,192,195,198,199,202,205,207,209,212,215,216,219,222,224,226,229,231,234,236,238,241,243,246
270,6,9,11,13,16,18,20,23,26,28,30,33,36,37,40,43,45,47,50,53,54,57,60,62,64,67,69,72,74,77,79,81,84,86,89,91,93,96,99,101,103,106,108,110,113,116,117,120,123,126,127,130,133,135,137,140,142,144,147,150,152,154,157,159,162,164,166,169,171,174,176,179,181,183,186,189,190,193,196,198,200,203,206,207,210,213,215,217,220,223,225,227,230,232,234,237,239,242,244,247
271,6,9,11,13,16,18,20,23,26,28,30,33,36,37,40,43,45,47,50,53,54,57,60,63,64,67,70,72,74,77,80,81,84,87,89,91,94,96,99,101,104,106,108,111,113,116,118,121,123,126,128,130,133,135,138,140,143,145,147,150,153,155,157,160,162,164,167,170,171,174,177,180,181,184,187,189,191,194,197,198,201,204,206,208,211,214,216,218,221,223,225,228,231,233,235,238,240,243,245,248
272,6,9,11,13,16,18,21,23,26,28,30,33,36,38,40,43,45,47,50,53,55,57,60,63,65,67,70,72,74,77,80,82,84,87,90,91,94,97,99,101,104,107,108,111,114,117,118,121,124,126,128,131,134,135,138,141,144,145,148,151,153,155,158,161,162,165,168,170,172,175,178,180,182,185,188,189,192,195,197,199,202,205,207,209,212,214,216,219,222,224,226,229,231,234,236,239,241,243,246,249
273,6,9,11,13,16,18,21,23,26,28,31,33,36,38,40,43,45,48,50,53,55,58,60,63,65,67,70,72,75,77,80,82,85,87,90,92,95,97,99,102,104,107,109,112,114,117,119,122,124,126,129,131,134,136,139,141,144,146,149,151,153,156,158,161,163,166,168,171,173,176,178,180,183,186,188,190,193,195,198,200,203,205,207,210,213,215,217,220,222,225,227,230,232,234,237,240,242,244,247,250
274,6,9,11,13,16,18,21,23,26,28,31,33,36,38,41,43,45,48,51,53,55,58,61,63,65,68,70,72,75,78,80,82,85,88,90,92,95,98,99,102,105,108,109,112,115,117,119,122,125,127,129,132,135,136,139,142,144,146,149,152,154,156,159,162,164,166,169,171,174,176,179,181,184,186,189,191,193,196,198,201,203,206,208,211,213,216,218,221,223,225,228,231,233,235,238,241,243,245,248,251
275,6,9,11,14,16,18,21,24,26,28,31,34,36,38,41,44,45,48,51,54,55,58,61,63,65,68,71,73,75,78,81,83,85,88,90,93,95,98,100,103,105,108,110,113,115,117,120,123,125,127,130,133,135,137,140,143,144,147,150,153,154,157,160,162,164,167,170,172,174,177,180,182,184,187,189,192,194,197,199,202,204,207,209,212,214,216,219,222,224,226,229,232,234,236,239,242,243,246,249,252
276,6,9,11,14,16,18,21,24,26,28,31,34,36,38,41,44,45,48,51,54,55,58,61,63,66,68,71,73,76,78,81,83,86,88,90,93,96,98,100,103,106,108,110,113,116,117,120,123,126,128,130,133,135,138,140,143,145,148,150,153,155,158,160,162,165,168,170,172,175,178,180,182,185,188,190,192,195,198,200,202,205,207,210,212,215,217,220,222,225,227,230,232,234,237,240,242,244,247,250,252
277,6,9,11,14,16,18,21,24,26,28,31,34,36,38,41,44,46,48,51,54,56,58,61,63,66,69,71,73,76,79,81,83,86,89,90,93,96,99,101,103,106,108,111,113,116,118,121,123,126,128,131,134,135,138,141,144,145,148,151,153,155,158,161,163,166,168,171,173,176,178,180,183,186,188,190,193,196,198,200,203,206,208,210,213,216,218,220,223,225,228,231,233,235,238,241,243,245,248,251,253
278,6,9,11,14,16,18,21,24,27,28,31,34,36,38,41,44,46,49,51,54,56,59,61,63,66,69,72,73,76,79,81,83,86,89,91,94,96,99,101,104,106,108,111,114,117,118,121,124,126,129,131,134,136,139,141,144,146,149,152,153,156,159,162,163,166,169,171,174,176,179,181,184,186,189,191,194,197,198,201,204,207,208,211,214,216,219,221,224,226,229,231,234,236,239,242,243,246,249,252,254
279,6,9,11,14,16,18,21,24,27,28,31,34,36,39,41,44,46,49,52,54,56,59,62,63,66,69,72,74,76,79,81,84,87,89,91,94,97,99,101,104,107,109,111,114,117,119,122,124,126,129,132,135,136,139,142,144,147,149,152,154,157,159,162,164,167,170,171,174,177,180,182,184,187,189,192,195,197,199,202,205,207,209,212,215,217,219,222,225,227,230,232,234,237,240,243,244,247,250,252,255
280,6,9,11,14,17,18,21,24,27,29,31,34,36,39,42,44,46,49,52,54,56,59,62,64,67,69,72,74,77,80,81,84,87,90,92,94,97,99,102,105,107,109,112,115,117,119,122,125,127,130,132,135,137,140,143,144,147,150,153,155,157,160,162,165,168,170,172,175,178,180,182,185,188,190,193,195,198,200,203,206,207,210,213,216,218,220,223,225,228,231,233,235,238,241,243,245,248,251,253,256
281,6,9,11,14,17,18,21,24,27,29,31,34,36,39,42,44,46,49,52,54,57,59,62,64,67,70,72,74,77,80,82,84,87,90,92,95,97,99,102,105,108,110,112,115,117,120,123,125,127,130,133,135,137,140,143,145,148,150,153,155,158,161,163,165,168,171,173,176,178,180,183,186,189,190,193,196,198,201,203,206,208,211,214,216,218,221,224,226,229,231,234,236,239,242,243,246,249,252,254,257
282,6,9,11,14,17,18,21,24,27,29,32,34,36,39,42,45,46,49,52,54,57,60,62,64,67,70,72,74,77,80,82,85,88,90,92,95,98,100,102,105,108,110,113,116,117,120,123,126,128,131,133,135,138,141,144,145,148,151,153,156,159,161,163,166,169,171,173,176,179,181,184,187,189,191,194,197,199,201,204,207,209,212,215,216,219,222,225,227,229,232,234,237,240,243,244,247,250,252,255,258
283,6,9,11,14,17,18,21,24,27,29,32,34,36,39,42,45,47,49,52,54,57,60,63,64,67,70,72,75,78,80,82,85,88,90,93,95,98,100,103,106,108,110,113,116,118,121,124,126,128,131,134,136,138,141,144,146,149,152,153,156,159,162,164,167,169,171,174,177,180,182,184,187,189,192,195,198,199,202,205,207,210,213,215,217,220,223,225,228,230,233,235,238,241,243,245,248,251,253,256,259
284,6,9,11,14,17,19,21,24,27,29,32,35,36,39,42,45,47,50,52,54,57,60,63,65,68,70,72,75,78,81,83,85,88,90,93,96,99,100,103,106,108,111,114,116,118,121,124,126,129,132,134,136,139,142,144,147,149,152,154,157,160,162,164,167,170,172,175,178,180,182,185,188,190,193,196,198,200,203,206,208,211,213,216,218,221,224,226,228,231,234,236,239,242,243,246,249,252,254,257,260
285,6,9,11,14,17,19,21,24,27,29,32,35,37,39,42,45,47,50,53,55,57,60,63,65,68,71,72,75,78,81,83,86,89,90,93,96,99,101,104,107,108,111,114,117,119,122,124,126,129,132,135,137,140,142,144,147,150,153,155,158,160,162,165,168,171,173,175,178,180,183,186,189,191,193,196,198,201,204,207,209,211,214,216,219,222,225,226,229,232,234,237,240,243,244,247,250,252,255,258,261
286,6,9,11,14,17,19,22,24,27,29,32,35,37,40,42,45,47,50,53,55,58,60,63,65,68,71,73,76,78,81,83,86,89,91,94,96,99,101,104,107,109,112,114,117,119,122,125,127,130,133,135,137,140,143,145,148,151,153,155,158,161,163,166,169,171,173,176,179,181,184,187,189,191,194,197,199,202,205,207,209,212,215,217,220,223,225,227,230,233,235,238,241,243,245,248,251,253,256,259,261
287,6,9,11,14,17,19,22,24,27,29,32,35,37,40,43,45,47,50,53,55,58,61,63,65,68,71,73,76,79,81,83,86,89,91,94,97,99,102,104,107,109,112,115,117,120,123,125,127,130,133,135,138,141,143,145,148,151,153,156,159,162,163,166,169,171,174,177,180,182,184,187,189,192,195,198,200,202,205,207,210,213,216,218,221,223,225,228,231,234,236,239,242,243,246,249,252,254,257,260,262
288,6,9,11,14,17,19,22,25,27,29,32,35,37,40,43,45,47,50,53,55,58,61,63,66,69,71,73,76,79,81,84,87,90,91,94,97,99,102,105,108,110,112,115,117,120,123,126,128,131,134,135,138,141,144,146,149,152,154,156,159,162,164,167,170,172,175,177,180,182,185,188,190,193,196,198,200,203,206,208,211,214,216,219,221,224,226,229,232,234,237,240,242,244,247,250,252,255,258,261,263
289,6,9,11,14,17,19,22,25,27,29,32,35,37,40,43,45,48,51,53,55,58,61,63,66,69,72,74,76,79,81,84,87,90,92,95,98,99,102,105,108,110,113,116,118,121,123,126,128,131,134,136,139,142,144,146,149,152,154,157,160,162,165,168,170,172,175,178,180,183,186,189,191,193,196,198,201,204,207,209,212,215,216,219,222,225,227,230,233,235,238,240,243,245,248,251,253,256,259,261,264
290,6,9,11,14,17,19,22,25,27,30,32,35,37,40,43,45,48,51,54,56,58,61,63,66,69,72,74,77,80,82,84,87,90,92,95,98,100,103,106,108,110,113,116,118,121,124,126,129,132,135,136,139,142,144,147,150,153,155,158,161,162,165,168,171,173,176,179,181,184,187,189,191,194,197,199,202,205,207,210,213,215,217,220,223,225,228,231,234,236,239,241,243,246,249,252,254,257,260,262,265
291,6,9,11,14,17,19,22,25,27,30,33,35,37,40,43,45,48,51,54,56,59,62,63,66,69,72,74,77,80,82,85,88,90,92,95,98,100,103,106,108,111,114,117,119,121,124,126,129,132,135,137,140,143,145,148,150,153,155,158,161,163,166,169,171,174,177,179,181,184,187,189,192,195,198,200,203,206,207,210,213,216,218,221,224,226,229,232,234,236,239,242,244,247,250,252,255,258,261,263,266
292,6,9,11,14,17,19,22,25,27,30,33,36,37,40,43,45,48,51,54,56,59,62,64,67,70,72,74,77,80,82,85,88,90,93,96,99,101,103,106,108,111,114,117,119,122,125,127,130,133,135,137,140,143,145,148,151,153,156,159,162,164,167,169,171,174,177,180,182,185,188,190,193,196,198,201,203,206,208,211,214,216,219,222,225,227,230,233,234,237,240,243,245,248,251,253,256,259,261,264,267
293,6,9,11,14,17,19,22,25,27,30,33,36,38,41,43,45,48,51,54,56,59,62,64,67,70,72,75,78,80,82,85,88,90,93,96,99,101,104,107,109,112,115,117,119,122,125,127,130,133,135,138,141,144,146,149,152,154,156,159,162,164,167,170,172,175,178,180,183,186,189,191,193,196,198,201,204,207,209,212,215,217,220,223,225,228,230,233,235,238,241,243,246,249,252,254,257,260,262,265,268
294,6,9,11,14,17,19,22,25,27,30,33,36,38,41,44,46,48,51,54,56,59,62,64,67,70,72,75,78,81,83,86,89,91,93,96,99,101,104,107,109,112,115,117,120,123,126,128,131,134,136,138,141,144,146,149,152,154,157,160,162,165,168,171,173,176,179,180,183,186,189,191,194,197,199,202,205,207,210,213,216,218,221,224,225,228,231,234,236,239,242,244,247,250,252,255,258,261,263,266,269
295,6,9,11,14,17,19,22,25,27,30,33,36,38,41,44,46,49,52,54,57,59,62,64,67,70,72,75,78,81,83,86,89,91,94,97,99,102,105,108,110,112,115,117,120,123,126,128,131,134,136,139,142,144,147,150,153,155,158,161,163,165,168,171,173,176,179,181,184,187,189,192,195,198,200,203,206,208,211,214,216,218,221,224,226,229,232,234,237,240,243,245,248,251,253,256,259,261,264,267,270
296,6,9,11,14,17,19,22,25,27,30,33,36,38,41,44,46,49,52,54,57,60,63,65,68,71,72,75,78,81,83,86,89,91,94,97,99,102,105,108,110,113,116,118,121,124,126,129,132,135,137,139,142,144,147,150,153,155,158,161,163,166,169,171,174,177,180,182,185,188,190,193,196,198,201,204,206,208,211,214,216,219,222,225,227,230,233,235,238,241,243,246,249,252,254,257,260,262,265,268,270
297,6,9,11,14,17,19,22,25,27,30,33,36,38,41,44,46,49,52,54,57,60,63,65,68,71,73,76,79,81,84,87,90,92,94,97,99,102,105,108,110,113,116,118,121,124,126,129,132,135,137,140,143,145,148,151,153,156,159,162,164,167,170,172,175,178,180,182,185,188,190,193,196,198,201,204,207,209,212,215,217,220,223,225,228,231,234,236,239,242,244,247,250,252,255,258,261,263,266,269,271
298,6,9,11,14,17,19,22,25,27,30,33,36,38,41,44,46,49,52,54,57,60,63,65,68,71,73,76,79,81,84,87,90,92,95,98,100,103,106,108,111,114,117,119,122,125,127,130,133,135,138,140,143,145,148,151,153,156,159,162,164,167,170,172,175,178,180,183,186,189,191,194,197,199,202,205,207,210,213,216,218,221,224,226,229,232,234,237,240,243,245,248,251,253,256,259,261,264,267,270,272
299,6,9,11,14,17,19,22,25,27,30,33,36,38,41,44,46,49,52,54,57,60,63,65,68,71,73,76,79,81,84,87,90,92,95,98,100,103,106,108,111,114,117,119,122,125,127,130,133,135,138,141,144,146,149,152,154,157,160,162,165,168,171,173,176,179,181,184,187,189,192,195,198,200,203,206,208,211,214,216,219,222,225,227,230,233,235,238,241,243,246,249,252,254,257,260,262,265,268,270,273
300,7,9,12,15,18,20,23,26,28,31,34,36,39,42,45,47,50,53,55,58,61,63,66,69,72,74,77,80,82,85,88,90,93,96,99,101,104,107,109,112,115,117,120,123,126,128,131,134,136,139,142,144,147,150,153,155,158,161,163,166,169,171,174,177,180,182,185,188,190,193,196,198,201,204,207,209,212,215,217,220,223,225,228,231,234,236,239,242,244,247,250,252,255,258,261,263,266,269,271,274
301,7,9,12,15,18,20,23,26,28,31,34,36,39,42,45,47,50,53,55,58,61,63,66,69,72,74,77,80,82,85,88,90,93,96,99,101,104,107,109,112,115,117,120,123,126,128,131,134,136,139,142,144,147,150,153,155,158,161,163,166,169,171,174,177,180,182,185,188,190,193,196,198,201,204,207,209,212,215,217,220,223,225,228,231,234,236,239,242,244,247,250,252,255,258,261,263,266,269,271,275
302,7,9,12,15,18,20,23,26,28,31,34,36,39,42,45,47,50,53,55,58,61,63,66,69,72,74,77,80,82,85,88,90,93,96,99,101,104,107,109,112,115,117,120,123,126,128,131,134,136,140,143,145,148,151,153,156,159,162,164,167,170,172,175,178,180,183,186,189,191,194,197,199,202,205,207,210,213,216,218,221,224,226,229,232,234,237,240,243,245,248,251,253,256,259,261,264,267,270,272,276
303,7,9,12,15,18,20,23,26,28,31,34,36,39,42,45,47,50,53,55,58,61,63,66,69,72,74,77,80,82,85,88,90,93,97,99,102,105,108,110,113,116,118,121,124,126,129,132,135,137,140,143,145,148,151,153,156,159,162,164,167,170,172,175,178,180,183,187,189,192,195,198,200,203,206,208,211,214,216,219,222,225,227,230,233,235,238,241,243,246,249,252,254,257,260,262,265,268,270,273,277
304,7,9,12,15,18,20,23,26,28,31,34,36,39,42,45,47,50,53,55,58,61,63,66,69,72,75,78,81,83,86,89,91,94,97,99,102,105,108,110,113,116,118,121,124,126,129,132,135,137,141,144,146,149,152,154,157,160,162,165,168,171,173,176,179,181,184,187,189,192,195,198,200,203,206,209,212,215,217,220,223,225,228,231,234,236,239,242,244,247,250,252,255,258,261,263,266,269,271,274,278
305,7,9,12,15,18,20,23,26,28,31,34,36,39,42,45,47,50,53,55,59,62,64,67,70,72,75,78,81,83,86,89,91,94,97,99,102,105,108,110,114,117,119,122,125,127,130,133,135,138,141,144,146,149,152,154,157,160,162,165,169,171,174,177,180,182,185,188,190,193,196,198,201,204,207,209,212,215,217,220,224,226,229,232,234,237,240,243,245,248,251,253,256,259,261,264,267,270,272,275,279
306,7,9,12,15,18,20,23,26,28,31,34,36,39,42,45,47,51,54,56,59,62,64,67,70,72,75,78,81,83,86,89,91,94,98,100,103,106,108,111,114,117,119,122,125,127,130,133,135,138,142,144,147,150,153,155,158,161,163,166,169,171,174,177,180,182,185,189,191,194,197,199,202,205,207,210,213,216,218,221,224,226,229,232,235,238,241,243,246,249,252,254,257,260,262,265,268,270,273,276,279
307,7,9,12,15,18,20,23,26,28,31,34,36,39,42,45,48,51,54,56,59,62,64,67,70,72,75,78,81,84,87,90,92,95,98,100,103,106,108,111,114,117,119,123,126,128,131,134,136,139,142,144,147,150,153,155,158,161,164,167,170,172,175,178,180,183,186,189,191,194,197,199,203,206,208,211,214,216,219,222,225,227,230,233,235,238,242,244,247,250,252,255,258,261,263,266,269,271,274,277,280
308,7,9,12,15,18,20,23,26,28,31,34,36,40,43,45,48,51,54,56,59,62,64,67,70,73,76,79,81,84,87,90,92,95,98,100,103,106,109,112,115,117,120,123,126,128,131,134,136,139,143,145,148,151,153,156,159,162,164,167,170,172,175,179,181,184,187,189,192,195,198,200,203,206,208,212,215,217,220,223,225,228,231,234,236,239,242,244,248,251,253,256,259,261,264,267,270,272,275,278,281
309,7,9,12,15,18,20,23,26,28,31,34,37,40,43,45,48,51,54,56,59,62,64,68,71,73,76,79,81,84,87,90,92,95,99,101,104,107,109,112,115,117,120,123,126,129,132,135,137,140,143,145,148,151,153,156,160,162,165,168,171,173,176,179,181,184,187,190,193,196,198,201,204,207,209,212,215,217,221,224,226,229,232,234,237,240,243,245,248,252,254,257,260,262,265,268,270,273,276,279,282
310,7,9,12,15,18,20,23,26,28,32,35,37,40,43,45,48,51,54,56,60,63,65,68,71,73,76,79,81,84,88,90,93,96,99,101,104,107,109,112,116,118,121,124,126,129,132,135,137,140,144,146,149,152,154,157,160,162,165,168,171,174,177,180,182,185,188,190,193,196,199,202,205,207,210,213,216,218,221,224,227,230,233,235,238,241,243,246,249,252,255,258,261,263,266,269,271,274,277,279,283
311,7,9,12,15,18,20,23,26,28,32,35,37,40,43,45,48,51,54,57,60,63,65,68,71,73,76,79,82,85,88,90,93,96,99,101,104,108,110,113,116,118,121,124,126,129,133,135,138,141,144,146,149,152,154,158,161,163,166,169,171,174,177,180,183,186,189,191,194,197,199,202,205,208,211,214,216,219,222,225,227,230,234,236,239,242,244,247,250,252,255,259,261,264,267,270,272,275,278,280,284
312,7,9,12,15,18,20,23,26,29,32,35,37,40,43,45,48,52,54,57,60,63,65,68,71,74,77,80,82,85,88,90,93,96,99,102,105,108,110,113,116,118,122,125,127,130,133,135,138,141,144,147,150,153,155,158,161,163,166,170,172,175,178,180,183,186,189,192,195,198,200,203,206,208,211,215,217,220,223,225,228,231,234,236,240,243,245,248,251,253,256,259,262,265,268,270,273,276,279,281,285
313,7,9,12,15,18,20,23,27,29,32,35,37,40,43,45,49,52,54,57,60,63,65,68,72,74,77,80,82,85,88,91,94,97,99,102,105,108,110,114,117,119,122,125,127,130,133,136,139,142,144,147,150,153,156,159,162,164,167,170,172,175,179,181,184,187,189,192,195,198,201,204,207,209,212,215,217,221,224,226,229,232,234,237,240,243,246,249,252,254,257,260,262,266,269,271,274,277,279,282,286
314,7,9,12,15,18,20,23,27,29,32,35,37,40,43,46,49,52,54,57,60,63,66,69,72,74,77,80,82,86,89,91,94,97,99,102,106,108,111,114,117,119,122,126,128,131,134,136,139,142,145,148,151,153,156,159,162,164,168,171,173,176,179,181,184,188,190,193,196,198,201,204,207,210,213,216,218,221,224,227,230,233,235,238,241,243,247,250,252,255,258,261,263,267,270,272,275,278,280,283,287
315,7,9,12,15,18,20,24,27,29,32,35,37,40,44,46,49,52,54,57,61,63,66,69,72,74,77,81,83,86,89,91,94,97,100,103,106,108,111,114,117,120,123,126,128,131,134,137,140,143,145,148,151,153,157,160,162,165,168,171,174,177,180,182,185,188,190,194,197,199,202,205,207,210,214,216,219,222,225,227,231,234,236,239,242,244,247,251,253,256,259,261,264,267,270,273,276,279,281,284,288
316,7,9,12,15,18,20,24,27,29,32,35,37,41,44,46,49,52,54,58,61,63,66,69,72,75,78,81,83,86,89,91,95,98,100,103,106,108,112,115,117,120,123,126,129,132,135,137,140,143,146,149,152,154,157,160,162,166,169,171,174,177,180,183,186,189,191,194,197,200,203,206,208,211,214,217,220,223,225,228,231,234,237,240,243,245,248,251,254,257,260,262,265,268,271,274,277,279,282,285,288
317,7,9,12,15,18,21,24,27,29,32,35,38,41,44,46,49,52,55,58,61,63,66,69,72,75,78,81,83,86,90,92,95,98,100,103,107,109,112,115,117,120,124,126,129,132,135,137,141,144,146,149,152,155,158,161,163,166,169,172,175,178,180,183,186,189,192,195,198,200,203,207,209,212,215,217,220,224,226,229,232,234,237,241,243,246,249,252,254,258,261,263,266,269,271,275,278,280,283,286,289
318,7,9,12,15,18,21,24,27,29,32,35,38,41,44,46,49,53,55,58,61,63,66,70,72,75,78,81,84,87,90,92,95,98,101,104,107,109,112,116,118,121,124,126,129,133,135,138,141,144,147,150,153,155,158,161,164,167,170,172,175,178,181,184,187,189,192,196,198,201,204,207,209,213,216,218,221,224,227,230,233,235,238,241,244,247,250,252,255,259,261,264,267,270,272,276,279,281,284,287,290
319,7,9,12,15,18,21,24,27,29,32,36,38,41,44,46,50,53,55,58,61,63,67,70,72,75,78,81,84,87,90,92,96,99,101,104,107,110,113,116,118,121,124,127,130,133,135,138,142,144,147,150,153,156,159,162,164,167,171,173,176,179,181,184,188,190,193,196,198,202,205,207,210,213,216,219,222,225,227,231,234,236,239,242,244,248,251,253,256,259,262,265,268,270,273,277,279,282,285,288,291
320,7,9,12,15,18,21,24,27,29,33,36,38,41,44,47,50,53,55,58,62,64,67,70,72,76,79,81,84,87,90,93,96,99,101,105,108,110,113,116,119,122,125,127,130,134,136,139,142,144,148,151,153,156,159,162,165,168,171,173,177,180,182,185,188,191,194,197,199,202,206,208,211,214,216,220,223,225,228,231,234,237,240,243,245,249,252,254,257,260,263,266,269,271,274,278,280,283,286,288,292
321,7,9,12,15,18,21,24,27,29,33,36,38,41,44,47,50,53,55,58,62,64,67,70,73,76,79,81,84,88,90,93,96,99,102,105,108,110,113,117,119,122,125,128,131,134,136,139,143,145,148,151,153,157,160,162,165,168,171,174,177,180,183,186,189,191,194,198,200,203,206,208,212,215,217,220,223,226,229,232,234,238,241,243,246,249,252,255,258,261,263,267,270,272,275,278,281,284,287,289,293
322,7,9,12,15,18,21,24,27,29,33,36,38,41,45,47,50,53,55,59,62,64,67,71,73,76,79,81,85,88,90,93,97,99,102,105,108,111,114,117,119,123,126,128,131,134,137,140,143,145,149,152,154,157,160,163,166,169,171,174,178,180,183,186,189,192,195,198,200,204,207,209,212,216,218,221,224,226,230,233,235,238,242,244,247,250,252,256,259,261,264,268,270,273,276,279,282,285,288,290,294
323,7,9,12,15,18,21,24,27,30,33,36,38,41,45,47,50,53,56,59,62,64,68,71,73,76,79,82,85,88,90,94,97,99,102,106,108,111,114,117,120,123,126,128,132,135,137,140,144,146,149,152,154,158,161,163,166,170,172,175,178,181,184,187,189,192,196,198,201,204,207,210,213,216,219,222,225,227,230,234,236,239,242,245,248,251,253,257,260,262,265,268,271,274,277,279,283,286,288,291,295
324,7,9,12,15,18,21,24,27,30,33,36,38,42,45,47,50,54,56,59,62,65,68,71,73,77,80,82,85,88,91,94,97,99,103,106,108,111,115,117,120,123,126,129,132,135,138,141,144,146,150,153,155,158,161,164,167,170,172,176,179,181,184,188,190,193,196,199,202,205,207,211,214,216,219,223,225,228,231,234,237,240,243,245,249,252,254,257,261,263,266,269,272,275,278,280,284,287,289,292,296
325,7,9,12,16,18,21,24,27,30,33,36,39,42,45,47,51,54,56,59,63,65,68,71,74,77,80,82,86,89,91,94,98,100,103,106,109,112,115,117,121,124,126,129,133,135,138,141,144,147,150,153,156,159,162,164,168,171,173,176,180,182,185,188,191,194,197,199,203,206,208,211,215,217,220,223,226,229,232,234,238,241,243,246,250,252,255,258,261,264,267,270,273,276,279,281,285,288,290,293,297
326,7,9,12,16,18,21,24,27,30,33,36,39,42,45,47,51,54,56,59,63,65,68,71,74,77,80,83,86,89,91,95,98,100,103,107,109,112,115,118,121,124,126,130,133,135,138,142,144,147,151,153,156,159,162,165,168,171,174,177,180,182,186,189,191,194,198,200,203,206,209,212,215,217,221,224,226,230,233,235,238,242,244,247,250,253,256,259,261,265,268,270,273,277,279,282,285,288,291,294,297
327,7,9,12,16,18,21,24,27,30,33,36,39,42,45,48,51,54,56,60,63,65,68,72,74,77,81,83,86,89,92,95,98,100,104,107,109,112,116,118,121,125,127,130,133,136,139,142,144,148,151,153,157,160,162,165,169,171,174,177,180,183,186,189,192,195,198,201,204,207,209,213,216,218,221,225,227,230,234,236,239,242,245,248,251,253,257,260,262,266,269,271,274,278,280,283,286,289,292,295,298
328,7,9,12,16,18,21,24,27,30,33,36,39,42,45,48,51,54,57,60,63,65,69,72,74,78,81,83,86,90,92,95,98,101,104,107,110,113,116,118,122,125,127,131,134,136,139,143,145,148,152,154,157,160,163,166,169,171,175,178,180,184,187,189,192,196,198,201,205,207,210,213,216,219,222,225,228,231,234,237,240,243,245,249,252,254,258,261,263,266,270,272,275,279,281,284,287,290,293,296,299
329,7,9,12,16,18,21,25,27,30,33,36,39,42,45,48,51,54,57,60,63,66,69,72,74,78,81,83,87,90,92,95,99,101,104,108,110,113,117,119,122,125,128,131,134,137,140,143,145,149,152,154,158,161,163,166,170,172,175,179,181,184,187,190,193,196,199,202,205,208,211,214,216,220,223,225,229,232,234,237,241,243,246,250,252,255,258,261,264,267,270,273,276,279,282,285,288,291,294,297,300
330,7,9,12,16,18,21,25,27,30,34,36,39,42,45,48,51,54,57,60,63,66,69,72,75,78,81,84,87,90,93,96,99,101,105,108,110,114,117,119,123,126,128,131,135,137,140,144,146,149,153,155,158,161,164,167,170,173,176,179,182,185,188,190,194,197,199,203,206,208,212,215,217,220,224,226,229,233,235,238,242,244,247,250,253,256,259,262,265,268,271,274,277,279,283,286,288,292,295,297,301
331,7,9,12,16,18,21,25,27,30,34,36,39,43,45,48,51,54,57,60,63,66,69,72,75,78,81,84,87,90,93,96,99,102,105,108,111,114,117,120,123,126,129,132,135,137,141,144,146,150,153,155,159,162,164,168,171,173,176,180,182,185,189,191,194,198,200,203,207,209,212,216,218,221,224,227,230,233,236,239,242,245,248,251,254,257,260,262,266,269,271,275,278,280,284,287,289,293,296,298,302
332,7,9,12,16,18,21,25,27,30,34,36,39,43,45,48,52,54,57,61,63,66,70,72,75,79,81,84,87,90,93,96,99,102,105,108,111,114,117,120,123,126,129,132,135,138,141,144,147,150,153,156,159,162,165,168,171,174,177,180,183,186,189,192,195,198,201,204,207,210,213,216,219,222,225,228,231,234,236,240,243,245,249,252,254,258,261,263,267,270,272,276,279,281,285,288,290,294,297,299,303
333,7,9,12,16,18,21,25,27,30,34,36,39,43,45,48,52,54,57,61,63,66,70,72,75,79,81,84,88,90,93,97,99,102,106,108,111,115,117,120,124,126,129,133,135,138,142,144,147,151,153,156,160,162,165,169,171,174,178,180,183,187,189,192,196,198,201,205,207,210,214,216,219,223,225,228,232,234,237,241,243,246,250,252,255,259,261,264,268,270,273,277,279,282,286,288,291,295,297,300,304
334,7,9,13,16,18,22,25,27,31,34,36,40,43,45,49,52,54,58,61,63,67,70,72,76,79,81,85,88,90,94,97,99,103,106,108,112,115,117,121,124,126,130,133,135,139,142,144,148,151,154,157,160,163,166,169,172,175,178,181,184,187,190,193,196,199,202,205,208,211,214,217,220,223,226,229,232,235,238,241,244,247,250,253,256,259,262,265,268,271,274,277,280,283,286,289,292,295,298,301,305
335,7,9,13,16,18,22,25,27,31,34,36,40,43,45,49,52,54,58,61,64,67,70,73,76,79,82,85,88,91,94,97,100,103,106,109,112,115,118,121,125,127,130,134,136,139,143,145,148,152,154,157,161,163,166,170,172,175,179,181,185,188,190,194,197,199,203,206,208,212,215,217,221,224,226,230,233,235,239,242,245,248,251,254,257,260,263,266,269,272,275,278,281,284,287,290,293,296,299,302,306
336,7,9,13,16,18,22,25,27,31,34,36,40,43,46,49,52,55,58,61,64,67,70,73,76,80,82,85,89,91,94,98,100,103,107,109,112,116,118,122,125,127,131,134,136,140,143,145,149,152,155,158,161,164,167,170,173,176,179,182,185,188,191,194,198,200,203,207,209,212,216,218,221,225,227,231,234,236,240,243,245,249,252,254,258,261,263,267,270,273,276,279,282,285,288,291,294,297,300,303,306
337,7,9,13,16,18,22,25,27,31,34,37,40,43,46,49,52,55,58,62,64,67,71,73,76,80,82,85,89,91,95,98,100,104,107,109,113,116,119,122,125,128,131,134,137,140,144,146,149,153,155,158,162,164,167,171,173,177,180,182,186,189,191,195,198,201,204,207,210,213,216,219,222,225,228,231,234,237,240,243,246,249,252,255,259,261,264,268,270,273,277,279,283,286,288,292,295,297,301,304,307
338,7,9,13,16,18,22,25,28,31,34,37,40,43,46,49,53,55,58,62,64,67,71,73,77,80,82,86,89,92,95,98,101,104,107,110,113,117,119,122,126,128,131,135,137,141,144,146,150,153,156,159,162,165,168,171,174,177,180,183,186,189,192,195,198,201,205,207,210,214,216,219,223,225,229,232,234,238,241,244,247,250,253,256,259,262,265,269,271,274,278,280,283,287,289,293,296,298,302,305,308
339,7,9,13,16,18,22,25,28,31,34,37,40,44,46,49,53,55,59,62,64,68,71,73,77,80,83,86,89,92,95,99,101,104,108,110,114,117,119,123,126,128,132,135,138,141,144,147,150,153,156,159,162,165,169,171,174,178,180,184,187,189,193,196,198,202,205,208,211,214,217,220,224,226,229,233,235,239,242,244,248,251,253,257,260,263,266,269,272,275,279,281,284,288,290,294,297,299,303,306,309
340,7,9,13,16,19,22,25,28,31,35,37,40,44,46,50,53,55,59,62,65,68,71,74,77,81,83,86,90,92,96,99,101,105,108,111,114,117,120,123,126,129,132,135,138,142,144,147,151,153,157,160,162,166,169,172,175,178,181,184,188,190,193,197,199,203,206,208,212,215,218,221,224,227,230,234,236,239,243,245,249,252,254,258,261,264,267,270,273,276,279,282,285,288,291,295,297,300,304,306,310
341,7,9,13,16,19,22,25,28,31,35,37,40,44,46,50,53,55,59,62,65,68,72,74,77,81,83,87,90,92,96,99,102,105,108,111,114,117,120,123,126,129,133,135,139,142,144,148,151,154,157,160,163,166,170,172,175,179,181,185,188,191,194,197,200,203,207,209,212,216,218,222,225,227,231,234,237,240,243,246,249,252,255,259,261,264,268,270,274,277,279,283,286,289,292,295,298,301,305,307,311
342,7,9,13,16,19,22,25,28,31,35,37,41,44,46,50,53,56,59,62,65,68,72,74,78,81,83,87,90,93,96,99,102,105,108,111,115,117,120,124,126,130,133,136,139,142,145,148,152,154,158,161,163,167,170,173,176,179,182,185,189,191,195,198,200,204,207,210,213,216,219,222,225,228,232,234,237,241,243,247,250,253,256,259,262,265,269,271,274,278,280,284,287,290,293,296,299,302,306,308,312
343,7,9,13,16,19,22,26,28,31,35,37,41,44,47,50,53,56,59,63,65,69,72,74,78,81,84,87,90,93,96,99,102,106,108,112,115,117,121,124,127,130,134,136,139,143,145,149,152,155,158,161,164,167,171,173,177,180,182,186,189,192,195,198,201,204,207,210,214,216,220,223,225,229,232,235,238,242,244,247,251,253,257,260,263,266,269,272,275,279,281,285,288,290,294,297,300,303,306,309,313
344,7,9,13,16,19,22,26,28,31,35,37,41,44,47,50,54,56,59,63,65,69,72,75,78,81,84,87,90,93,97,99,103,106,108,112,115,118,121,125,127,131,134,136,140,143,146,149,153,155,159,162,164,168,171,174,177,180,183,186,189,192,196,198,202,205,208,211,214,217,220,224,226,230,233,236,239,242,245,248,252,254,258,261,263,267,270,273,276,279,282,286,288,291,295,297,301,304,307,310,314
345,7,9,13,16,19,22,26,28,32,35,37,41,44,47,50,54,56,60,63,66,69,72,75,78,81,84,88,90,94,97,99,103,106,109,112,116,118,122,125,128,131,134,137,140,144,146,150,153,156,159,162,165,168,171,174,178,180,184,187,190,193,196,199,202,206,208,212,215,218,221,224,227,230,234,236,240,243,246,249,252,255,258,261,264,268,270,274,277,280,283,286,289,292,296,298,302,305,308,311,315
346,7,9,13,16,19,22,26,28,32,35,38,41,44,47,50,54,56,60,63,66,69,72,75,79,81,84,88,90,94,97,100,103,107,109,113,116,119,122,125,128,131,135,137,141,144,147,150,153,156,160,162,165,169,171,175,178,181,184,188,190,194,197,199,203,206,209,212,216,218,222,225,228,231,234,237,240,243,246,250,252,256,259,262,265,269,271,275,278,280,284,287,290,293,297,299,303,306,309,312,315
347,7,9,13,16,19,22,26,28,32,35,38,41,45,47,51,54,56,60,63,66,69,72,75,79,81,85,88,91,94,98,100,104,107,109,113,116,119,122,126,128,132,135,138,141,144,147,151,153,157,160,162,166,169,172,175,179,181,185,188,191,194,198,200,204,207,210,213,216,219,222,225,228,232,234,238,241,244,247,251,253,257,260,263,266,269,272,275,279,281,285,288,291,294,297,300,304,306,310,313,316
348,7,9,13,16,19,22,26,28,32,35,38,41,45,47,51,54,57,60,63,66,70,72,76,79,82,85,88,91,94,98,100,104,107,110,113,117,119,123,126,129,132,135,138,142,144,148,151,154,157,161,163,166,170,172,176,179,182,185,189,191,195,198,201,204,207,210,214,216,220,223,226,229,233,235,239,242,244,248,251,254,257,261,263,267,270,273,276,279,282,286,288,292,295,298,301,305,307,311,314,317
349,7,9,13,16,19,22,26,28,32,35,38,41,45,47,51,54,57,60,63,66,70,72,76,79,82,85,89,91,95,98,101,104,108,110,114,117,120,123,126,129,133,135,139,142,145,148,152,154,158,161,163,167,170,173,176,180,182,186,189,192,195,198,201,205,207,211,214,217,220,224,226,230,233,236,239,243,245,249,252,255,258,261,264,268,270,274,277,280,283,287,289,293,296,299,302,306,308,312,315,318
350,7,10,13,17,19,23,26,29,32,36,38,42,45,48,51,54,57,61,63,67,70,73,76,80,82,86,89,92,95,99,101,105,108,111,114,117,120,124,126,130,133,136,139,143,145,149,152,155,158,162,164,168,171,174,177,180,183,187,189,193,196,199,202,206,208,212,215,218,221,225,227,231,234,237,240,243,246,250,252,256,259,262,265,269,271,275,278,281,284,288,290,294,297,300,303,306,309,313,315,319
351,7,10,13,17,19,23,26,29,32,36,38,42,45,48,51,54,57,61,63,67,70,73,76,80,82,86,89,92,95,99,101,105,108,111,114,117,120,124,126,130,133,136,139,143,145,149,152,155,158,162,165,168,171,174,178,180,184,187,190,193,197,199,203,206,209,212,216,218,222,225,228,231,234,237,241,243,247,250,253,256,260,262,266,269,272,275,279,281,285,288,291,294,297,300,304,306,310,313,316,320
352,7,10,13,17,19,23,26,29,32,36,38,42,45,48,51,54,57,61,63,67,70,73,76,80,83,86,90,92,96,99,102,105,108,111,115,117,121,124,127,130,134,136,140,143,146,149,153,155,159,162,165,169,171,175,178,181,184,188,190,194,197,200,203,207,209,213,216,219,222,225,228,232,234,238,242,244,248,251,254,257,261,263,267,270,273,276,279,282,286,288,292,295,298,301,305,307,311,314,317,321
353,7,10,13,17,19,23,26,29,32,36,38,42,45,48,51,54,58,61,64,67,71,73,77,80,83,86,90,92,96,99,102,105,108,112,115,118,121,125,127,131,134,137,140,144,146,150,153,156,159,162,166,169,172,175,179,181,185,188,191,194,198,200,204,207,210,213,216,220,223,226,229,233,235,239,242,245,248,252,254,258,261,264,267,270,274,277,280,283,287,289,293,296,299,302,306,308,312,315,318,322
354,7,10,13,17,19,23,26,29,32,36,38,42,45,48,52,54,58,61,64,67,71,73,77,80,83,87,90,93,96,99,102,106,108,112,115,118,121,125,128,131,135,137,141,144,147,150,153,156,160,163,166,170,172,176,179,182,185,189,191,195,198,201,205,207,211,214,217,220,224,226,230,233,236,239,243,246,249,252,255,259,261,265,268,271,274,278,280,284,288,290,294,297,300,303,306,309,313,315,319,323
355,7,10,13,17,19,23,26,29,32,36,39,42,45,48,52,54,58,61,64,68,71,74,77,81,83,87,90,93,96,99,103,106,109,112,116,118,122,125,128,132,135,138,141,144,147,151,153,157,160,163,167,170,173,176,180,182,186,189,192,196,198,202,205,208,211,215,217,221,224,227,231,234,237,240,243,246,250,252,256,260,262,266,269,272,275,279,281,285,288,291,295,297,301,304,307,310,314,316,320,324
356,7,10,13,17,19,23,26,29,33,36,39,42,45,48,52,54,58,62,64,68,71,74,77,81,84,87,90,93,97,99,103,106,109,113,116,119,122,126,128,132,135,138,142,144,148,151,154,157,161,164,167,171,173,177,180,183,186,189,193,196,199,202,206,208,212,215,218,222,225,228,231,234,237,241,244,247,251,253,257,260,263,266,270,273,276,279,282,286,288,292,295,298,302,305,308,311,315,317,321,324
357,7,10,13,17,19,23,26,29,33,36,39,42,45,48,52,55,58,62,64,68,71,74,78,81,84,87,90,93,97,100,103,107,109,113,116,119,123,126,129,132,135,138,142,145,148,152,154,158,161,164,168,171,174,177,180,183,187,190,193,197,199,203,206,209,213,216,219,222,225,228,232,235,238,242,244,248,251,254,258,261,264,267,270,273,277,280,283,287,289,293,296,299,303,306,309,312,315,318,322,325
358,7,10,13,17,19,23,27,29,33,36,39,42,45,49,52,55,58,62,65,68,72,74,78,81,84,88,90,94,97,100,103,107,110,113,117,119,123,126,129,133,135,139,142,145,149,152,155,158,162,165,168,171,174,178,180,184,188,190,194,197,200,203,207,210,213,216,219,223,226,229,233,235,239,242,245,249,252,255,258,261,264,268,271,274,278,280,284,288,290,294,297,300,303,306,310,313,316,319,323,326
359,7,10,13,17,19,23,27,29,33,36,39,43,45,49,52,55,59,62,65,68,72,74,78,81,84,88,90,94,98,100,104,107,110,114,117,120,123,126,130,133,136,139,143,145,149,153,155,159,162,165,169,171,175,178,181,185,188,191,194,198,200,204,207,210,214,216,220,224,226,230,233,236,240,243,246,249,252,256,259,262,265,269,271,275,279,281,285,288,291,295,297,301,304,307,311,314,317,320,324,327
360,7,10,13,17,20,23,27,29,33,36,39,43,45,49,53,55,59,62,65,69,72,75,78,81,85,88,91,94,98,101,104,108,110,114,117,120,124,126,130,134,136,140,143,146,150,153,156,159,162,166,169,172,175,179,182,185,189,191,195,198,201,205,207,211,215,217,221,224,227,231,234,237,240,243,247,250,253,256,260,263,266,270,272,276,279,282,286,288,292,296,298,302,305,308,312,315,318,321,324,328
361,7,10,13,17,20,23,27,29,33,36,39,43,45,49,53,55,59,62,65,69,72,75,79,81,85,88,91,95,98,101,104,108,111,114,117,120,124,127,130,134,137,140,144,146,150,153,156,160,162,166,170,172,176,179,182,186,189,192,195,198,202,205,208,212,215,218,221,225,228,231,234,237,241,244,247,251,253,257,261,263,267,270,273,277,279,283,287,289,293,296,299,303,306,309,312,315,319,322,325,329
362,7,10,13,17,20,23,27,29,33,36,39,43,46,49,53,55,59,63,65,69,72,75,79,81,85,89,91,95,98,101,105,108,111,115,117,121,124,127,131,134,137,141,144,147,150,153,157,160,163,167,170,173,176,180,183,186,189,192,196,199,202,206,209,212,216,218,222,225,228,232,235,238,242,244,248,252,254,258,261,264,268,270,274,278,280,284,287,290,294,297,300,304,306,310,313,316,320,323,326,330
363,7,10,13,17,20,23,27,30,33,36,39,43,46,49,53,56,59,63,65,69,72,75,79,82,85,89,92,95,99,101,105,108,111,115,118,121,125,127,131,135,137,141,144,147,151,153,157,161,163,167,171,173,177,180,183,187,189,193,197,199,203,207,209,213,216,219,223,225,229,233,235,239,242,245,249,252,255,259,261,265,269,271,275,278,281,285,288,291,295,297,301,304,307,311,314,317,321,324,327,331
364,7,10,13,17,20,23,27,30,33,36,40,43,46,49,53,56,59,63,66,69,72,76,79,82,86,89,92,95,99,102,105,108,112,115,118,122,125,128,131,135,138,141,144,148,151,154,158,161,164,168,171,174,177,180,184,187,190,194,197,200,204,207,210,213,216,220,223,226,230,233,236,240,243,246,250,252,256,259,262,266,269,272,276,279,282,286,288,292,295,298,302,305,308,312,315,318,322,324,328,332
365,7,10,13,17,20,23,27,30,33,36,40,43,46,50,53,56,60,63,66,70,72,76,79,82,86,89,92,96,99,102,106,108,112,116,118,122,126,128,132,135,138,142,144,148,152,154,158,162,164,168,171,174,178,181,184,188,191,194,198,201,204,207,210,214,217,220,224,227,230,234,237,240,243,247,250,253,257,260,263,267,270,273,276,279,283,286,289,293,296,299,303,306,309,313,315,319,323,325,329,333
366,7,10,13,17,20,23,27,30,33,36,40,43,46,50,53,56,60,63,66,70,72,76,80,82,86,90,92,96,99,102,106,109,112,116,119,122,126,129,132,135,139,142,145,149,152,155,159,162,165,169,171,175,178,181,185,188,191,195,198,201,205,207,211,215,217,221,225,227,231,234,237,241,244,247,251,254,257,261,264,267,270,274,277,280,284,287,290,294,297,300,304,306,310,314,316,320,324,326,330,333
367,7,10,14,17,20,24,27,30,34,36,40,44,46,50,54,56,60,63,66,70,73,76,80,83,86,90,93,96,99,103,106,109,113,116,119,123,126,129,133,135,139,143,145,149,153,155,159,162,165,169,172,175,179,182,185,189,192,195,198,202,205,208,212,215,218,222,225,228,232,234,238,242,244,248,252,254,258,261,264,268,271,274,278,281,284,288,291,294,297,301,304,307,311,314,317,321,324,327,331,334
368,7,10,14,17,20,24,27,30,34,36,40,44,46,50,54,56,60,63,66,70,73,76,80,83,87,90,93,97,99,103,107,109,113,117,119,123,126,129,133,136,139,143,146,149,153,156,159,162,166,170,172,176,180,182,186,189,192,196,199,202,206,209,212,216,219,222,225,229,232,235,239,242,245,249,252,255,259,262,265,269,272,275,279,282,285,288,292,295,298,302,305,308,312,315,318,322,324,328,332,335
369,7,10,14,17,20,24,27,30,34,36,40,44,46,50,54,57,60,63,67,70,73,77,80,83,87,90,93,97,100,103,107,110,113,117,120,123,126,130,133,136,140,143,146,150,153,156,160,163,166,170,173,176,180,183,186,189,193,197,199,203,207,209,213,216,219,223,226,229,233,236,239,243,246,250,252,256,260,262,266,270,272,276,279,282,286,289,293,296,299,303,306,309,313,315,319,323,325,329,333,336
370,7,10,14,17,20,24,27,30,34,37,40,44,47,50,54,57,60,63,67,71,73,77,81,83,87,90,93,97,100,104,107,110,114,117,120,124,126,130,134,137,140,144,147,150,153,157,160,163,167,171,173,177,180,183,187,190,193,197,200,204,207,210,214,216,220,224,226,230,234,237,240,243,247,250,253,257,260,263,267,270,273,277,280,283,287,290,293,297,300,304,306,310,314,316,320,324,326,330,333,337
371,7,10,14,17,20,24,27,30,34,37,40,44,47,50,54,57,61,63,67,71,73,77,81,84,87,90,94,97,100,104,108,110,114,117,120,124,127,130,134,137,141,144,147,151,153,157,161,164,167,171,174,177,180,184,188,190,194,198,200,204,207,211,214,217,221,224,227,231,234,237,241,244,247,251,254,257,261,264,268,270,274,278,280,284,288,291,294,297,301,304,307,311,315,317,321,324,327,331,334,338
372,7,10,14,17,20,24,27,30,34,37,40,44,47,51,54,57,61,63,67,71,74,77,81,84,88,90,94,98,100,104,108,111,114,117,121,124,127,131,135,137,141,144,147,151,154,158,161,164,168,171,174,178,181,184,188,191,195,198,201,205,207,211,215,218,221,225,228,231,234,238,242,244,248,252,255,258,261,265,268,271,275,279,281,285,288,291,295,298,302,305,308,312,315,318,322,325,328,332,335,339
373,7,10,14,17,20,24,27,30,34,37,41,44,47,51,54,57,61,64,67,71,74,78,81,84,88,90,94,98,101,104,108,111,115,117,121,125,128,131,135,138,141,144,148,152,154,158,162,165,168,171,175,178,181,185,189,191,195,198,202,205,208,212,215,218,222,225,228,232,235,239,242,245,249,252,255,259,262,265,269,272,276,279,282,286,289,292,296,299,302,306,309,313,315,319,323,326,329,333,336,340
374,7,10,14,17,20,24,27,30,34,37,41,44,47,51,54,57,61,64,68,71,74,78,81,84,88,91,94,98,101,105,108,111,115,118,121,125,128,132,135,138,142,145,148,152,155,159,162,165,169,172,175,179,182,185,189,192,196,198,202,206,209,212,216,219,223,225,229,233,236,239,243,246,250,252,256,260,262,266,270,273,276,279,283,287,289,293,297,300,303,306,310,314,316,320,324,327,330,333,337,341
375,7,10,14,18,20,24,27,31,34,37,41,45,47,51,54,58,61,64,68,72,74,78,81,85,88,91,95,99,101,105,108,112,115,118,122,126,128,132,135,139,142,145,149,153,155,159,162,166,169,172,176,180,182,186,189,193,196,199,203,207,209,213,216,220,223,226,230,234,236,240,243,247,250,253,257,261,263,267,270,274,277,280,284,288,290,294,297,301,304,307,311,315,317,321,324,328,331,334,338,342
376,7,10,14,18,20,24,27,31,34,37,41,45,47,51,54,58,61,64,68,72,74,78,81,85,89,91,95,99,102,105,108,112,116,118,122,126,129,132,135,139,143,145,149,153,156,159,162,166,170,173,176,180,183,187,189,193,197,200,203,207,210,214,216,220,224,227,230,234,237,241,243,247,251,254,258,261,264,268,271,274,278,281,285,288,291,295,298,301,305,308,312,315,318,322,325,328,332,335,339,342
377,7,10,14,18,20,24,27,31,34,37,41,45,48,51,54,58,62,64,68,72,75,78,81,85,89,92,95,99,102,106,108,112,116,119,122,126,129,133,136,139,143,146,150,153,156,160,163,166,170,173,177,180,183,187,190,194,197,200,204,207,210,214,217,221,225,227,231,234,238,241,244,248,252,254,258,261,265,269,271,275,279,282,285,288,292,296,298,302,306,309,313,315,319,323,326,329,333,336,340,343
378,7,10,14,18,20,24,27,31,35,37,41,45,48,51,54,58,62,65,68,72,75,79,81,85,89,92,96,99,102,106,109,112,116,119,123,126,129,133,136,140,143,146,150,153,157,160,163,167,171,174,177,180,184,188,190,194,198,201,205,207,211,215,218,221,225,228,232,235,238,242,245,249,252,255,259,262,266,269,272,276,279,282,286,289,293,297,299,303,306,310,313,316,320,324,327,330,333,337,341,344
379,7,10,14,18,20,24,27,31,35,37,41,45,48,52,54,58,62,65,69,72,75,79,82,85,89,92,96,99,102,106,109,113,117,119,123,126,130,134,136,140,144,147,150,153,157,161,164,167,171,174,178,181,184,188,191,195,198,201,205,208,212,215,218,222,225,229,232,235,239,243,246,249,252,256,260,263,266,270,273,277,279,283,287,290,294,297,300,304,307,311,314,317,321,324,328,331,334,338,342,345
380,7,10,14,18,21,24,27,31,35,38,41,45,48,52,55,58,62,65,69,72,75,79,82,86,90,92,96,99,103,107,109,113,117,120,124,126,130,134,137,141,144,147,151,154,158,161,164,168,171,175,178,181,185,189,192,195,198,202,206,209,212,216,219,223,226,229,233,236,240,243,246,250,253,257,261,263,267,270,274,278,280,284,288,291,295,297,301,305,308,312,315,318,322,325,329,332,335,339,342,346
381,7,10,14,18,21,24,27,31,35,38,41,45,48,52,55,58,62,65,69,72,76,79,82,86,90,93,96,99,103,107,110,113,117,120,124,127,130,134,137,141,144,148,151,154,158,162,165,168,171,175,179,182,185,189,192,196,199,202,206,209,213,216,220,223,226,230,234,237,240,243,247,251,254,257,261,264,268,271,274,278,281,285,288,292,295,298,302,306,309,312,315,319,323,326,329,333,336,340,343,347
382,7,10,14,18,21,24,27,31,35,38,42,45,48,52,55,59,62,65,69,72,76,80,82,86,90,93,97,99,103,107,110,114,117,120,124,127,131,135,137,141,144,148,152,155,158,162,165,169,172,176,179,182,186,189,193,196,199,203,207,210,214,216,220,224,227,231,234,237,241,244,248,252,254,258,261,265,269,271,275,279,282,286,289,292,296,299,303,306,309,313,316,320,324,327,330,333,337,341,344,348
383,7,10,14,18,21,24,27,31,35,38,42,45,48,52,55,59,63,65,69,72,76,80,83,86,90,93,97,100,104,107,110,114,117,121,125,127,131,135,138,142,145,148,152,155,159,162,166,169,172,176,180,183,186,189,193,197,200,204,207,210,214,217,221,225,227,231,234,238,242,245,248,252,255,259,262,266,269,272,276,279,283,287,289,293,297,300,304,307,310,314,317,321,324,328,331,334,338,342,345,349
384,7,10,14,18,21,25,27,31,35,38,42,45,48,52,55,59,63,66,69,72,76,80,83,87,90,93,97,100,104,108,111,114,117,121,125,128,132,135,138,142,145,149,153,155,159,162,166,170,173,177,180,183,187,190,194,198,200,204,207,211,215,218,221,225,228,232,235,239,242,245,249,252,256,260,263,266,270,273,277,280,284,287,290,294,297,301,305,307,311,315,318,322,325,328,332,335,339,342,346,350
385,7,10,14,18,21,25,27,31,35,38,42,45,49,52,55,59,63,66,70,73,76,80,83,87,90,94,97,100,104,108,111,115,118,121,125,128,132,135,139,143,145,149,153,156,160,163,166,170,173,177,180,184,188,190,194,198,201,205,208,212,215,218,222,225,229,233,235,239,243,246,250,253,257,260,263,267,270,274,278,281,284,288,291,295,298,302,305,308,312,315,319,323,326,329,333,336,340,343,347,351
386,7,10,14,18,21,25,28,31,35,38,42,45,49,53,55,59,63,66,70,73,77,80,83,87,90,94,98,101,104,108,111,115,118,122,126,128,132,135,139,143,146,150,153,156,160,163,167,171,174,178,180,184,188,191,195,198,202,205,208,212,216,219,223,226,229,233,236,240,243,247,251,253,257,261,264,268,271,275,278,281,285,288,292,296,299,302,306,309,313,316,320,324,326,330,333,337,341,344,348,351
387,7,10,14,18,21,25,28,31,35,38,42,45,49,53,56,59,63,66,70,73,77,81,84,87,90,94,98,101,105,108,111,115,118,122,126,129,133,136,139,143,146,150,153,157,161,164,167,171,174,178,181,185,189,191,195,198,202,206,209,213,216,219,223,226,230,234,237,241,244,247,251,254,258,261,265,269,271,275,279,282,286,289,293,297,299,303,306,310,314,317,321,324,327,331,334,338,342,345,349,352
388,7,10,14,18,21,25,28,32,35,38,42,45,49,53,56,60,63,66,70,73,77,81,84,88,91,94,98,101,105,108,112,116,119,122,126,129,133,136,140,144,147,150,153,157,161,164,168,171,175,179,181,185,189,192,196,199,203,207,209,213,216,220,224,227,231,234,237,241,244,248,252,255,259,262,266,269,272,276,279,283,287,290,294,297,300,304,307,311,315,318,322,324,328,332,335,339,342,346,350,353
389,7,10,14,18,21,25,28,32,36,38,42,45,49,53,56,60,63,67,70,73,77,81,84,88,91,95,99,101,105,108,112,116,119,123,126,130,133,136,140,144,147,151,154,158,162,164,168,171,175,179,182,186,189,193,196,199,203,207,210,214,217,221,225,227,231,234,238,242,245,249,252,256,259,262,266,270,273,277,280,284,288,290,294,297,301,305,308,312,315,319,322,325,329,333,336,340,343,347,351,354
390,7,10,14,18,21,25,28,32,36,39,42,45,49,53,56,60,63,67,71,74,77,81,84,88,91,95,99,102,106,109,112,116,119,123,126,130,134,137,141,144,147,151,154,158,162,165,169,172,176,180,182,186,189,193,197,200,204,207,211,215,217,221,225,228,232,235,239,243,246,250,252,256,260,263,267,270,274,278,281,285,288,291,295,298,302,306,309,313,316,320,323,326,330,333,337,341,344,348,351,355
391,7,10,14,18,21,25,28,32,36,39,43,45,49,53,56,60,63,67,71,74,78,81,84,88,91,95,99,102,106,109,113,117,120,123,126,130,134,137,141,144,148,152,155,159,162,165,169,172,176,180,183,187,190,194,198,200,204,207,211,215,218,222,225,229,233,236,239,243,246,250,253,257,261,264,268,271,275,278,281,285,288,292,296,299,303,306,310,314,316,320,324,327,331,334,338,342,345,349,352,356
392,7,10,14,18,21,25,28,32,36,39,43,46,49,53,56,60,63,67,71,74,78,81,85,89,92,95,99,102,106,109,113,117,120,124,127,131,135,137,141,144,148,152,155,159,162,166,170,173,177,180,183,187,190,194,198,201,205,208,212,216,219,223,225,229,233,236,240,243,247,251,254,258,261,265,269,271,275,279,282,286,289,293,297,300,304,307,311,314,317,321,324,328,332,335,339,342,346,350,353,357
393,7,10,14,18,21,25,28,32,36,39,43,46,50,54,56,60,63,67,71,74,78,81,85,89,92,96,99,103,106,109,113,117,120,124,127,131,135,138,142,145,149,153,155,159,162,166,170,173,177,180,184,188,191,195,198,202,206,208,212,216,219,223,226,230,234,237,241,244,248,252,255,258,261,265,269,272,276,279,283,287,290,294,297,301,305,307,311,315,318,322,325,329,333,336,340,343,347,351,354,358
394,7,10,14,18,21,25,28,32,36,39,43,46,50,54,57,61,63,67,71,74,78,81,85,89,92,96,99,103,107,110,114,117,121,124,127,131,135,138,142,145,149,153,156,160,163,167,171,174,178,181,184,188,191,195,198,202,206,209,213,216,220,224,227,231,234,238,241,244,248,252,255,259,262,266,270,273,277,280,284,288,291,295,298,301,305,308,312,315,319,323,326,330,333,337,341,344,348,351,355,359
395,7,10,14,18,21,25,28,32,36,39,43,46,50,54,57,61,64,68,72,75,78,81,85,89,92,96,99,103,107,110,114,117,121,125,128,132,135,139,143,146,149,153,156,160,163,167,171,174,178,181,185,189,192,196,199,203,207,210,214,217,220,224,227,231,234,238,242,245,249,252,256,260,263,267,270,274,278,281,285,288,291,295,298,302,306,309,313,316,320,324,327,331,334,338,342,345,349,352,356,360
396,7,10,14,18,21,25,28,32,36,39,43,46,50,54,57,61,64,68,72,75,79,82,86,90,93,96,99,103,107,110,114,117,121,125,128,132,135,139,143,146,150,153,157,161,164,168,171,175,179,182,185,189,192,196,199,203,207,210,214,217,221,225,228,232,235,239,243,246,250,253,257,261,264,268,271,274,278,281,285,288,292,296,299,303,306,310,314,317,321,324,328,332,335,339,342,346,350,353,357,360
397,7,10,14,18,21,25,28,32,36,39,43,46,50,54,57,61,64,68,72,75,79,82,86,90,93,97,100,104,108,111,115,118,122,125,128,132,135,139,143,146,150,153,157,161,164,168,171,175,179,182,186,189,193,197,200,204,207,211,215,218,222,225,229,233,236,240,243,246,250,253,257,261,264,268,271,275,279,282,286,289,293,297,300,304,307,311,315,318,322,325,329,333,336,340,343,347,351,354,358,361
398,7,10,14,18,21,25,28,32,36,39,43,46,50,54,57,61,64,68,72,75,79,82,86,90,93,97,100,104,108,111,115,118,122,126,129,133,136,140,144,147,151,154,158,162,165,169,172,176,180,183,186,189,193,197,200,204,207,211,215,218,222,225,229,233,236,240,243,247,251,254,258,261,265,269,272,276,279,283,287,290,294,297,301,305,308,312,315,319,323,326,330,333,337,341,344,348,351,355,359,362
399,7,10,14,18,21,25,28,32,36,39,43,46,50,54,57,61,64,68,72,75,79,82,86,90,93,97,100,104,108,111,115,118,122,126,129,133,136,140,144,147,151,154,158,162,165,169,172,176,180,183,187,190,194,198,201,205,208,212,216,219,223,226,230,234,237,241,244,248,252,255,259,262,266,270,273,277,280,284,288,291,295,298,302,306,309,313,316,320,324,327,331,334,338,342,345,349,352,356,360,363
400,8,11,15,18,22,26,29,33,36,40,44,47,51,54,58,62,65,69,72,76,80,83,87,90,94,98,101,105,108,112,116,119,123,126,130,134,137,141,144,148,152,155,159,162,166,170,173,177,180,184,188,191,195,198,202,206,209,213,216,220,224,227,231,234,238,242,245,249,252,256,260,263,267,270,274,278,281,285,288,292,296,299,303,306,310,314,317,321,324,328,332,335,339,342,346,350,353,357,360,364
401,8,11,15,18,22,26,29,33,36,40,44,47,51,54,58,62,65,69,72,76,80,83,87,90,94,98,101,105,108,112,116,119,123,126,130,134,137,141,144,148,152,155,159,162,166,170,173,177,180,184,188,191,195,198,202,206,209,213,216,220,224,227,231,234,238,242,245,249,252,256,260,263,267,270,274,278,281,285,288,292,296,299,303,306,310,314,317,321,324,328,332,335,339,342,346,350,353,357,360,365
402,8,11,15,18,22,26,29,33,36,40,44,47,51,54,58,62,65,69,72,76,80,83,87,90,94,98,101,105,108,112,116,119,123,126,130,134,137,141,144,148,152,155,159,162,166,170,173,177,180,185,189,192,196,199,203,207,210,214,217,221,225,228,232,235,239,243,246,250,253,257,261,264,268,271,275,279,282,286,289,293,297,300,304,307,311,315,318,322,325,329,333,336,340,343,347,351,354,358,361,366
403,8,11,15,18,22,26,29,33,36,40,44,47,51,54,58,62,65,69,72,76,80,83,87,90,94,98,101,105,108,112,116,119,123,127,131,135,138,142,145,149,153,156,160,163,167,171,174,178,181,185,189,192,196,199,203,207,210,214,217,221,225,228,232,235,239,243,247,251,254,258,261,265,269,272,276,279,283,287,290,294,297,301,305,308,312,315,319,323,326,330,333,337,341,344,348,351,355,359,362,367
404,8,11,15,18,22,26,29,33,36,40,44,47,51,54,58,62,65,69,72,76,80,83,87,90,95,99,102,106,109,113,117,120,124,127,131,135,138,142,145,149,153,156,160,163,167,171,174,178,181,186,189,193,197,200,204,207,211,215,218,222,225,229,233,236,240,243,247,251,254,258,261,265,269,272,277,280,284,288,291,295,298,302,306,309,313,316,320,324,327,331,334,338,342,345,349,352,356,360,363,368
405,8,11,15,18,22,26,29,33,36,40,44,47,51,54,58,62,65,69,72,77,81,84,88,91,95,99,102,106,109,113,117,120,124,127,131,135,138,142,145,150,153,157,161,164,168,171,175,179,182,186,189,193,197,200,204,207,211,215,218,223,226,230,234,237,241,244,248,252,255,259,262,266,270,273,277,280,284,288,291,296,299,303,306,310,314,317,321,324,328,332,335,339,342,346,350,353,357,360,364,369
406,8,11,15,18,22,26,29,33,36,40,44,47,51,54,58,62,66,70,73,77,81,84,88,91,95,99,102,106,109,113,117,120,124,128,132,135,139,143,146,150,153,157,161,164,168,171,175,179,182,187,190,194,198,201,205,208,212,216,219,223,226,230,234,237,241,244,249,252,256,260,263,267,270,274,278,281,285,288,292,296,299,303,306,311,315,318,322,325,329,333,336,340,343,347,351,354,358,361,365,369
407,8,11,15,18,22,26,29,33,36,40,44,47,51,54,59,63,66,70,73,77,81,84,88,91,95,99,102,106,110,114,117,121,125,128,132,135,139,143,146,150,153,157,162,165,169,172,176,180,183,187,190,194,198,201,205,208,212,216,220,224,227,231,234,238,242,245,249,252,256,260,263,268,271,275,279,282,286,289,293,297,300,304,307,311,315,319,323,326,330,333,337,341,344,348,351,355,359,362,366,370
408,8,11,15,18,22,26,29,33,36,40,44,47,52,55,59,63,66,70,73,77,81,84,88,91,96,99,103,107,110,114,117,121,125,128,132,135,139,144,147,151,154,158,162,165,169,172,176,180,183,188,191,195,198,202,206,209,213,216,220,224,227,231,235,239,243,246,250,253,257,261,264,268,271,275,279,283,287,290,294,297,301,305,308,312,315,319,323,327,331,334,338,342,345,349,352,356,360,363,367,371
409,8,11,15,18,22,26,29,33,36,40,44,48,52,55,59,63,66,70,73,77,81,84,89,92,96,99,103,107,110,114,117,121,125,129,133,136,140,144,147,151,154,158,162,165,170,173,177,180,184,188,191,195,198,202,206,210,214,217,221,225,228,232,235,239,243,246,251,254,258,261,265,269,272,276,279,283,287,291,295,298,302,306,309,313,316,320,324,327,332,335,339,342,346,350,353,357,360,364,368,372
410,8,11,15,18,22,26,29,33,36,41,45,48,52,55,59,63,66,70,73,78,81,85,89,92,96,99,103,107,110,115,118,122,126,129,133,136,140,144,147,152,155,159,162,166,170,173,177,180,184,189,192,196,199,203,207,210,214,217,221,225,229,233,236,240,243,247,251,254,258,262,266,270,273,277,280,284,288,291,295,299,303,306,310,314,317,321,324,328,332,336,340,343,347,351,354,358,361,365,369,373
411,8,11,15,18,22,26,29,33,36,41,45,48,52,55,59,63,66,70,74,78,81,85,89,92,96,99,103,108,111,115,118,122,126,129,133,136,141,144,148,152,155,159,162,166,170,174,178,181,185,189,192,196,199,203,207,211,215,218,222,225,229,233,236,241,244,248,252,255,259,262,266,270,274,278,281,285,288,292,296,299,303,307,311,315,318,322,325,329,333,336,341,344,348,351,355,359,362,366,369,374
412,8,11,15,18,22,26,29,33,37,41,45,48,52,55,59,63,67,71,74,78,81,85,89,92,97,100,104,108,111,115,118,122,126,130,134,137,141,144,148,152,155,160,163,167,171,174,178,181,185,189,193,197,200,204,207,211,215,218,223,226,230,234,237,241,244,248,252,256,260,263,267,270,274,278,282,286,289,293,297,300,304,307,311,315,319,323,326,330,333,337,341,345,349,352,356,360,363,367,370,375
413,8,11,15,18,22,26,29,34,37,41,45,48,52,55,59,63,67,71,74,78,81,85,89,93,97,100,104,108,111,115,119,123,126,130,134,137,141,144,149,153,156,160,163,167,171,174,179,182,186,189,193,197,200,205,208,212,216,219,223,226,230,234,238,242,245,249,252,256,260,264,268,271,275,279,282,286,290,294,297,301,305,308,312,315,320,324,327,331,334,338,342,345,350,353,357,360,364,368,371,376
414,8,11,15,18,22,26,29,34,37,41,45,48,52,55,60,63,67,71,74,78,81,86,90,93,97,100,104,108,112,116,119,123,126,130,134,138,142,145,149,153,156,160,164,168,171,175,179,182,186,190,194,198,201,205,208,212,216,220,224,227,231,234,238,242,246,250,253,257,261,264,268,272,276,279,283,287,290,294,298,302,306,309,313,316,320,324,328,332,335,339,342,346,351,354,358,361,365,369,372,377
415,8,11,15,18,22,26,30,34,37,41,45,48,52,56,60,63,67,71,74,79,82,86,90,93,97,100,105,108,112,116,119,123,126,131,135,138,142,145,149,153,157,161,164,168,171,175,180,183,187,190,194,198,201,206,209,213,216,220,224,228,232,235,239,243,246,250,254,258,261,265,269,272,276,280,284,288,291,295,298,303,306,310,314,317,321,324,329,333,336,340,343,347,351,355,359,362,366,369,373,378
416,8,11,15,18,22,26,30,34,37,41,45,48,53,56,60,63,67,71,75,79,82,86,90,93,98,101,105,108,112,116,119,124,127,131,135,138,142,146,150,153,157,161,164,169,172,176,180,183,187,191,195,198,202,206,209,213,217,221,225,228,232,235,240,243,247,251,254,258,262,266,270,273,277,280,285,288,292,296,299,303,306,311,315,318,322,325,329,333,337,341,344,348,351,356,360,363,367,370,374,378
417,8,11,15,18,22,27,30,34,37,41,45,49,53,56,60,63,67,72,75,79,82,86,90,94,98,101,105,108,112,117,120,124,127,131,135,139,143,146,150,153,157,162,165,169,172,176,180,184,188,191,195,198,203,207,210,214,217,221,225,229,233,236,240,243,248,252,255,259,262,266,270,274,278,281,285,288,293,297,300,304,307,311,315,319,323,326,330,333,338,342,345,349,352,356,360,364,368,371,375,379
418,8,11,15,18,22,27,30,34,37,41,45,49,53,56,60,63,68,72,75,79,82,86,90,94,98,101,105,109,113,117,120,124,127,132,135,139,143,146,151,154,158,162,165,169,173,177,180,184,188,192,196,199,203,207,210,215,218,222,225,229,233,237,241,244,248,252,256,260,263,267,270,274,279,282,286,289,293,297,301,305,308,312,315,320,324,327,331,334,339,342,346,350,353,357,361,365,369,372,376,380
419,8,11,15,18,22,27,30,34,37,41,45,49,53,56,60,64,68,72,75,79,82,87,90,94,98,101,106,109,113,117,120,125,128,132,135,139,144,147,151,154,158,162,166,170,173,177,180,185,189,192,196,199,204,207,211,215,218,223,226,230,234,237,241,245,249,252,256,260,264,268,271,275,279,283,287,290,294,297,302,306,309,313,316,320,324,328,332,335,339,343,347,351,354,358,362,366,369,373,377,381
420,8,11,15,18,23,27,30,34,37,42,45,49,53,56,61,64,68,72,75,80,83,87,90,94,99,102,106,109,113,117,121,125,128,132,136,140,144,147,151,155,159,162,166,170,174,178,181,185,189,193,197,200,204,207,212,216,219,223,226,231,234,238,242,245,250,253,257,261,264,269,272,276,279,283,288,291,295,298,302,306,310,314,317,321,325,329,333,336,340,344,348,351,355,359,363,367,370,374,378,382
421,8,11,15,18,23,27,30,34,37,42,45,49,53,56,61,64,68,72,75,80,83,87,90,95,99,102,106,109,114,117,121,125,128,133,136,140,144,147,152,155,159,162,167,171,174,178,181,186,189,193,197,200,205,208,212,216,219,224,227,231,234,239,243,246,250,253,258,261,265,269,272,277,280,284,288,291,296,299,303,306,311,315,318,322,325,330,333,337,341,344,349,352,356,360,363,368,371,375,378,383
422,8,11,15,18,23,27,30,34,37,42,45,49,53,57,61,64,68,72,76,80,83,87,91,95,99,102,106,110,114,117,121,126,129,133,136,140,144,148,152,155,160,163,167,171,174,179,182,186,189,194,198,201,205,208,213,216,220,224,227,232,235,239,243,247,251,254,258,261,266,270,273,277,281,285,288,292,296,300,304,307,311,315,319,323,326,330,334,338,342,345,350,353,357,360,364,369,372,376,379,384
423,8,11,15,18,23,27,30,34,38,42,45,49,53,57,61,64,68,72,76,80,83,88,91,95,99,102,107,110,114,117,122,126,129,133,137,141,144,148,152,156,160,163,167,171,175,179,182,187,190,194,198,201,206,209,213,216,221,225,228,232,236,240,243,247,251,255,259,262,266,270,274,278,281,286,289,293,297,300,305,308,312,315,320,324,327,331,335,339,342,346,350,354,358,361,365,369,373,377,380,385
424,8,11,15,18,23,27,30,34,38,42,45,49,54,57,61,64,69,72,76,80,84,88,91,95,99,103,107,110,114,118,122,126,129,134,137,141,144,149,153,156,160,164,168,171,175,180,183,187,190,195,198,202,206,209,214,217,221,225,229,233,236,240,244,248,252,255,260,263,267,270,275,279,282,286,290,294,297,301,305,309,313,316,320,324,328,332,335,340,343,347,351,355,359,362,366,370,374,378,381,386
425,8,11,15,19,23,27,30,35,38,42,45,50,54,57,61,65,69,72,76,81,84,88,91,96,99,103,107,111,115,118,122,126,130,134,137,142,145,149,153,157,161,164,168,172,176,180,183,188,191,195,198,203,207,210,214,218,222,225,229,234,237,241,244,249,252,256,260,264,268,271,275,279,283,287,290,295,298,302,306,310,314,317,321,325,329,333,336,341,344,348,351,356,360,363,367,371,375,378,382,387
426,8,11,15,19,23,27,30,35,38,42,45,50,54,57,61,65,69,72,76,81,84,88,91,96,99,103,108,111,115,118,123,126,130,134,138,142,145,149,153,157,161,164,169,172,176,180,184,188,191,196,199,203,207,211,215,218,222,226,230,234,237,242,245,249,252,257,261,264,268,272,276,279,283,288,291,295,299,303,306,310,315,318,322,325,330,333,337,341,345,349,352,356,360,364,368,371,376,379,383,387
427,8,11,15,19,23,27,30,35,38,42,45,50,54,57,62,65,69,72,77,81,84,88,92,96,99,104,108,111,115,119,123,126,130,135,138,142,145,150,153,157,162,165,169,172,177,180,184,188,192,196,199,204,207,211,215,219,223,226,230,234,238,242,246,250,253,257,261,265,269,272,277,280,284,288,292,296,299,304,307,311,315,319,323,326,330,334,338,342,346,350,353,357,361,365,369,372,377,380,384,388
428,8,11,15,19,23,27,30,35,38,42,46,50,54,57,62,65,69,73,77,81,84,89,92,96,100,104,108,111,116,119,123,126,131,135,138,143,146,150,153,158,162,165,170,173,177,180,185,189,192,197,200,204,207,212,216,219,223,227,231,234,239,243,246,250,254,258,261,266,270,273,277,281,285,288,293,297,300,304,308,312,315,319,324,327,331,335,339,342,346,351,354,358,362,366,369,373,378,381,385,389
429,8,11,15,19,23,27,31,35,38,42,46,50,54,58,62,65,69,73,77,81,85,89,92,96,100,104,108,112,116,119,123,127,131,135,139,143,146,151,154,158,162,166,170,173,178,181,185,189,193,197,200,205,208,212,216,220,224,227,232,235,239,243,247,251,254,259,262,266,270,274,278,281,286,289,293,297,301,305,308,313,316,320,324,328,332,335,340,343,347,351,355,359,362,367,370,374,378,382,386,390
430,8,11,15,19,23,27,31,35,38,43,46,50,54,58,62,65,70,73,77,81,85,89,92,97,100,104,108,112,116,120,124,127,131,135,139,143,147,151,154,159,162,166,170,174,178,181,186,189,193,198,201,205,208,213,216,220,225,228,232,236,240,243,247,252,255,259,263,267,270,275,279,282,286,290,294,297,302,306,309,314,317,321,324,329,333,336,341,344,348,352,356,360,363,368,371,375,379,383,387,391
431,8,11,15,19,23,27,31,35,38,43,46,50,54,58,62,65,70,73,77,81,85,89,93,97,100,105,108,112,116,120,124,127,132,135,139,144,147,151,155,159,162,167,171,174,178,182,186,189,194,198,201,206,209,213,217,221,225,228,233,236,240,244,248,252,256,260,263,268,271,275,279,283,287,290,295,298,302,306,310,314,318,322,325,330,333,337,341,345,349,352,357,360,364,369,372,376,380,384,387,392
432,8,11,15,19,23,27,31,35,38,43,46,50,54,58,62,66,70,73,78,81,85,90,93,97,101,105,108,112,117,120,124,128,132,135,140,144,147,152,155,159,163,167,171,175,179,182,187,190,194,198,202,206,209,214,217,221,225,229,233,237,241,244,249,252,256,261,264,268,272,276,279,284,288,291,296,299,303,306,311,315,318,323,326,330,334,338,342,346,350,353,358,361,365,369,373,377,381,385,388,393
433,8,11,15,19,23,27,31,35,38,43,46,50,54,58,62,66,70,73,78,81,85,90,93,97,101,105,108,113,117,120,125,128,132,136,140,144,148,152,155,160,163,167,171,175,179,183,187,190,195,198,202,207,210,214,218,222,225,230,234,237,242,245,249,253,257,261,265,269,272,277,280,284,288,292,296,300,304,307,312,315,319,324,327,331,335,339,342,347,351,354,359,362,366,370,374,378,382,386,389,394
434,8,11,16,19,23,27,31,35,39,43,46,51,54,58,63,66,70,74,78,81,86,90,93,98,101,105,109,113,117,121,125,128,133,136,140,144,148,152,156,160,163,168,171,175,180,183,187,191,195,199,203,207,211,215,218,223,226,230,234,238,242,246,250,253,258,261,265,270,273,277,281,285,288,293,297,300,305,308,312,316,320,324,328,332,335,340,343,347,351,355,359,363,367,370,375,378,382,387,390,395
435,8,11,16,19,23,27,31,35,39,43,46,51,54,58,63,66,70,74,78,82,86,90,94,98,101,106,109,113,117,121,125,129,133,136,141,144,148,153,156,161,164,168,172,176,180,184,188,191,196,199,203,207,211,215,219,223,226,231,234,239,243,246,251,254,258,262,266,270,274,278,281,286,289,293,297,301,305,309,313,317,321,324,329,333,336,341,344,348,352,356,360,364,368,371,376,379,383,387,391,396
436,8,11,16,19,23,27,31,35,39,43,46,51,54,59,63,66,71,74,78,82,86,90,94,98,102,106,109,114,117,121,126,129,133,137,141,144,149,153,157,161,164,169,172,176,180,184,188,192,196,200,204,207,212,216,219,224,227,231,235,239,243,247,251,255,259,262,267,270,274,279,282,286,290,294,298,302,306,310,314,317,322,325,329,333,337,341,345,349,353,357,360,365,369,372,377,380,384,388,392,396
437,8,11,16,19,23,27,31,35,39,43,47,51,54,59,63,66,71,74,79,82,86,90,94,98,102,106,109,114,117,122,126,129,134,137,141,145,149,153,157,161,165,169,172,177,180,185,189,192,197,200,204,208,212,216,220,224,228,232,235,240,243,247,252,255,260,263,267,271,275,279,283,287,291,295,298,303,306,310,315,318,322,326,330,334,338,342,346,350,353,358,361,366,369,373,378,381,385,389,393,397
438,8,11,16,19,23,27,31,36,39,43,47,51,54,59,63,67,71,74,79,82,86,90,94,99,102,106,110,114,118,122,126,130,134,137,142,145,150,153,157,162,165,169,173,177,181,185,189,193,197,201,205,208,213,216,220,225,228,233,236,240,244,248,252,256,260,264,268,271,276,279,283,288,291,296,299,303,307,311,315,319,323,327,331,334,339,342,347,351,354,359,362,366,370,374,378,382,386,390,394,398
439,8,11,16,19,23,27,31,36,39,43,47,51,55,59,63,67,71,75,79,82,87,90,94,99,102,107,110,114,118,122,126,130,134,138,142,146,150,153,158,162,165,170,173,178,181,185,189,193,198,201,205,209,213,217,221,225,229,233,237,241,244,249,252,256,261,264,269,272,276,280,284,288,292,296,300,304,308,312,315,320,324,327,332,335,340,343,347,351,355,360,363,367,371,375,379,383,387,391,395,399
440,8,11,16,19,24,27,31,36,39,44,47,51,55,59,63,67,71,75,79,83,87,90,95,99,103,107,110,115,118,123,126,130,135,138,143,146,150,154,158,162,166,170,174,178,182,186,189,194,198,202,206,209,214,217,222,225,229,234,237,242,245,249,253,257,261,265,269,273,277,281,285,288,293,297,301,305,308,313,316,321,324,328,333,336,341,344,348,352,356,360,364,368,372,376,380,384,387,392,396,400
441,8,11,16,19,24,27,31,36,39,44,47,51,55,59,63,67,71,75,79,83,87,91,95,99,103,107,111,115,118,123,126,131,135,138,143,146,151,154,158,162,166,171,174,179,182,186,190,194,198,202,206,210,214,218,222,225,230,234,238,242,246,250,253,258,261,266,270,273,278,281,286,289,293,297,301,306,309,313,317,321,325,329,333,337,341,345,349,353,357,360,365,369,373,377,380,385,388,393,396,401
442,8,11,16,19,24,27,31,36,39,44,47,52,55,59,63,67,72,75,79,83,87,91,95,99,103,107,111,115,119,123,127,131,135,139,143,147,151,154,159,162,167,171,175,179,182,187,190,195,198,203,207,210,215,218,223,226,230,234,238,243,246,251,254,258,262,266,270,274,278,282,286,290,294,298,302,306,310,314,318,322,326,330,333,338,342,346,350,353,358,361,366,369,374,378,381,386,389,394,397,402
443,8,11,16,19,24,27,32,36,39,44,47,52,55,60,63,67,72,75,80,83,88,91,95,99,103,108,111,116,119,123,127,131,135,139,144,147,151,155,159,163,167,171,175,179,183,187,191,195,199,203,207,211,215,219,223,227,231,234,239,243,247,251,255,259,262,267,270,275,279,283,287,290,295,298,303,306,311,315,318,323,326,331,334,339,342,346,351,354,359,362,367,370,374,378,382,387,390,395,398,403
444,8,11,16,19,24,27,32,36,39,44,47,52,55,60,63,68,72,75,80,83,88,91,96,99,104,108,111,116,119,124,127,132,135,139,144,147,152,155,160,163,168,171,175,180,183,188,191,196,199,204,207,211,216,219,224,227,232,235,239,243,247,252,255,260,263,268,271,275,279,283,288,291,296,299,304,307,311,315,319,324,327,332,335,339,343,347,351,355,360,363,368,371,375,379,383,387,391,396,399,404
445,8,11,16,19,24,27,32,36,40,44,47,52,55,60,63,68,72,76,80,84,88,91,96,99,104,108,112,116,120,124,127,132,135,140,144,148,152,156,160,164,168,171,176,180,184,188,192,196,200,204,207,212,216,220,224,228,232,236,240,244,248,252,256,260,264,268,272,276,280,284,288,292,296,300,304,308,312,316,320,324,328,332,336,340,344,348,352,356,360,364,368,372,376,380,384,388,392,396,400,405
446,8,11,16,19,24,27,32,36,40,44,48,52,55,60,63,68,72,76,80,84,88,92,96,100,104,108,112,116,120,124,128,132,136,140,144,148,153,156,160,164,168,172,176,180,184,189,192,197,200,205,208,212,216,220,225,228,233,236,241,244,249,252,256,261,264,269,272,277,280,285,288,293,297,301,305,308,313,316,321,324,329,333,337,341,345,349,353,357,360,365,369,373,377,381,385,389,393,397,401,405
447,8,11,16,19,24,27,32,36,40,44,48,52,56,60,64,68,72,76,80,84,88,92,96,100,104,108,112,117,120,125,128,133,136,140,144,148,153,156,161,164,169,172,177,180,185,189,193,197,201,205,208,213,216,221,225,229,233,237,241,245,249,253,257,261,265,270,273,277,281,285,289,293,297,301,306,309,314,317,322,325,330,333,338,342,345,350,353,358,361,366,369,374,378,382,386,390,394,398,402,406
448,8,11,16,19,24,27,32,36,40,44,48,52,56,60,64,68,72,76,81,84,89,92,97,100,105,108,112,117,120,125,128,133,136,141,144,149,153,157,161,165,169,173,177,181,185,189,193,198,201,206,209,213,217,221,225,229,234,237,242,245,250,253,258,261,266,270,274,278,282,286,290,294,298,302,306,310,314,318,322,326,330,334,338,342,346,351,354,359,362,367,370,375,378,383,387,391,395,399,403,407
449,8,11,16,19,24,27,32,36,40,44,48,52,56,60,64,68,72,76,81,84,89,92,97,100,105,108,113,117,121,125,129,133,137,141,145,149,153,157,162,165,170,173,178,181,186,189,194,198,202,206,209,214,217,222,225,230,234,238,242,246,250,254,258,262,266,270,274,279,282,287,290,295,298,303,306,311,315,319,323,327,331,335,339,343,347,351,355,360,363,368,371,376,379,384,387,392,396,400,404,408
450,8,12,16,20,24,28,32,36,40,45,48,53,56,61,64,69,72,77,81,85,89,93,97,101,105,109,113,117,121,126,129,134,137,142,145,150,153,158,162,166,170,174,178,182,186,190,194,198,202,207,210,215,218,223,226,231,234,239,243,247,251,255,259,263,267,271,275,279,283,288,291,296,299,304,307,312,315,320,324,328,332,336,340,344,348,352,356,360,364,369,372,377,380,385,388,393,396,401,405,409
451,8,12,16,20,24,28,32,36,40,45,48,53,56,61,64,69,72,77,81,85,89,93,97,101,105,109,113,117,121,126,129,134,137,142,145,150,153,158,162,166,170,174,178,182,186,190,194,198,202,207,211,215,219,223,227,231,235,239,243,247,252,255,260,263,268,271,276,279,284,288,292,296,300,304,308,312,316,320,324,328,333,336,341,344,349,352,357,360,365,369,373,377,381,385,389,393,397,401,405,410
452,8,12,16,20,24,28,32,36,40,45,48,53,56,61,64,69,72,77,81,85,89,93,97,101,106,109,114,117,122,126,130,134,138,142,146,150,154,158,162,166,171,174,179,182,187,190,195,198,203,207,211,216,219,224,227,232,235,240,243,248,252,256,260,264,268,272,276,280,284,288,292,297,300,305,309,313,317,321,325,329,333,337,342,345,350,353,358,361,366,369,374,378,382,386,390,394,398,402,406,411
453,8,12,16,20,24,28,32,36,40,45,48,53,56,61,64,69,73,77,81,85,90,93,98,101,106,109,114,117,122,126,130,134,138,143,146,151,154,159,162,167,171,175,179,183,187,191,195,199,203,207,212,216,220,224,228,232,236,240,244,248,252,256,261,264,269,272,277,281,285,289,293,297,301,306,309,314,317,322,325,330,333,338,342,346,351,354,359,362,367,370,375,378,383,387,391,395,399,403,407,412
454,8,12,16,20,24,28,32,36,40,45,48,53,57,61,65,69,73,77,81,85,90,93,98,101,106,110,114,118,122,126,130,135,138,143,146,151,154,159,163,167,171,175,180,183,188,191,196,199,204,208,212,216,220,225,228,233,236,241,244,249,252,257,261,265,270,273,278,281,286,289,294,297,302,306,310,315,318,323,326,331,334,339,342,347,351,355,359,363,368,371,376,379,384,387,392,396,400,404,408,413
455,8,12,16,20,24,28,32,36,40,45,49,53,57,61,65,69,73,77,81,86,90,94,98,102,106,110,114,118,122,126,131,135,139,143,147,151,155,159,163,168,171,176,180,184,188,192,196,200,204,208,213,216,221,225,229,233,237,241,245,250,253,258,261,266,270,274,278,282,286,290,295,298,303,306,311,315,319,323,327,332,335,340,343,348,351,356,360,364,368,372,377,380,385,388,393,396,401,405,409,414
456,8,12,16,20,24,28,32,36,41,45,49,53,57,61,65,69,73,78,81,86,90,94,98,102,107,110,115,118,123,126,131,135,139,144,147,152,155,160,163,168,171,176,180,184,189,192,197,200,205,209,213,217,221,225,229,234,237,242,246,250,254,258,262,266,270,274,279,283,287,291,295,299,303,307,312,315,320,324,328,332,336,340,344,349,352,357,360,365,369,373,377,381,386,389,394,397,402,405,410,414
457,8,12,16,20,24,28,32,36,41,45,49,53,57,61,65,70,73,78,81,86,90,94,99,102,107,110,115,118,123,127,131,135,139,144,147,152,156,160,164,168,172,176,180,185,189,193,197,201,205,209,214,217,222,225,230,234,238,243,246,251,254,259,262,267,271,275,279,283,288,291,296,300,304,308,312,316,320,324,329,333,337,341,345,349,353,358,361,366,369,374,378,382,387,390,395,398,403,406,411,415
458,8,12,16,20,24,28,33,36,41,45,49,53,57,62,65,70,73,78,82,86,90,94,99,102,107,111,115,119,123,127,131,135,140,144,148,152,156,161,164,169,172,177,180,185,189,193,198,201,206,210,214,218,222,226,230,234,239,243,247,251,255,259,263,268,271,276,279,284,288,292,297,300,305,308,313,317,321,325,329,333,337,342,346,350,354,358,362,367,370,375,378,383,387,391,396,399,404,407,412,416
459,8,12,16,20,24,28,33,36,41,45,49,54,57,62,65,70,74,78,82,86,90,94,99,103,107,111,115,119,124,127,132,135,140,144,148,153,156,161,165,169,173,177,181,185,189,194,198,202,206,210,215,218,223,226,231,235,239,243,247,252,255,260,264,268,272,276,280,285,288,293,297,301,306,309,314,317,322,326,330,334,338,342,346,351,355,359,363,367,371,376,379,384,387,392,396,400,405,408,413,417
460,8,12,16,20,25,28,33,36,41,45,49,54,57,62,66,70,74,78,82,87,90,95,99,103,108,111,116,119,124,128,132,136,140,144,149,153,157,161,165,170,173,178,181,186,190,194,198,202,207,211,215,219,223,227,232,235,240,243,248,252,256,261,264,269,273,277,281,285,289,294,297,302,306,310,315,318,323,326,331,335,339,343,347,351,356,360,364,368,372,377,380,385,388,393,397,401,405,409,414,418
461,8,12,16,20,25,28,33,36,41,45,49,54,57,62,66,70,74,78,82,87,90,95,99,103,108,111,116,120,124,128,132,136,141,144,149,153,157,162,165,170,174,178,182,186,190,195,198,203,207,211,216,219,224,227,232,236,240,244,248,252,257,261,265,270,273,278,281,286,290,294,298,302,306,311,315,319,323,327,332,335,340,344,348,352,356,360,365,369,373,377,381,386,389,394,397,402,406,410,414,419
462,8,12,16,20,25,28,33,36,41,45,49,54,58,62,66,70,74,79,82,87,91,95,99,103,108,112,116,120,124,128,133,136,141,145,149,153,157,162,166,170,174,179,182,187,190,195,199,203,207,212,216,220,224,228,233,236,241,244,249,253,257,261,266,270,274,278,282,287,290,295,299,303,307,311,315,320,324,328,332,336,341,344,349,353,357,361,365,369,374,378,382,387,390,395,398,403,407,411,415,420
463,8,12,16,20,25,28,33,37,41,45,49,54,58,62,66,71,74,79,82,87,91,95,99,104,108,112,117,120,125,128,133,137,141,145,150,153,158,162,166,171,174,179,183,187,191,195,199,204,207,212,216,220,225,229,233,237,241,245,250,253,258,262,266,270,274,279,283,287,291,296,299,304,307,312,316,320,324,329,333,337,342,345,350,353,358,362,366,370,375,378,383,387,391,396,399,404,408,412,416,421
464,8,12,16,20,25,28,33,37,41,45,50,54,58,62,66,71,74,79,83,87,91,96,99,104,108,112,117,120,125,129,133,137,142,145,150,154,158,162,166,171,175,179,183,188,191,196,200,204,208,213,216,221,225,229,234,237,242,246,250,254,259,262,267,270,275,279,283,288,292,296,300,305,308,313,317,321,325,329,333,338,342,346,351,354,359,363,367,371,375,379,384,387,392,396,400,405,409,413,417,422
465,8,12,16,20,25,28,33,37,41,45,50,54,58,63,66,71,75,79,83,88,91,96,99,104,108,112,117,121,125,129,134,137,142,146,150,154,159,162,167,171,175,180,183,188,192,196,200,205,208,213,217,221,225,230,234,238,243,246,251,255,259,263,267,271,276,279,284,288,292,297,301,305,309,314,317,322,326,330,334,339,342,347,351,355,360,363,368,372,376,380,385,388,393,397,401,405,410,414,418,423
466,8,12,16,20,25,28,33,37,41,45,50,54,58,63,66,71,75,79,83,88,91,96,100,104,108,113,117,121,126,129,134,138,142,146,151,154,159,163,167,171,176,180,184,189,192,197,201,205,209,214,217,222,225,230,234,238,243,247,251,255,260,263,268,272,276,280,285,288,293,297,301,306,310,314,318,323,326,331,335,339,343,348,351,356,360,364,369,373,377,381,386,389,394,398,402,406,411,414,419,423
467,8,12,17,20,25,29,33,37,42,45,50,54,58,63,67,71,75,80,83,88,92,96,100,105,108,113,117,121,126,130,134,138,143,146,151,155,159,163,168,171,176,180,184,189,193,197,201,206,209,214,218,222,226,231,234,239,243,247,252,256,260,264,269,272,277,281,285,289,294,297,302,306,310,315,319,323,327,332,335,340,344,348,352,357,360,365,369,373,378,382,386,390,395,398,403,407,411,415,420,424
468,8,12,17,20,25,29,33,37,42,45,50,54,58,63,67,71,75,80,83,88,92,96,100,105,109,113,117,122,126,130,135,138,143,147,151,155,160,163,168,172,176,180,185,189,193,198,201,206,210,215,218,223,227,231,235,240,243,248,252,256,261,265,269,273,278,281,286,290,294,298,303,306,311,315,320,324,328,333,336,341,345,349,353,358,361,366,370,374,378,383,387,391,396,399,404,408,412,416,421,425
469,8,12,17,20,25,29,33,37,42,45,50,54,58,63,67,72,75,80,84,88,92,97,100,105,109,113,117,122,126,130,135,139,143,147,152,155,160,164,168,172,177,180,185,189,194,198,202,207,210,215,219,223,227,232,235,240,244,249,252,257,261,265,270,274,278,282,287,290,295,299,303,307,312,316,320,324,329,333,337,342,345,350,354,358,362,367,371,375,379,384,387,392,396,400,405,409,413,417,422,426
470,8,12,17,20,25,29,33,37,42,46,50,54,59,63,67,72,75,80,84,89,92,97,101,105,109,114,117,122,126,131,135,139,144,147,152,156,160,164,169,173,177,181,186,189,194,198,202,207,211,216,219,224,228,232,236,241,244,249,253,258,261,266,270,274,279,283,287,291,296,300,304,308,313,316,321,325,329,333,338,342,346,351,355,359,363,368,371,376,380,385,388,393,397,401,405,410,414,418,423,427
471,8,12,17,20,25,29,33,37,42,46,50,54,59,63,67,72,76,80,84,89,92,97,101,106,109,114,118,122,126,131,135,139,144,148,152,156,161,164,169,173,178,181,186,190,194,198,203,207,211,216,220,224,228,233,237,241,245,250,253,258,262,267,270,275,279,283,288,292,296,300,305,309,313,317,322,325,330,334,339,342,347,351,355,360,364,369,372,377,381,385,389,394,398,402,406,411,414,419,423,428
472,8,12,17,20,25,29,34,37,42,46,50,54,59,63,67,72,76,80,84,89,93,97,101,106,110,114,118,123,126,131,135,140,144,148,153,156,161,165,170,173,178,182,186,190,195,199,203,207,212,216,220,225,229,233,237,242,246,250,254,259,262,267,271,276,279,284,288,292,297,301,306,309,314,318,323,326,331,335,339,343,348,352,356,360,365,369,373,378,382,386,390,395,398,403,407,412,415,420,424,429
473,8,12,17,20,25,29,34,37,42,46,51,54,59,63,67,72,76,81,84,89,93,98,101,106,110,114,118,123,127,131,135,140,144,148,153,157,162,165,170,174,178,182,187,191,195,199,204,208,212,216,221,225,229,234,238,242,246,251,255,259,263,268,271,276,280,285,288,293,297,302,306,310,315,319,323,327,332,335,340,344,349,352,357,361,366,369,374,378,382,387,391,396,399,404,408,413,416,421,425,430
474,8,12,17,20,25,29,34,37,42,46,51,54,59,63,68,72,76,81,85,89,93,98,102,106,110,115,118,123,127,132,135,140,144,149,153,157,162,166,170,174,179,183,187,191,196,200,204,208,213,217,221,225,230,234,238,243,247,251,255,260,264,268,272,277,281,285,289,294,298,302,306,311,315,319,324,328,332,336,341,345,349,353,358,362,366,370,375,379,383,387,392,396,400,405,409,414,417,422,426,431
475,8,12,17,21,25,29,34,38,42,46,51,55,59,63,68,72,76,81,85,90,93,98,102,107,110,115,119,124,127,132,136,141,144,149,153,158,162,166,171,175,179,183,188,192,196,200,205,209,213,217,222,226,230,234,239,243,247,252,256,261,264,269,273,278,281,286,290,295,298,303,307,312,315,320,324,329,333,337,342,346,350,354,359,363,367,371,376,380,384,388,393,397,401,405,410,414,418,423,427,432
476,8,12,17,21,25,29,34,38,42,46,51,55,59,63,68,72,76,81,85,90,93,98,102,107,111,115,119,124,128,132,136,141,145,149,153,158,162,166,171,175,180,183,188,192,197,200,205,209,214,218,222,226,231,235,239,243,248,252,256,261,265,270,273,278,282,287,290,295,299,304,307,312,316,321,325,329,333,338,342,346,351,355,360,363,368,372,377,380,385,389,394,397,402,406,411,414,419,423,428,432
477,8,12,17,21,25,29,34,38,42,46,51,55,60,63,68,72,77,81,85,90,94,98,102,107,111,116,119,124,128,133,136,141,145,150,153,158,162,167,171,175,180,184,189,192,197,201,206,209,214,218,223,227,231,235,240,244,248,252,257,261,265,270,274,279,283,287,291,296,300,304,308,313,317,321,325,330,334,339,342,347,351,356,360,364,369,373,377,381,386,390,395,398,403,407,412,415,420,424,429,433
478,8,12,17,21,25,29,34,38,43,46,51,55,60,63,68,72,77,81,85,90,94,99,102,107,111,116,120,124,128,133,137,141,145,150,154,159,162,167,171,176,180,184,189,193,198,201,206,210,215,219,223,227,232,236,240,244,249,253,258,261,266,270,275,279,283,288,292,297,300,305,309,314,317,322,326,331,335,339,343,348,352,356,360,365,369,374,378,382,387,391,395,399,404,408,413,416,421,425,430,434
479,8,12,17,21,25,29,34,38,43,46,51,55,60,64,68,72,77,81,86,90,94,99,103,107,111,116,120,125,128,133,137,142,146,150,154,159,163,168,171,176,180,185,189,193,198,202,207,210,215,219,224,228,232,236,241,245,250,253,258,262,267,270,275,279,284,288,292,297,301,306,310,314,318,323,327,332,335,340,344,349,352,357,361,366,370,374,378,383,387,392,396,400,405,409,414,417,422,426,431,435
480,8,12,17,21,26,29,34,38,43,47,51,55,60,64,69,72,77,81,86,90,94,99,103,108,112,116,120,125,129,134,137,142,146,151,155,159,163,168,172,177,180,185,189,194,198,202,207,211,216,220,224,228,233,237,242,245,250,254,259,263,267,271,276,280,285,288,293,297,302,306,310,315,319,324,328,332,336,341,345,350,353,358,362,367,371,375,379,384,388,393,396,401,405,410,414,418,423,427,432,436
481,8,12,17,21,26,29,34,38,43,47,51,55,60,64,69,72,77,81,86,90,95,99,103,108,112,117,120,125,129,134,138,142,146,151,155,160,163,168,172,177,181,186,189,194,198,203,207,211,216,220,225,229,233,237,242,246,251,254,259,263,268,272,277,280,285,289,294,298,302,306,311,315,320,324,328,333,337,342,345,350,354,359,363,368,371,376,380,385,389,393,397,402,406,411,414,419,423,428,432,437
482,8,12,17,21,26,29,34,38,43,47,52,55,60,64,69,73,77,81,86,90,95,99,103,108,112,117,121,125,129,134,138,143,147,151,155,160,164,169,172,177,181,186,190,195,198,203,207,212,216,221,225,229,234,238,243,246,251,255,260,264,269,272,277,281,286,290,294,298,303,307,312,316,320,324,329,333,338,342,346,351,355,360,364,368,372,377,381,386,389,394,398,403,407,412,415,420,424,429,433,438
483,8,12,17,21,26,29,34,38,43,47,52,55,60,64,69,73,78,81,86,90,95,99,104,108,112,117,121,126,130,134,138,143,147,152,156,160,164,169,173,178,182,186,190,195,199,204,208,212,216,221,225,230,234,238,243,247,252,256,260,264,269,273,278,282,286,290,295,299,304,308,312,316,321,325,330,334,338,342,347,351,356,360,364,369,373,378,382,387,390,395,399,404,408,413,416,421,425,430,434,439
484,8,12,17,21,26,30,34,38,43,47,52,56,60,64,69,73,78,82,86,90,95,99,104,108,113,117,121,126,130,135,139,143,147,152,156,161,165,169,173,178,182,187,191,195,199,204,208,213,217,222,225,230,234,239,243,248,252,256,261,265,270,274,278,282,287,291,296,300,304,308,313,317,322,326,331,334,339,343,348,352,357,360,365,369,374,378,383,387,391,396,400,405,409,413,417,422,426,431,435,440
485,8,12,17,21,26,30,34,38,43,47,52,56,61,64,69,73,78,82,87,91,95,99,104,108,113,117,121,126,130,135,139,144,148,152,156,161,165,170,174,179,182,187,191,196,200,205,208,213,217,222,226,231,235,239,243,248,252,257,261,266,270,274,279,283,288,292,296,300,305,309,314,318,323,326,331,335,340,344,349,353,357,361,366,370,375,379,383,387,392,396,401,405,410,414,418,423,427,432,436,441
486,8,12,17,21,26,30,35,38,43,47,52,56,61,65,69,73,78,82,87,91,96,99,104,108,113,117,122,126,130,135,139,144,148,153,157,161,165,170,174,179,183,188,191,196,200,205,209,214,218,223,226,231,235,240,244,249,253,257,261,266,270,275,279,284,288,292,297,301,306,310,315,318,323,327,332,336,341,345,349,353,358,362,367,371,376,379,384,388,393,397,402,406,410,414,419,423,428,432,437,441
487,8,12,17,21,26,30,35,38,43,47,52,56,61,65,70,73,78,82,87,91,96,100,105,108,113,117,122,126,131,135,139,144,148,153,157,162,166,171,174,179,183,188,192,197,201,206,209,214,218,223,227,232,236,240,244,249,253,258,262,267,271,275,279,284,288,293,297,302,306,310,315,319,324,328,333,337,341,345,350,354,359,363,368,372,376,380,385,389,394,398,403,407,411,415,420,424,429,433,438,442
488,8,12,17,21,26,30,35,39,43,47,52,56,61,65,70,74,78,82,87,91,96,100,105,109,114,117,122,126,131,135,140,144,149,153,157,162,166,171,175,180,184,188,192,197,201,206,210,215,219,224,227,232,236,241,245,250,254,259,262,267,271,276,280,285,289,294,297,302,306,311,315,320,324,329,333,337,342,346,351,355,360,364,369,372,377,381,386,390,395,399,404,407,412,416,421,425,430,434,439,443
489,8,12,17,21,26,30,35,39,44,47,52,56,61,65,70,74,79,83,87,91,96,100,105,109,114,118,123,126,131,135,140,144,149,153,158,162,166,171,175,180,184,189,193,198,202,206,210,215,219,224,228,233,237,242,245,250,254,259,263,268,272,277,281,285,289,294,298,303,307,312,316,321,324,329,333,338,342,347,351,356,360,364,369,373,378,382,387,391,396,400,404,408,413,417,422,426,431,435,440,444
490,8,12,17,21,26,30,35,39,44,48,52,56,61,65,70,74,79,83,88,92,96,100,105,109,114,118,123,127,132,136,140,144,149,153,158,162,167,171,176,180,184,189,193,198,202,207,211,216,220,225,228,233,237,242,246,251,255,260,264,269,272,277,281,286,290,295,299,304,308,313,316,321,325,330,334,339,343,348,352,357,360,365,369,374,378,383,387,392,396,401,405,409,414,418,423,427,432,436,441,445
491,8,12,17,21,26,30,35,39,44,48,53,56,61,65,70,74,79,83,88,92,97,101,105,109,114,118,123,127,132,136,141,145,150,153,158,162,167,171,176,180,185,189,194,198,202,207,211,216,220,225,229,234,238,243,247,251,255,260,264,269,273,278,282,287,291,296,299,304,308,313,317,322,326,331,335,340,344,348,352,357,361,366,370,375,379,384,388,393,396,401,405,410,414,419,423,428,432,437,441,446
492,8,12,17,21,26,30,35,39,44,48,53,57,61,65,70,74,79,83,88,92,97,101,106,110,115,118,123,127,132,136,141,145,150,154,159,163,168,171,176,180,185,189,194,198,203,207,212,216,221,225,229,234,238,243,247,252,256,261,265,270,274,279,282,287,291,296,300,305,309,314,318,323,327,332,336,340,344,349,353,358,362,367,371,376,380,385,389,393,397,402,406,411,415,420,424,429,433,438,442,447
493,8,12,17,21,26,30,35,39,44,48,53,57,62,66,70,74,79,83,88,92,97,101,106,110,115,119,124,128,132,136,141,145,150,154,159,163,168,172,177,181,186,190,194,198,203,207,212,216,221,225,230,234,239,243,248,252,257,261,265,270,274,279,283,288,292,297,301,306,310,315,319,323,327,332,336,341,345,350,354,359,363,368,372,377,381,385,389,394,398,403,407,412,416,421,425,430,434,439,443,448
494,8,12,17,21,26,30,35,39,44,48,53,57,62,66,71,75,79,83,88,92,97,101,106,110,115,119,124,128,133,137,142,146,151,154,159,163,168,172,177,181,186,190,195,199,204,208,213,217,222,226,230,234,239,243,248,252,257,261,266,270,275,279,284,288,293,297,301,306,310,315,319,324,328,333,337,342,346,351,355,360,364,369,373,377,381,386,390,395,399,404,408,413,417,422,426,431,435,440,444,449
495,8,12,17,21,26,30,35,39,44,48,53,57,62,66,71,75,80,84,89,93,97,101,106,110,115,119,124,128,133,137,142,146,151,155,160,164,169,173,178,182,186,190,195,199,204,208,213,217,222,226,231,235,240,244,249,253,258,262,267,271,275,279,284,288,293,297,302,306,311,315,320,324,329,333,338,342,347,351,356,360,364,369,373,378,382,387,391,396,400,405,409,414,418,423,427,432,436,441,445,450
496,8,12,17,21,26,30,35,39,44,48,53,57,62,66,71,75,80,84,89,93,98,102,107,111,116,119,124,128,133,137,142,146,151,155,160,164,169,173,178,182,187,191,196,200,205,209,214,218,223,227,231,235,240,244,249,253,258,262,267,271,276,280,285,289,294,298,303,307,312,316,321,325,330,334,339,342,347,351,356,360,365,369,374,378,383,387,392,396,401,405,410,414,419,423,428,432,437,441,446,450
497,8,12,17,21,26,30,35,39,44,48,53,57,62,66,71,75,80,84,89,93,98,102,107,111,116,120,125,129,134,138,143,147,152,155,160,164,169,173,178,182,187,191,196,200,205,209,214,218,223,227,232,236,241,245,250,254,259,263,268,272,277,281,286,290,295,299,303,307,312,316,321,325,330,334,339,343,348,352,357,361,366,370,375,379,384,388,393,397,402,406,411,415,420,424,429,433,438,442,447,451
498,8,12,17,21,26,30,35,39,44,48,53,57,62,66,71,75,80,84,89,93,98,102,107,111,116,120,125,129,134,138,143,147,152,156,161,165,170,174,179,183,188,192,197,201,206,210,215,219,224,228,232,236,241,245,250,254,259,263,268,272,277,281,286,290,295,299,304,308,313,317,322,326,331,335,340,344,349,353,358,362,367,371,376,380,385,389,394,398,403,407,412,416,421,425,430,434,439,443,448,452
499,8,12,17,21,26,30,35,39,44,48,53,57,62,66,71,75,80,84,89,93,98,102,107,111,116,120,125,129,134,138,143,147,152,156,161,165,170,174,179,183,188,192,197,201,206,210,215,219,224,228,233,237,242,246,251,255,260,264,269,273,278,282,287,291,296,300,305,309,314,318,323,327,332,336,341,345,350,354,359,363,368,372,377,381,386,390,395,399,404,408,413,417,422,426,431,435,440,444,449,453
500,9,13,18,22,27,31,36,40,45,49,54,58,63,67,72,76,81,85,90,94,99,103,108,112,117,121,126,130,135,139,144,148,153,157,162,166,171,175,180,184,189,193,198,202,207,211,216,220,225,229,234,238,243,247,252,256,261,265,270,274,279,283,288,292,297,301,306,310,315,319,324,328,333,337,342,346,351,355,360,364,369,373,378,382,387,391,396,400,405,409,414,418,423,427,432,436,441,445,450,454
501,9,13,18,22,27,31,36,40,45,49,54,58,63,67,72,76,81,85,90,94,99,103,108,112,117,121,126,130,135,139,144,148,153,157,162,166,171,175,180,184,189,193,198,202,207,211,216,220,225,229,234,238,243,247,252,256,261,265,270,274,279,283,288,292,297,301,306,310,315,319,324,328,333,337,342,346,351,355,360,364,369,373,378,382,387,391,396,400,405,409,414,418,423,427,432,436,441,445,450,455
502,9,13,18,22,27,31,36,40,45,49,54,58,63,67,72,76,81,85,90,94,99,103,108,112,117,121,126,130,135,139,144,148,153,157,162,166,171,175,180,184,189,193,198,202,207,211,216,220,225,230,234,239,243,248,252,257,261,266,270,275,279,284,288,293,297,302,306,311,315,320,324,329,333,338,342,347,351,356,360,365,369,374,378,383,387,392,396,401,405,410,414,419,423,428,432,437,441,446,450,456
503,9,13,18,22,27,31,36,40,45,49,54,58,63,67,72,76,81,85,90,94,99,103,108,112,117,121,126,130,135,139,144,148,153,158,162,167,171,176,180,185,189,194,198,203,207,212,216,221,225,230,234,239,243,248,252,257,261,266,270,275,279,284,288,293,297,302,307,312,316,321,325,330,334,339,343,348,352,357,361,366,370,375,379,384,388,393,397,402,406,411,415,420,424,429,433,438,442,447,451,457
504,9,13,18,22,27,31,36,40,45,49,54,58,63,67,72,76,81,85,90,94,99,103,108,112,117,122,126,131,135,140,144,149,153,158,162,167,171,176,180,185,189,194,198,203,207,212,216,221,225,231,235,240,244,249,253,258,262,267,271,276,280,285,289,294,298,303,307,312,316,321,325,330,334,339,344,349,353,358,362,367,371,376,380,385,389,394,398,403,407,412,416,421,425,430,434,439,443,448,452,458
505,9,13,18,22,27,31,36,40,45,49,54,58,63,67,72,76,81,85,90,95,99,104,108,113,117,122,126,131,135,140,144,149,153,158,162,167,171,176,180,186,190,195,199,204,208,213,217,222,226,231,235,240,244,249,253,258,262,267,271,277,281,286,290,295,299,304,308,313,317,322,326,331,335,340,344,349,353,358,362,368,372,377,381,386,390,395,399,404,408,413,417,422,426,431,435,440,444,449,453,459
506,9,13,18,22,27,31,36,40,45,49,54,58,63,67,72,76,81,86,90,95,99,104,108,113,117,122,126,131,135,140,144,149,153,159,163,168,172,177,181,186,190,195,199,204,208,213,217,222,226,232,236,241,245,250,254,259,263,268,272,277,281,286,290,295,299,304,309,314,318,323,327,332,336,341,345,350,354,359,363,368,372,377,381,387,391,396,400,405,409,414,418,423,427,432,436,441,445,450,454,459
507,9,13,18,22,27,31,36,40,45,49,54,58,63,67,72,77,81,86,90,95,99,104,108,113,117,122,126,131,136,141,145,150,154,159,163,168,172,177,181,186,190,195,200,205,209,214,218,223,227,232,236,241,245,250,254,259,263,269,273,278,282,287,291,296,300,305,309,314,318,323,327,333,337,342,346,351,355,360,364,369,373,378,382,387,391,396,401,405,410,414,419,423,428,432,437,441,446,450,455,460
508,9,13,18,22,27,31,36,40,45,49,54,58,63,68,72,77,81,86,90,95,99,104,108,113,118,123,127,132,136,141,145,150,154,159,163,168,172,178,182,187,191,196,200,205,209,214,218,223,227,233,237,242,246,251,255,260,264,269,273,278,282,287,292,297,301,306,310,315,319,324,328,333,337,342,347,351,356,360,365,369,374,378,383,387,392,396,401,406,411,415,420,424,429,433,438,442,447,451,456,461
509,9,13,18,22,27,31,36,40,45,49,54,59,63,68,72,77,81,86,90,95,99,104,109,114,118,123,127,132,136,141,145,150,154,160,164,169,173,178,182,187,191,196,200,205,210,215,219,224,228,233,237,242,246,251,255,261,265,270,274,279,283,288,292,297,301,306,311,315,320,324,329,333,338,342,347,351,356,361,366,370,375,379,384,388,393,397,402,406,412,416,421,425,430,434,439,443,448,452,457,462
510,9,13,18,22,27,31,36,40,45,50,54,59,63,68,72,77,81,86,90,96,100,105,109,114,118,123,127,132,136,142,146,151,155,160,164,169,173,178,182,188,192,197,201,206,210,215,219,224,228,234,238,243,247,252,256,261,265,270,274,279,284,288,293,297,302,306,311,315,320,325,330,334,339,343,348,352,357,361,366,371,376,380,385,389,394,398,403,407,412,417,422,426,431,435,440,444,449,453,458,463
511,9,13,18,22,27,31,36,40,45,50,54,59,63,68,72,77,81,86,91,96,100,105,109,114,118,123,127,133,137,142,146,151,155,160,164,169,174,179,183,188,192,197,201,206,210,216,220,225,229,234,238,243,247,252,257,261,266,270,275,279,284,288,293,298,303,307,312,316,321,325,330,334,340,344,349,353,358,362,367,371,376,381,386,390,395,399,404,408,413,417,423,427,432,436,441,445,450,454,459,464
512,9,13,18,22,27,31,36,40,45,50,54,59,63,68,72,77,82,87,91,96,100,105,109,114,119,124,128,133,137,142,146,151,155,161,165,170,174,179,183,188,192,198,202,207,211,216,220,225,229,234,239,243,248,252,257,261,266,270,276,280,285,289,294,298,303,307,313,317,322,326,331,335,340,344,350,354,359,363,368,372,377,381,386,391,396,400,405,409,414,418,423,428,432,437,441,446,450,455,459,465
513,9,13,18,22,27,31,36,41,45,50,54,59,63,68,72,78,82,87,91,96,100,105,109,115,119,124,128,133,137,142,147,152,156,161,165,170,174,179,184,189,193,198,202,207,211,216,221,225,230,234,239,243,248,253,258,262,267,271,276,280,285,290,295,299,304,308,313,317,322,327,332,336,341,345,350,354,360,364,369,373,378,382,387,391,396,401,405,410,414,419,423,428,433,438,442,447,451,456,460,466
514,9,13,18,22,27,31,36,41,45,50,54,59,63,68,73,78,82,87,91,96,100,106,110,115,119,124,128,133,138,143,147,152,156,161,165,171,175,180,184,189,193,198,203,207,212,216,221,225,230,235,240,244,249,253,258,262,267,272,277,281,286,290,295,299,305,309,314,318,323,327,332,337,342,346,351,355,360,364,369,374,378,383,387,392,396,402,406,411,415,420,424,429,434,439,443,448,452,457,461,467
515,9,13,18,22,27,31,36,41,45,50,54,59,63,69,73,78,82,87,91,97,101,106,110,115,119,124,129,134,138,143,147,152,156,162,166,171,175,180,184,189,194,198,203,207,212,216,222,226,231,235,240,244,249,254,259,263,268,272,277,282,287,291,296,300,305,309,315,319,324,328,333,337,342,347,351,356,360,365,369,375,379,384,388,393,397,402,407,412,416,421,425,430,434,440,444,449,453,458,462,468
516,9,13,18,22,27,31,36,41,45,50,54,59,64,69,73,78,82,87,92,97,101,106,110,115,120,125,129,134,138,143,147,153,157,162,166,171,175,180,185,189,194,198,203,208,213,217,222,226,231,236,241,245,250,254,259,263,269,273,278,282,287,291,297,301,306,310,315,319,324,329,333,338,342,347,352,357,361,366,370,375,379,385,389,394,398,403,407,413,417,422,426,431,435,441,445,450,454,459,463,468
517,9,13,18,22,27,32,36,41,45,50,54,60,64,69,73,78,82,88,92,97,101,106,110,116,120,125,129,134,138,144,148,153,157,162,166,171,176,180,185,189,194,199,204,208,213,217,222,227,232,236,241,245,251,255,260,264,269,273,279,283,288,292,297,301,306,311,315,320,324,329,334,339,343,348,352,357,362,367,371,376,380,385,390,395,399,404,408,413,418,423,427,432,436,441,446,450,455,459,464,469
518,9,13,18,22,27,32,36,41,45,50,54,60,64,69,73,78,83,88,92,97,101,106,111,116,120,125,129,135,139,144,148,153,157,162,167,171,176,180,186,190,195,199,204,208,214,218,223,227,232,237,242,246,251,255,260,265,270,274,279,283,288,293,297,302,306,311,316,321,325,330,334,339,344,349,353,358,362,368,372,377,381,386,390,396,400,405,409,414,419,423,428,432,437,441,447,451,456,460,465,470
519,9,13,18,22,27,32,36,41,45,50,55,60,64,69,73,79,83,88,92,97,101,107,111,116,120,125,130,135,139,144,148,153,158,162,167,171,177,181,186,190,195,199,205,209,214,218,223,228,233,237,242,246,252,256,261,265,270,275,279,284,288,293,297,303,307,312,316,321,326,331,335,340,344,350,354,359,363,368,373,378,382,387,391,396,401,405,410,414,419,424,429,433,438,442,448,452,457,461,466,471
520,9,13,18,22,27,32,36,41,45,51,55,60,64,69,74,79,83,88,92,98,102,107,111,116,121,126,130,135,139,144,149,153,158,162,168,172,177,181,186,191,196,200,205,209,215,219,224,228,233,238,243,247,252,256,261,266,270,275,279,285,289,294,298,303,308,313,317,322,326,332,336,341,345,350,355,360,364,369,373,378,383,387,392,396,402,406,411,415,420,425,430,434,439,443,449,453,458,462,467,472
521,9,13,18,22,27,32,36,41,45,51,55,60,64,69,74,79,83,88,92,98,102,107,111,117,121,126,130,135,140,144,149,153,158,163,168,172,177,181,187,191,196,200,206,210,215,219,224,229,234,238,243,247,252,257,261,266,270,276,280,285,289,295,299,304,308,313,318,323,327,332,336,342,346,351,355,360,365,369,374,378,384,388,393,397,402,407,412,416,421,425,431,435,440,444,449,454,459,463,468,473
522,9,13,18,22,27,32,36,41,45,51,55,60,64,70,74,79,83,88,93,98,102,107,112,117,121,126,130,135,140,144,149,154,159,163,168,172,178,182,187,191,197,201,206,210,215,220,225,229,234,239,243,248,252,257,262,267,271,276,280,286,290,295,299,305,309,314,318,323,328,333,337,342,347,351,356,360,365,370,375,379,384,389,394,398,403,407,413,417,422,426,432,436,441,445,450,455,459,464,468,474
523,9,13,18,22,27,32,36,41,46,51,55,60,64,70,74,79,83,89,93,98,102,108,112,117,121,126,131,135,140,144,150,154,159,163,169,173,178,182,187,192,197,201,206,211,216,220,225,230,234,239,243,248,253,258,262,267,272,277,281,286,291,296,300,305,309,315,319,324,328,333,338,342,347,352,357,361,366,370,376,380,385,389,395,399,404,408,414,418,423,427,432,437,441,446,450,456,460,465,469,475
524,9,13,18,22,27,32,36,41,46,51,55,60,65,70,74,79,84,89,93,98,103,108,112,117,122,126,131,135,140,145,150,154,159,164,169,173,178,183,188,192,197,202,207,211,216,221,225,230,234,240,244,249,253,258,263,268,272,277,282,287,291,296,301,306,310,315,320,324,329,333,339,343,348,352,358,362,367,371,376,381,386,390,395,400,405,409,414,419,423,428,432,438,442,447,451,457,461,466,470,476
525,9,13,18,23,27,32,36,42,46,51,55,61,65,70,74,80,84,89,93,99,103,108,112,117,122,126,131,136,141,145,150,155,160,164,169,174,179,183,188,193,198,202,207,212,216,221,225,231,235,240,244,250,254,259,263,269,273,278,282,288,292,297,301,306,311,315,320,325,330,334,339,344,349,353,358,363,368,372,377,382,387,391,396,401,405,410,414,420,424,429,433,439,443,448,452,458,462,467,471,477
526,9,13,18,23,27,32,36,42,46,51,55,61,65,70,74,80,84,89,93,99,103,108,112,117,122,126,132,136,141,145,151,155,160,164,170,174,179,183,189,193,198,202,207,212,216,221,226,231,235,241,245,250,254,260,264,269,273,279,283,288,292,297,302,306,311,316,321,325,330,335,340,344,349,354,359,363,369,373,378,382,387,392,396,401,406,411,415,420,425,430,434,439,444,449,453,458,463,468,472,477
527,9,13,18,23,27,32,36,42,46,51,55,61,65,70,75,80,84,89,94,99,103,108,113,117,122,127,132,136,141,146,151,155,160,165,170,174,179,184,189,193,198,203,207,212,217,222,226,231,236,241,245,251,255,260,264,270,274,279,283,288,293,297,303,307,312,316,322,326,331,335,341,345,350,354,360,364,369,374,378,383,387,393,397,402,406,412,416,421,426,431,435,440,445,450,454,459,464,468,473,478
528,9,13,18,23,27,32,36,42,46,51,56,61,65,70,75,80,84,90,94,99,103,108,113,117,123,127,132,136,142,146,151,155,161,165,170,175,180,184,189,194,198,203,208,213,217,222,227,232,236,242,246,251,255,261,265,270,274,279,284,288,294,298,303,307,313,317,322,327,332,336,341,346,351,355,360,365,369,374,379,384,388,393,398,403,407,413,417,422,426,432,436,441,446,450,455,459,465,469,474,479
529,9,13,18,23,27,32,37,42,46,51,56,61,65,71,75,80,84,90,94,99,104,108,113,117,123,127,132,137,142,146,151,156,161,165,171,175,180,185,189,194,198,204,208,213,218,223,227,232,237,242,246,252,256,261,265,270,275,279,285,289,294,298,304,308,313,318,323,327,333,337,342,346,351,356,360,366,370,375,379,385,389,394,399,404,408,413,418,423,427,432,437,441,446,451,456,460,466,470,475,480
530,9,13,18,23,27,32,37,42,46,52,56,61,65,71,75,80,85,90,94,99,104,108,113,118,123,127,133,137,142,147,152,156,161,166,171,175,180,185,189,195,199,204,208,214,218,223,228,233,237,243,247,252,256,261,266,270,276,280,285,290,295,299,304,309,314,318,324,328,333,338,342,347,351,357,361,366,371,376,380,386,390,395,399,405,409,414,419,423,428,433,438,442,447,452,457,461,467,471,476,481
531,9,13,18,23,27,32,37,42,46,52,56,61,66,71,75,80,85,90,94,99,104,108,114,118,123,128,133,137,142,147,152,156,162,166,171,176,180,185,190,195,199,205,209,214,218,224,228,233,238,243,247,252,257,261,267,271,276,280,286,290,295,300,305,309,315,319,324,329,333,338,343,348,352,357,362,367,371,377,381,386,391,396,400,405,410,414,419,424,429,433,439,443,448,453,458,462,468,472,477,482
532,9,13,18,23,27,32,37,42,46,52,56,61,66,71,75,81,85,90,95,99,104,109,114,118,124,128,133,137,143,147,152,157,162,166,171,176,180,186,190,195,200,205,209,215,219,224,229,234,238,243,248,252,257,262,267,271,277,281,286,291,296,300,306,310,315,320,324,329,334,339,343,349,353,358,363,368,372,377,382,387,391,396,401,405,411,415,420,425,430,434,440,444,449,454,459,463,468,473,477,483
533,9,13,18,23,27,32,37,42,46,52,56,61,66,71,75,81,85,90,95,99,104,109,114,118,124,128,133,138,143,147,153,157,162,167,171,176,181,186,190,196,200,205,210,215,219,225,229,234,239,243,248,253,258,262,268,272,277,282,287,291,297,301,306,311,315,320,325,330,334,340,344,349,354,359,363,369,373,378,383,387,392,397,402,406,412,416,421,426,431,435,441,445,450,455,459,464,469,474,478,484
534,9,13,18,23,27,33,37,42,47,52,56,62,66,71,76,81,85,90,95,99,105,109,114,119,124,128,134,138,143,148,153,157,162,167,171,177,181,186,191,196,200,206,210,215,220,225,229,234,239,244,249,253,259,263,268,273,278,282,288,292,297,302,306,311,316,321,325,331,335,340,345,350,354,360,364,369,374,378,383,388,393,397,403,407,412,417,422,426,432,436,441,446,450,455,460,465,469,475,479,485
535,9,13,18,23,27,33,37,42,47,52,56,62,66,71,76,81,85,90,95,100,105,109,115,119,124,129,134,138,144,148,153,158,162,167,172,177,181,187,191,197,201,206,211,216,220,225,230,234,240,244,249,254,259,263,269,273,278,283,288,293,297,302,307,312,316,322,326,331,336,341,345,351,355,360,365,369,374,379,384,389,394,398,404,408,413,418,423,427,432,437,441,447,451,456,461,466,470,476,480,486
536,9,13,18,23,27,33,37,42,47,52,56,62,66,72,76,81,86,90,95,100,105,109,115,119,125,129,134,139,144,148,153,158,162,168,172,177,182,187,192,197,201,207,211,216,221,225,230,235,240,245,250,254,260,264,269,274,279,283,288,293,297,303,307,313,317,322,327,332,336,342,346,351,356,360,366,370,375,380,385,389,395,399,404,409,414,418,423,428,433,438,442,448,452,457,462,467,471,477,481,486
537,9,13,18,23,27,33,37,42,47,52,57,62,66,72,76,81,86,90,96,100,105,110,115,119,125,129,134,139,144,149,153,158,163,168,172,178,182,188,192,197,202,207,211,216,221,226,231,235,241,245,250,255,260,264,270,274,279,284,288,294,298,303,308,313,318,323,327,333,337,342,347,351,357,361,366,371,376,380,386,390,395,400,405,410,414,419,424,429,433,439,443,449,453,458,463,468,472,477,482,487
538,9,13,18,23,27,33,37,43,47,52,57,62,66,72,76,81,86,90,96,100,105,110,115,120,125,129,135,139,144,149,153,159,163,168,173,178,183,188,192,198,202,207,212,216,222,226,231,236,241,246,251,255,261,265,270,275,279,285,289,294,299,304,308,314,318,324,328,333,338,342,347,352,357,362,367,371,377,381,387,391,396,401,405,410,415,420,425,430,434,440,444,449,454,459,464,468,473,478,483,488
539,9,13,18,23,27,33,37,43,47,52,57,62,67,72,76,81,86,91,96,100,106,110,115,120,125,130,135,139,144,149,154,159,163,169,173,179,183,188,193,198,202,207,212,217,222,226,232,236,242,246,251,256,261,266,270,275,280,285,290,295,299,305,309,314,319,324,329,333,338,343,348,353,358,362,368,372,378,382,387,392,396,401,406,411,416,421,425,431,435,441,445,450,455,459,465,469,474,479,484,489
540,9,13,18,23,28,33,37,43,47,53,57,62,67,72,77,81,86,91,96,101,106,110,116,120,126,130,135,140,144,150,154,159,164,169,174,179,183,189,193,198,203,207,213,217,223,227,232,237,242,247,252,256,261,266,271,276,280,286,290,296,300,305,310,315,320,324,329,334,339,344,349,353,359,363,369,373,378,383,387,393,397,402,407,412,417,422,426,432,436,441,446,450,456,460,466,470,475,480,485,490
541,9,13,18,23,28,33,37,43,47,53,57,62,67,72,77,81,86,91,96,101,106,111,116,120,126,130,135,140,144,150,154,160,164,169,174,179,184,189,193,198,203,208,213,218,223,227,233,237,243,247,252,257,261,267,271,276,281,286,291,296,301,306,310,315,320,325,330,334,340,344,350,354,359,364,369,374,378,383,388,393,398,403,408,413,417,423,427,432,437,441,447,451,457,461,466,471,476,481,486,491